tree
version=v4
num_class=1
num_tree_per_iteration=1
label_index=0
max_feature_idx=56
objective=binary sigmoid:1
feature_names=cgm_now cgm_mean_30 cgm_min_120 cgm_max_120 cgm_std_120 cgm_slope_15 cgm_slope_30 cgm_slope_60 cgm_accel cgm_tar_120 meal_mins_since meal_carbs_60 meal_carbs_180 meal_cob act_steps_30 act_steps_60 act_steps_120 act_steps_today hr_mean_30 hr_vs_rest hr_hrv_60 hr_hrv_night_z slp_hours slp_deep_frac slp_rem_frac time_sin time_cos twin_gb twin_k twin_cs twin_tpk twin_beta_sleep twin_walk_effect twin_peak_2h twin_end_2h twin_peak_habit_2h twin_p_meal_2h ehr_age ehr_bmi ehr_waist_cm ehr_years_since_diagnosis ehr_family_history_t2d ehr_tcf7l2_risk_alleles ehr_hypertension ehr_dyslipidemia ehr_hba1c_pct ehr_fasting_glucose_mgdl ehr_ldl_mgdl ehr_triglycerides_mgdl ehr_egfr ehr_systolic_bp ehr_med_metformin ehr_med_sulfonylurea ehr_med_insulin ehr_med_dpp4 ehr_sex_male ehr_diet_rice
feature_infos=[62:179] [65.285714285714292:199.14285714285717] [61:179] [78:320] [2.0800000000000001:43.298147766388347] [-2.0666666666666669:3.1333333333333333] [-1.3999999999999999:2.4333333333333331] [-1.0333333333333334:1.6333333333333333] [-2.7333333333333334:3.333333333333333] [0:0.95999999999999996] [0:300] [0:221] [0:230] [0:215.12234042553192] [0:4983] [0:5350] [0:6037] [0:21841] [46.714285714285722:101.28571428571428] [-8:30.571428571428569] [19.861538461538466:73.538461538461533] [-2.8592407053802078:2.0053216863688674] [3.583333333333333:8.8333333333333339] [0.080645161290322495:0.379746835443038] [0.16:0.22222222222222221] [-1:1] [-1:1] [97:251] [0.0023600000000000001:0.010749999999999999] [0.73299999999999998:1.8320000000000001] [70.799999999999997:93.200000000000003] [0:0.23499999999999999] [0:0.317] [82.084652192726054:438.23561139968092] [82.084652192726054:420.65196407572688] [82.754959572114359:438.49299422373798] [0.0029924999999999002:0.60697500000000004] [28:66] [19:38.600000000000001] [69.400000000000006:122.8] [0.59999999999999998:17.5] [0:1] [0:2] [0:1] [0:1] [5.7000000000000002:8.6999999999999993] [95:180] [55:201] [66:283] [47:120] [100:161] [0:1] [0:1] none [0:1] [0:1] [0:1]
tree_sizes=3359 3457 3446 3425 3461 3454 3459 3451 3462 3446 3460 3460 3471 3463 3449 3467 3459 3464 3461 3454 3460 3455 3469 3459 3459 3459 3462 3464 3475 3460 3440 3471 3455 3448 3472 3480 3459 3464 3478 3481 3482 3467 3481 3465 3468 3464 3484 3477 3472 3469 3468 3489 3461 3471 3481 3490 3475 3469 3483 3480 3480 3481 3477 3475 3441 3472 3483 3474 3445 3476 3465 3472 3466 3480 3473 3477 3488 3466 3478 3493 3487 3472 3476 3486 3487 3470 3492 3484 3482 3450 3469 3474 3478 3492 3473 3453 3458 3504 3497 3479 3493 3473 3490 3478 3483 3493 3494 3503 3484 3468 3467 3491 3490 3491 3494 3487 3487 3462 3488 3465 3493 3475 3487 3466 3491 3461 3504 3496 3487 3499 3497 3478 3482 3473 3451 3482 3492 3489 3464 3472 3487 3483 3483 3486 3513 3491 3478 3504 3478 3469 3486 3492 3522 3494 3485 3497 3487 3458 3472 3485 3470 3479 3510 3472 3485 3500 3487 3469 3516 3469 3459 3482 3481 3495 3458 3467 3465 3459 3470 3490 3481 3461 3457 3486 3480 3460 3472 3490 3473 3459 3471 3496 3449 3454 3487 3461 3488 3489 3469 3486 3482 3458 3485 3463 3480 3469 3486 3495 3466 3448 3457 3468 3486 3477 3461 3474 3470 3455 3458 3498 3479 3466 3474 3452 3454 3469 3474 3460 3457 3446 3466 3454 3462 3481 3460 3454 3448 3443

Tree=0
num_leaves=31
num_cat=0
split_feature=35 36 35 35 14 25 25 27 26 12 25 27 29 35 33 26 35 35 20 29 26 13 26 26 25 38 31 20 1 25
split_gain=7929.86 1180.48 857.069 381.306 287.775 243.827 309.069 234.275 167.016 135.466 139.103 111.501 105.123 97.285 95.3875 83.8496 78.1608 73.8804 62.8878 61.152 76.3546 55.6706 78.4325 138.413 57.1111 55.4982 55.4279 48.606 47.5363 41.7302
threshold=176.00243257452425 0.19053375000000003 145.00051595341924 186.49195265082093 143.50000000000003 -0.84874750804349186 0.95642797789208711 135.00000000000003 0.29012925520284133 16.500000000000004 -0.13052619222005143 145.50000000000003 0.89050000000000018 165.49368226849415 197.5328690895544 0.41248606129204557 174.00028419661984 133.00071365887683 34.942307692307701 1.0350000000000001 0.41248606129204557 0.44300144300144412 -0.25881904510252063 -0.88144907265856332 0.097964660725097311 23.100000000000005 0.060500000000000005 46.123076923076937 159.92857142857147 -0.8814490726585632
decision_type=2 2 2 2 2 2 2 2 2 2 2 2 2 2 2 2 2 2 2 2 2 2 2 2 2 2 2 2 2 2
left_child=1 4 17 27 16 15 9 13 21 10 12 -12 -7 19 -5 -4 -1 -3 -10 -6 -21 22 23 24 -9 -14 -22 -2 -25 -19
right_child=3 2 5 14 7 6 -8 8 18 -11 11 -13 25 -15 -16 -17 -18 29 -20 20 26 -23 -24 28 -26 -27 -28 -29 -30 -31
leaf_value=-1.1177714864851396 -1.0194051003629565 -1.1124170665081223 -1.0929843535106858 -0.99386426810652451 -1.1165232797947564 -1.0483219351369994 -1.0871122170570904 -1.050879776603155 -0.99944606702438243 -1.1013212460275963 -1.0550031232654657 -1.0089898707628777 -1.0617114902595535 -1.0821677891897827 -0.96610851687498744 -1.0452180623181482 -1.0737453347306327 -1.1115690106026814 -1.0603947235699851 -1.1031374431080399 -1.0041323764707495 -1.1011351185768157 -1.097067806040855 -1.0130100714350736 -1.1100834399303594 -0.99116306768464169 -1.1020160326527526 -1.0507214696559073 -1.0754955365829919 -1.0820658094441269
leaf_weight=1542.5206623971462 321.7527762055397 324.4025049507618 162.01198613643646 368.69082826375961 523.69995985925198 51.101911514997482 126.42991441488266 20.440764605998993 24.983156740665436 25.361689418554306 214.06022934615612 60.754494801163673 11.545246675610541 118.48072817921638 183.7776151150465 40.502996534109116 36.906936094164848 57.726233378052711 38.988865822553635 131.91863824427128 12.302312031388285 160.87638810276985 105.79988346993923 43.152725279331207 45.802454024553299 123.969452008605 7.9491862356662741 55.07650463283062 14.762774437665938 163.33685050904751
leaf_count=8150 1700 1714 856 1948 2767 270 668 108 132 134 1131 321 61 626 971 214 195 305 206 697 65 850 559 228 242 655 42 291 78 863
internal_value=-1.0796 -1.09719 -1.07423 -1.00036 -1.10823 -1.05478 -1.04537 -1.09745 -1.08027 -1.03453 -1.03082 -1.04461 -1.01081 -1.10727 -0.984443 -1.08331 -1.11674 -1.10332 -1.03572 -1.11166 -1.09478 -1.08766 -1.07818 -1.06207 -1.09166 -0.996997 -1.04179 -1.02389 -1.0286 -1.08988
internal_weight=5119.09 4189.79 1361.2 929.298 2828.59 815.738 613.223 1249.16 454.807 486.793 461.431 274.815 186.617 794.351 552.468 202.515 1579.43 545.466 63.972 675.87 152.17 390.835 229.959 124.159 66.2432 135.515 20.2515 376.829 57.9155 221.063
internal_count=27047 22137 7192 4910 14945 4310 3240 6600 2403 2572 2438 1452 986 4197 2919 1070 8345 2882 338 3571 804 2065 1215 656 350 716 107 1991 306 1168
is_linear=0
shrinkage=1


Tree=1
num_leaves=31
num_cat=0
split_feature=35 36 35 35 25 25 14 38 26 13 25 6 46 25 35 45 35 35 13 38 26 20 25 20 26 25 35 49 35 5
split_gain=7317.39 1122.57 821.43 387.356 267.131 278.609 263.927 180.477 196.63 164.443 126.201 108.813 108.075 88.9186 86.6291 83.9157 65.6569 64.7267 63.3168 56.6219 51.4022 66.0075 49.5857 47.7345 43.1311 42.9945 47.9334 42.5157 41.2498 34.9531
threshold=176.00243257452425 0.19053375000000003 140.00212829430626 185.0760140053462 -0.8814490726585632 0.95642797789208711 101.50000000000001 27.050000000000001 0.38268343236508995 3.5846606223964712 -0.065403129230143187 0.91666666666666674 96.000000000000014 0.68322629814330826 208.70105001094154 6.9500000000000011 173.85315932902691 157.00109140858837 5.6000000000000032 35.45000000000001 0.29012925520284133 35.434615384615391 -0.81241147629688981 44.642307692307696 0.47114434510950071 0.68322629814330826 172.51009944370512 83.500000000000014 165.49368226849415 0.63333333333333341
decision_type=2 2 2 2 2 2 2 2 2 2 2 2 2 2 2 2 2 2 2 2 2 2 2 2 2 2 2 2 2 2
left_child=1 6 -3 23 -4 9 16 15 11 10 12 25 -6 -12 19 28 -1 -15 -10 29 -17 -22 24 -2 -14 26 -9 -27 -8 -5
right_child=3 2 4 14 5 -7 7 8 18 -11 13 -13 22 17 -16 20 -18 -19 -20 -21 21 -23 -24 -25 -26 27 -28 -29 -30 -31
leaf_value=-0.03778565386936273 0.054104296363031046 -0.028554456683981374 -0.011387503162706957 0.074735860052584147 0.0023572911173824953 -0.0091122256695547084 -0.037209421791138411 -0.021602160739618868 0.066823261440443121 -0.017322620845208313 0.0023362669906068522 0.082196399721378932 -0.025678694105613051 0.017810555770324945 0.1024111090752949 -0.019659209390192219 -0.0016781889344545952 0.053824226163879732 -0.004201335629120677 0.017023521907858108 0.059991334444485574 -0.011317551028137541 0.070241873993704407 0.025785740872763297 0.047594969913421395 0.043299599899734136 0.016903043134129787 -0.010731075068636461 -0.0078838706697215728 0.098904398447513808
leaf_weight=1500.4532253742218 280.37810374796391 445.81115964055061 182.35085371136665 269.51050347089767 29.420520216226578 138.64100301265717 437.10566321015358 272.79546843469143 42.917898342013359 44.155953988432884 84.814079433679581 10.100386768579481 7.9553755223751059 76.954001754522324 250.38415466248989 286.94737412035465 46.832965046167374 111.81962957978249 15.055523931980131 13.630532026290892 16.678178668022156 33.732963815331459 195.4385032504797 69.700138345360756 43.969842627644539 21.354892641305923 31.815514534711838 30.956334799528122 48.573379129171371 84.545090332627296
leaf_count=8080 1439 2387 969 1368 154 735 2351 1452 222 234 443 53 42 402 1259 1530 248 578 79 69 86 179 1003 362 227 112 169 164 257 428
internal_value=-0.000233342 -0.0175373 0.00480103 0.0740011 0.0210569 0.0291308 -0.028414 -0.0181268 -0.00224219 0.0380493 0.0425151 -0.0103864 0.0568077 0.0279012 0.0883118 -0.0263166 -0.0366945 0.0393144 0.0486199 0.0784588 -0.0147576 0.0129825 0.0632483 0.0485556 0.0360958 -0.0132287 -0.0175383 0.0117242 -0.0342988 0.0807694
internal_weight=5124.8 4156.65 1361.33 968.149 915.52 733.169 2795.32 1248.03 424.996 594.528 550.372 367.023 276.784 273.588 618.07 823.038 1547.29 188.774 57.9734 367.686 337.359 50.4111 247.364 350.078 51.9252 356.922 304.611 52.3112 485.679 354.056
internal_count=27081 22156 7174 4925 4787 3818 14982 6654 2251 3083 2849 1950 1426 1423 3124 4403 8328 980 301 1865 1795 265 1272 1801 269 1897 1621 276 2608 1796
is_linear=0
shrinkage=0.03


Tree=2
num_leaves=31
num_cat=0
split_feature=35 36 35 35 26 26 10 35 25 25 25 29 29 14 26 27 29 27 26 26 10 20 6 29 7 25 33 25 18 22
split_gain=6727.96 1094.05 738.441 322.325 291.77 264.099 327.999 223.794 142.577 170.933 125.455 118.85 107.574 107.318 91.6285 84.7471 80.2353 76.6014 73.5547 72.5345 56.5815 53.4914 53.3773 46.8133 46.686 42.6793 41.8986 41.848 41.7403 41.0267
threshold=176.00243257452425 0.10100874999999991 145.00051595341924 189.72827743081419 0.41248606129204557 -0.25881904510252063 212.50000000000003 172.0032004779861 -0.68322629814330804 -0.065403129230143187 0.68322629814330826 0.89050000000000018 1.0450000000000002 158.50000000000003 0.47114434510950071 145.50000000000003 0.85450000000000015 137.00000000000003 0.25881904510252091 -0.38268343236508956 152.50000000000003 45.480769230769241 0.48333333333333339 1.8050000000000004 -0.058333333333333293 0.93540483100319627 189.68797671968693 -0.93540483100319605 71.928571428571445 5.791666666666667
decision_type=2 2 2 2 2 2 2 2 2 2 2 2 2 2 2 2 2 2 2 2 2 2 2 2 2 2 2 2 2 2
left_child=1 7 12 21 5 6 -4 13 -8 11 -11 -10 29 -1 19 28 -6 -15 -19 -14 -18 24 -9 26 27 -17 -5 -2 -12 -3
right_child=3 2 4 23 16 -7 8 22 9 10 15 -13 14 17 -16 25 20 18 -20 -21 -22 -23 -24 -25 -26 -27 -28 -29 -30 -31
leaf_value=-0.03816695539542321 0.016395170232401179 -0.015705638619052185 -0.019502187845182321 0.078200743703547737 0.01155421373630559 -0.014774340793245447 -0.01726983025780687 -0.0012056848253225543 0.016923947321316534 -0.0034846570566076369 0.0084503634756099531 0.081019369375255085 0.01824556174876776 -0.030210782030489675 0.066545942065545496 0.0778566614787366 -0.0033524276270286706 -0.016107552429141365 0.032940345331960122 -0.025054832296323448 0.06570440568274967 0.026751336901889803 0.050765469360269447 0.033049320591154896 0.067458803641321813 0.026607057079400417 0.096875733172493331 0.051911323208305687 0.040674567050816228 -0.033324524487523662
leaf_weight=1388.0970921367407 37.034511134028435 166.79447610676289 150.81663171947002 269.23454509675503 39.351082518696785 297.85089462995529 49.528550043702126 110.5291461199522 35.998088836669922 102.00688424706459 79.846417248249054 99.374708995223045 55.726974993944168 515.56451225280762 15.313344046473501 51.150478005409241 11.504710108041762 187.06236262619495 31.279915794730186 89.403113335371017 132.40566927194595 70.496186405420303 20.186871290206909 16.338601157069206 176.04533509910107 22.308742210268974 249.361945733428 183.4236191958189 66.18741549551487 440.19455601274967
leaf_count=7621 185 903 808 1316 203 1597 264 589 184 537 413 494 296 2803 79 256 61 1002 161 483 664 360 106 80 877 115 1200 915 341 2389
internal_value=6.18053e-05 -0.0167554 -2.38425e-05 0.0698078 0.0153045 0.0086262 0.0192377 -0.0309037 0.0307909 0.0360274 0.0239922 0.0642243 -0.0227507 -0.0332497 -0.000894632 0.0367197 0.0498728 -0.0239101 -0.00896276 -0.00841729 0.0601987 0.0513956 0.00714486 0.0857558 0.0556989 0.0628591 0.0873496 0.046046 0.0232328 -0.0285168
internal_weight=5160.42 4158.48 1905.76 1001.93 1138.33 955.069 657.218 2252.72 506.401 456.873 321.5 135.373 767.432 2122 160.443 219.493 183.261 733.907 218.342 145.13 143.91 467 130.716 534.935 396.503 73.4592 518.596 220.458 146.034 606.989
internal_count=27302 22369 10087 4933 5937 5009 3412 12282 2604 2340 1662 678 4150 11587 858 1125 928 3966 1163 779 725 2337 695 2596 1977 371 2516 1100 754 3292
is_linear=0
shrinkage=0.03


Tree=3
num_leaves=31
num_cat=0
split_feature=35 36 35 35 26 26 10 35 1 35 35 35 15 27 13 10 20 26 3 26 1 18 5 20 1 38 26 13 1 22
split_gain=6165.08 1040.5 712.671 403.121 249.515 211.438 270.229 140.848 97.2195 92.1092 83.3674 74.8831 65.7036 74.6814 61.3551 53.7877 50.5974 51.794 49.941 49.8617 49.4892 42.2588 38.3383 37.9685 34.6848 37.3907 34.1638 32.9743 31.492 30.7361
threshold=175.00499586959049 0.10100874999999991 145.00051595341924 182.25148274953824 0.41248606129204557 -0.25881904510252063 212.50000000000003 167.44546927535251 155.6428571428572 200.96495963958247 157.00109140858837 133.00071365887683 268.50000000000006 137.00000000000003 9.3820865662764632 270.00000000000006 43.853846153846163 -0.98611507088852035 185.50000000000003 0.68322629814330826 163.78571428571431 72.928571428571445 0.50000000000000011 43.95000000000001 114.35714285714288 35.45000000000001 -0.47114434510950048 8.7178005990586254 145.35714285714286 8.0416666666666696
decision_type=2 2 2 2 2 2 2 2 2 2 2 2 2 2 2 2 2 2 2 2 2 2 2 2 2 2 2 2 2 2
left_child=1 7 11 18 5 6 -4 12 10 24 28 -3 -1 -14 21 -15 17 -12 -2 -13 23 -6 -17 27 -5 -26 -19 -9 -8 -23
right_child=3 2 4 9 14 -7 8 20 -10 -11 16 19 13 15 -16 22 -18 26 -20 -21 -22 29 -24 -25 25 -27 -28 -29 -30 -31
leaf_value=-0.038262181854638026 0.04719407922825733 -0.03128574703579487 -0.018270717612157268 0.0117482223717916 0.037369470000052855 -0.013358363616682415 0.023709268180161381 0.070593656130676349 -0.00030958535620860425 0.086561348442964689 0.020631296019263373 -0.015248666987155502 -0.032707512779762943 -0.026460709162006758 -0.013460687707373027 -0.002073812928735627 0.017316016367871483 0.071775849296911207 0.024650374248025228 0.033272002342915843 -0.018036328881956911 0.075224725115512134 0.051600955205787349 -0.029031220993053615 0.067892090149736961 0.0091703165558888206 0.041051199181131703 0.011788383562945539 -0.010883661003104844 0.011805468090345949
leaf_weight=1271.3604469746351 193.61363455653191 447.12904165685177 146.30788649618626 11.324645295739172 98.13404093682766 290.35565562546253 140.79119251668453 10.161456137895582 89.30257473886013 361.48137857019901 38.189839363098145 298.25369927287102 477.77782067656517 89.706534430384636 14.06149412691593 79.07633313536644 46.8967065513134 94.115413159132004 170.23726992309093 19.429939568042755 174.49708992242813 64.492046803236008 13.100213229656218 14.347907826304434 350.34782509505749 10.385012999176977 57.996135786175728 39.676339775323868 27.821934878826141 8.1449307948350889
leaf_count=7122 957 2471 792 54 487 1569 716 53 471 1686 196 1614 2645 484 75 422 238 459 853 101 950 314 68 79 1677 51 290 211 146 40
internal_value=-0.000326863 -0.0174152 -0.00108566 0.062715 0.0141909 0.00785121 0.0174581 -0.0315681 0.0280317 0.0755301 0.0342538 -0.0233785 -0.0342551 -0.026486 0.0459361 -0.0100536 0.0457047 0.0525735 0.0367429 -0.012186 -0.00977732 0.0508768 0.00602642 0.0126081 0.0646092 0.0662316 0.060406 0.024931 0.0179708 0.0683703
internal_weight=5148.52 4051.13 1881.42 1097.39 1116.61 931.777 641.422 2169.7 495.114 733.539 405.811 764.813 1931.02 659.661 184.833 181.883 237.198 190.301 363.851 317.684 238.683 170.771 92.1765 64.1857 372.057 360.733 152.112 49.8378 168.613 72.637
internal_count=27291 22013 9979 5278 5793 4877 3308 12034 2516 3468 2045 4186 10741 3619 916 974 1183 945 1810 1715 1293 841 490 343 1782 1728 749 264 862 354
is_linear=0
shrinkage=0.03


Tree=4
num_leaves=31
num_cat=0
split_feature=34 36 27 0 26 26 15 16 10 27 26 27 34 26 6 27 49 34 18 26 22 0 26 5 16 0 38 26 34 26
split_gain=2906.76 2081.11 975.184 431.01 283.666 460.249 279.252 188.766 182.761 176.771 154.562 142.287 142.171 129.004 94.2263 67.8614 67.1682 65.2719 64.7687 57.1141 56.6114 55.4889 52.4434 50.9731 50.6894 44.0557 43.6693 52.8413 42.3099 41.9055
threshold=169.7375299555417 0.19053375000000003 115.50000000000001 171.50000000000003 0.52778511650980109 -0.38268343236508956 268.50000000000006 1.0000000180025095e-35 227.50000000000003 135.00000000000003 0.38268343236508995 140.50000000000003 152.58456340111817 0.38268343236508995 0.55000000000000016 105.50000000000001 82.500000000000014 185.48626361132619 69.214285714285737 -0.97335555334614932 5.541666666666667 171.50000000000003 0.93540483100319627 0.50000000000000011 2610.5000000000005 126.50000000000001 27.850000000000005 0.41248606129204557 158.83387073592473 -0.16280825711808972
decision_type=2 2 2 2 2 2 2 2 2 2 2 2 2 2 2 2 2 2 2 2 2 2 2 2 2 2 2 2 2 2
left_child=1 3 15 6 5 8 -1 21 19 12 23 18 26 16 -5 -3 29 25 -10 -4 -17 -2 -12 -11 -6 -9 -8 -28 -18 -7
right_child=7 2 4 14 24 13 9 17 11 10 22 -13 -14 -15 -16 20 28 -19 -20 -21 -22 -23 -24 -25 -26 -27 27 -29 -30 -31
leaf_value=-0.036762637425526858 -0.00282536764336373 -0.031733398245399794 0.021886065529692224 0.0096381835266879257 0.066158230448299327 0.027830538087256548 -0.032395251094755252 0.010266890829494252 0.012711695345782826 -0.013303747185442985 0.054046034026404254 0.062654565536098078 0.015404805576246612 0.031238196890335079 0.071033588501588363 0.017738075887731561 -0.017202458676440571 0.083316153438112009 0.042671944617099507 -0.024015743689602621 -0.018774496300299134 0.045753955147489263 -0.023729942540711722 0.019094910963815832 -0.0057112440691641127 0.063560982716682174 -0.017842153475153173 0.054146946476740537 0.029061062425502129 -0.0073442796795364597
leaf_weight=1394.4429809302092 38.333539873361588 257.3969628661871 57.273471862077713 181.75639779865742 188.41516768932343 69.59288401901722 609.17586013674736 15.577421352267264 101.41816429793835 309.73834218084812 51.690503597259521 271.86727719008923 68.845037221908569 107.67665719985962 24.759199619293213 54.234194561839104 252.83414655923843 257.97309830784798 185.31341871619225 40.975450813770294 123.50318220257759 45.938147857785225 8.5717988014221174 49.956694424152374 9.1044935733079893 181.49454833567142 73.501209661364555 9.4861195534467679 18.237749695777893 53.048445120453835
leaf_count=7958 196 1435 288 940 896 361 3416 74 514 1674 256 1292 354 532 120 284 1351 1162 917 220 677 226 45 261 44 850 407 48 91 281
internal_value=-0.000319122 -0.00809271 0.0171255 -0.0243275 0.0296624 0.0239563 -0.0276714 0.0654854 0.0404591 -0.0169148 -0.00128373 0.0470849 -0.0255277 0.00229911 0.0173057 -0.0219142 -0.00567453 0.0731208 0.0321559 0.00269328 -0.00759626 0.0238822 0.0427763 -0.00876356 0.0628334 0.0594215 -0.0296154 -0.00906649 -0.0139945 0.0126793
internal_weight=5112.13 4572.82 1790.89 2781.92 1355.76 1158.24 2575.41 539.317 656.848 1180.97 419.957 558.599 761.008 501.39 206.516 435.134 393.713 455.045 286.732 98.2489 177.737 84.2717 60.2623 359.695 197.52 197.072 692.163 82.9873 271.072 122.641
internal_count=27170 24662 9183 15479 6787 5847 14419 2508 3231 6461 2236 2723 4225 2616 1060 2396 2084 2086 1431 508 961 422 301 1935 940 924 3871 455 1442 642
is_linear=0
shrinkage=0.03


Tree=5
num_leaves=31
num_cat=0
split_feature=34 36 27 25 25 15 15 34 25 6 27 34 27 34 12 0 27 0 0 22 27 10 25 27 25 36 6 27 22 46
split_gain=2717.9 1985.95 903.745 346.995 548.423 322.88 305.192 202.584 152.083 119.778 117.023 115.309 111.491 96.753 81.848 81.6643 72.3657 64.3981 60.626 59.2676 55.0593 54.4428 91.1224 44.6378 43.5989 43.4958 48.0187 41.1004 48.4884 53.5011
threshold=164.48528355239873 0.19053375000000003 115.50000000000001 -0.8814490726585632 1.0000000180025095e-35 268.50000000000006 1.0000000180025095e-35 142.57488800262959 0.97335555334614954 0.68333333333333346 140.50000000000003 174.03097588547146 135.00000000000003 173.21538938241244 35.500000000000007 174.50000000000003 105.50000000000001 162.50000000000003 171.50000000000003 4.9583333333333348 135.00000000000003 270.00000000000006 -0.95642797789208678 153.00000000000003 -0.16280825711808972 0.24872499999999995 0.41666666666666669 140.50000000000003 5.6250000000000009 127.50000000000001
decision_type=2 2 2 2 2 2 2 2 2 2 2 2 2 2 2 2 2 2 2 2 2 2 2 2 2 2 2 2 2 2
left_child=1 5 16 20 14 15 13 12 10 18 -6 25 -7 -2 27 -1 -3 -11 23 -18 -4 -14 -23 -9 -24 26 -8 28 -5 -30
right_child=6 2 3 4 8 7 11 9 -10 17 -12 -13 21 -15 -16 -17 19 -19 -20 -21 -22 22 24 -25 -26 -27 -28 -29 29 -31
leaf_value=-0.03645888122335212 -0.015242307939058395 -0.031894545720199688 -0.023619750078392392 0.069232703345291011 0.006480367904034715 -0.029799103002221508 0.020620779170412076 -0.016195334166655459 -0.01685854226094672 0.0091334410642384713 0.037733284993414475 0.072544039648959377 -0.022780340719600171 0.036600390606331287 -0.0024489727281164701 0.0082906262876546802 0.02421957291814944 0.065989213388908591 0.017004097741847999 -0.016427700000992047 0.0063002610111294781 -0.027305849305881091 0.067647480979011229 0.011281897353866166 0.012098201187348957 0.066783649338554574 0.058296854181143859 0.067985521301552027 0.048675251059676149 0.0064500438082894353
leaf_weight=1368.8639227747917 60.763865366578102 257.14642821252346 89.869787335395813 88.017603769898415 219.37808263301849 599.13561660051346 88.11718188226223 285.96196992695332 114.70257930457592 38.514777407050133 212.01651555299759 396.64613319933414 51.499645367264748 67.384829521179199 20.514202311635017 37.368701547384262 41.070123612880707 33.171311691403389 84.915646284818649 138.35363180935383 140.8412394374609 26.95277900993824 24.852090433239937 64.569610565900803 26.074904680252075 52.414200246334076 47.144529551267624 239.2406247407198 167.82088206708431 32.545861035585403
leaf_count=7969 333 1459 485 418 1126 3403 434 1560 621 203 1015 1762 282 326 108 189 212 162 434 761 734 148 123 339 137 238 221 1100 799 159
internal_value=-0.000189028 -0.00898809 0.0156797 0.0280098 0.0350539 -0.0254355 0.0541296 -0.0142298 0.0137368 0.000332721 0.0218919 0.0633128 -0.0243536 0.0120906 0.0562278 -0.0352647 -0.0217195 0.0359882 -0.00560612 -0.00704086 -0.00540624 0.000898549 0.016647 -0.0111162 0.0399866 0.0435219 0.034084 0.0585095 0.0504405 0.0418826
internal_weight=5115.87 4403.4 1761.52 1324.95 1094.24 2641.88 712.471 1235.65 546.097 507.133 431.395 584.322 728.515 128.149 548.139 1406.23 436.57 71.6861 435.447 179.424 230.711 129.379 77.8798 350.532 50.927 187.676 135.262 527.625 288.384 200.367
internal_count=27260 23946 8997 6565 5346 14949 3314 6791 2762 2698 2141 2655 4093 659 2584 8158 2432 365 2333 973 1219 690 408 1899 260 893 655 2476 1376 958
is_linear=0
shrinkage=0.03


Tree=6
num_leaves=31
num_cat=0
split_feature=35 14 35 13 35 25 25 25 38 38 25 25 25 35 26 26 26 26 38 21 35 38 33 26 45 20 18 39 45 26
split_gain=4999.1 880.172 542.115 528.413 264.84 254.161 210.047 203.567 117.712 89.3485 85.335 77.7269 76.8999 71.1799 66.0238 64.5048 60.4014 55.3344 55.0852 52.6653 44.7803 48.5806 36.6873 36.5515 36.1508 34.5303 34.4609 34.0961 33.5738 31.8042
threshold=175.00499586959049 78.500000000000014 140.00212829430626 3.2505472777346247 185.0760140053462 -0.91037613702198728 -0.065403129230143187 0.63405362205439475 23.950000000000006 27.850000000000005 0.097964660725097311 0.95642797789208711 -0.77259657388510627 167.00010064154569 0.41248606129204557 0.88144907265856365 0.41248606129204557 -0.065403129230143228 24.850000000000005 0.42601534440526129 210.7355997599177 35.45000000000001 167.00063034666991 -0.38268343236508956 7.0500000000000007 47.657692307692322 72.357142857142875 106.75000000000001 7.0500000000000007 -0.98611507088852035
decision_type=2 2 2 2 2 2 2 2 2 2 2 2 2 2 2 2 2 2 2 2 2 2 2 2 2 2 2 2 2 2
left_child=1 17 9 5 25 27 8 10 24 28 -8 18 16 -5 23 -14 -10 -1 -9 -20 21 29 -19 26 -7 -2 -11 -4 -3 -6
right_child=4 2 3 13 20 6 7 11 12 14 -12 -13 15 -15 -16 -17 -18 22 19 -21 -22 -23 -24 -25 -26 -27 -28 -29 -30 -31
leaf_value=-0.012305342852810961 0.039703805186182856 -0.032053425688254721 -0.013917792021690502 -0.028395490813952502 0.039246920796802726 -0.0016131629858812408 0.010499090930284711 0.0056642996948676853 -0.020632104158823401 -0.015760531732985538 -0.029348353209384309 -0.0021028755349034663 0.062690479373554181 -0.0035700805619241103 0.055529328780286553 -0.002761661383710424 0.0376724238167324 -0.036910076904589514 0.055524835938834734 0.020601410375225542 0.076035527331998976 0.0031205627201675188 -0.018597316655067087 -0.030462254638785491 0.031996185984910781 0.014440045642380614 0.037680530584117272 0.046363675692385954 -0.011678202283081284 0.06481803688876546
leaf_weight=100.20700453221798 395.7598557472229 590.18795858323574 226.91603553295135 347.82345224916935 56.313491806387901 66.819364637136459 79.949366047978401 46.499006643891335 19.722958505153656 22.161611884832382 119.8796648979187 67.37849996984005 199.72415399551392 148.52053083479404 15.788364395499228 14.44418630003929 72.709130138158798 1323.9176238775253 106.17476889491081 63.69825941324234 271.77664893865585 13.34556223452091 109.76320834457874 38.664916381239891 49.505602151155472 57.232267677783966 19.558131545782089 7.8101615458726874 84.73967519402504 364.54839897155762
leaf_count=557 1873 3420 1245 1966 252 349 413 235 106 122 656 361 935 797 79 77 342 7854 509 312 1172 62 621 218 241 282 104 42 469 1617
internal_value=-0.000156229 -0.0162594 -0.00494333 0.00482462 0.0545897 0.0160601 0.0232593 0.00972239 0.0386782 -0.0256668 -0.0134329 0.0260192 0.0484072 -0.0209891 0.00137452 0.0582839 0.0251439 -0.0340143 0.0347459 0.0426266 0.0660962 0.0597147 -0.035522 -0.00981365 0.0128411 0.0365508 0.00958812 -0.0117238 -0.0295163 0.0614976
internal_weight=5101.54 3942.56 2408.68 1637.58 1158.98 1141.23 906.505 483.58 422.925 771.101 199.829 283.751 306.6 496.344 96.173 214.168 92.4321 1533.89 216.372 169.873 705.984 434.207 1433.68 80.3847 116.325 452.992 41.7197 234.726 674.928 420.862
internal_count=27288 22030 12998 8586 5258 5823 4536 2486 2050 4412 1069 1417 1460 2763 523 1012 448 9032 1056 821 3103 1931 8475 444 590 2155 226 1287 3889 1869
is_linear=0
shrinkage=0.03


Tree=7
num_leaves=31
num_cat=0
split_feature=35 14 27 12 25 25 25 35 25 25 29 22 35 27 46 35 35 29 25 35 6 16 1 38 22 2 46 23 47 17
split_gain=4764.15 889.243 627.244 321.452 339.148 268.556 243.905 169.674 115.617 106.576 101.317 87.3106 82.1957 79.1322 77.2469 54.1739 50.7326 44.7577 43.9031 42.2284 38.093 37.5344 33.8893 32.6561 30.8736 30.443 30.4274 30.4965 28.8305 26.1872
threshold=176.00243257452425 78.500000000000014 115.50000000000001 9.5000000000000018 -0.91037613702198728 1.0000000180025095e-35 0.63405362205439475 182.25148274953824 0.95642797789208711 -0.81241147629688981 0.85450000000000015 5.6250000000000009 169.00123679749944 145.50000000000003 104.50000000000001 172.0032004779861 210.7355997599177 0.97500000000000009 0.097964660725097311 165.49368226849415 0.51666666666666672 2828.5000000000005 112.21428571428572 35.45000000000001 5.541666666666667 97.500000000000014 131.50000000000003 0.21712938711367202 113.00000000000001 5581.5000000000009
decision_type=2 2 2 2 2 2 2 2 2 2 2 2 2 2 2 2 2 2 2 2 2 2 2 2 2 2 2 2 2 2
left_child=1 15 11 4 19 9 18 20 13 -6 -11 14 -5 17 28 -1 22 24 -7 -4 -2 -12 -9 -24 -8 -19 27 -15 29 -3
right_child=7 2 3 12 5 6 8 16 -10 10 21 -13 -14 26 -16 -17 -18 25 -20 -21 -22 -23 23 -25 -26 -27 -28 -29 -30 -31
leaf_value=-0.034516874134109581 0.031473059320485011 -0.018833635101419614 -0.020046812788185417 -0.026481924598561198 0.013781646244275548 0.0029189594229845585 0.028453434953208741 0.0094768557819116927 -0.0052404713154567996 0.013607504291434614 0.05936150943709969 -0.031837806792152416 0.0042604773398228473 -0.002472381572309354 0.029010557080660117 -0.0077118055502085441 0.072850547709702104 -0.0068367144801876533 -0.027464743554093646 0.006839773977989589 0.061573656494388215 -0.0024137097638664796 0.058989354478435167 0.01311700813483609 -0.014932376445044623 0.039325006528551677 0.077184676107400818 0.05790035198961388 -0.028657074651054271 0.014227717767193105
leaf_weight=1453.3389320969582 268.44653324782848 50.106273606419563 232.12923310697079 269.8740910589695 103.05388158559799 62.043750911951065 23.206284180283546 13.934233561158178 90.712705358862877 59.868611827492714 248.91246044635773 582.94512417912483 109.73285314440727 11.635721132159235 37.557571545243263 71.873439654707909 280.22170612215996 14.324727639555929 135.73485660552979 67.33446392416954 44.959591761231422 9.0977289676666242 491.52813513576984 15.050185516476629 36.847620785236359 104.97075992822647 41.771023005247116 19.938446834683418 98.857281655073166 36.36430524289608
leaf_count=8756 1257 285 1301 1526 509 324 117 62 494 293 1149 3408 581 54 199 386 1185 74 752 363 205 45 2156 70 186 517 191 91 572 200
internal_value=9.01577e-05 -0.0152885 -0.00407818 0.00656564 0.0138474 0.0225202 0.00851463 0.054884 0.0237738 0.0404641 0.049044 -0.0257371 -0.0176074 0.034169 -0.0097101 -0.0332596 0.0622315 0.0232112 -0.0179665 -0.0139987 0.0359732 0.0571823 0.0563859 0.057655 0.00202439 0.0337713 0.0602913 0.0362589 -0.0176706 -0.00492632
internal_weight=5086.37 3972.23 2447.02 1641.19 1261.58 962.119 541.186 1114.14 343.407 420.933 317.879 805.831 379.607 252.695 222.885 1525.21 800.734 179.349 197.779 299.464 313.406 258.01 520.513 506.578 60.0539 119.295 73.3452 31.5742 185.328 86.4706
internal_count=27308 22373 13231 8567 6460 4796 2800 4935 1724 1996 1487 4664 2107 1230 1256 9142 3473 894 1076 1664 1462 1194 2288 2226 303 591 336 145 1057 485
is_linear=0
shrinkage=0.03


Tree=8
num_leaves=31
num_cat=0
split_feature=35 14 46 10 25 25 35 25 29 25 39 22 26 35 35 26 25 35 25 35 20 29 22 35 56 21 23 29 26 18
split_gain=4404.59 811.325 517.869 333.918 361.104 269.369 206.061 158.684 129.752 102.497 83.6789 102.295 81.0416 63.105 59.5619 56.2905 55.5381 55.1504 50.6203 47.9482 41.2095 38.7353 39.9633 35.7603 35.3794 31.9105 31.7652 31.6406 30.9532 29.1673
threshold=175.00499586959049 78.500000000000014 96.000000000000014 217.50000000000003 -0.91037613702198728 -0.065403129230143187 181.63358731527063 0.63405362205439475 0.83000000000000007 0.95642797789208711 81.700000000000017 6.541666666666667 0.29012925520284133 154.79732859408958 199.75637935897683 -0.065403129230143228 -0.81241147629688981 170.00121440662542 0.097964660725097311 170.00121440662542 44.126923076923084 1.0450000000000002 4.791666666666667 167.44546927535251 1.0000000180025095e-35 1.2766355370258498 0.21913109756097562 1.6865000000000003 -0.98611507088852035 64.785714285714292
decision_type=2 2 2 2 2 2 2 2 2 2 2 2 2 2 2 2 2 2 2 2 2 2 2 2 2 2 2 2 2 2
left_child=1 15 24 12 19 8 20 18 -6 13 11 -10 17 -9 27 -1 -12 28 -7 -5 -2 22 -14 -17 -3 -18 -13 -8 -4 -15
right_child=6 2 3 4 5 7 14 9 10 -11 16 26 21 29 -16 23 25 -19 -20 -21 -22 -23 -24 -25 -26 -27 -28 -29 -30 -31
leaf_value=-0.011272013129563574 0.036622504517620197 -0.033319402417287182 -0.0027697769480478115 -0.021729926777974355 -0.0037191000331489445 0.0030107844852611436 0.051057943280855424 0.012220967639162455 0.051603902540096933 -0.0081136960397710702 0.026749057892706346 0.020140077811206709 0.044905321018719718 0.0040058244671862244 0.066310571788141509 -0.036429049519952662 0.064826106057400135 0.0010186796203073604 -0.02938343917756037 0.018107379281316061 0.012753877315744235 0.031833479199713154 -0.016189799863871448 -0.018551113427059236 -0.013912312822832283 0.0206817407310011 -0.033909837157314944 -0.0043258140881026006 -0.029815858122384093 0.04659134488572117
leaf_weight=97.92448216676712 287.7571532279253 466.1404594630003 43.327786102890968 259.04963935911655 54.43246591091156 72.897054731845856 407.97768047451973 124.9732993543148 42.013127386569977 96.739140793681145 55.10154390335083 14.516891390085219 10.579181432723997 16.598967894911766 417.83585657179356 1252.0578810870647 192.28752879798412 78.321218445897102 105.72263680398464 29.609544336795807 85.908998936414719 36.700573816895485 56.763111516833305 113.02809242904186 105.74426095187664 17.228390574455261 26.020295649766922 9.3459165841341001 327.21971675753593 123.75724378228188
leaf_count=558 1332 2792 239 1468 281 375 1777 645 200 532 265 71 54 80 1752 7748 867 420 598 158 414 186 307 655 611 80 136 44 1892 572
internal_value=-4.78576e-05 -0.0158477 -0.00494581 0.00302203 0.0117189 0.0207081 0.0498365 0.00686041 0.0392883 0.0182599 0.0460228 0.0193405 -0.0163261 0.0278701 0.0581349 -0.0333865 0.0542424 -0.0218467 -0.0162198 -0.0175952 0.0311836 0.00747251 -0.00607539 -0.0349634 -0.0297615 0.0613116 -0.014535 0.0498103 -0.0266694 0.041619
internal_weight=5027.58 3818.75 2355.74 1783.86 1230.95 942.289 1208.83 540.688 401.6 362.069 347.168 82.5503 552.912 265.33 835.159 1463.01 264.617 448.869 178.62 288.659 373.666 104.043 67.3423 1365.09 571.885 209.516 40.5372 417.324 370.548 140.356
internal_count=27109 21790 12829 9426 6328 4702 5319 2802 1900 1829 1619 407 3098 1297 3573 8961 1212 2551 973 1626 1746 547 361 8403 3403 947 207 1821 2131 652
is_linear=0
shrinkage=0.03


Tree=9
num_leaves=31
num_cat=0
split_feature=35 14 27 10 25 25 35 25 22 26 25 46 1 27 26 25 25 33 5 20 35 37 33 9 25 13 25 25 2 56
split_gain=4100.41 771.98 540.534 329.812 334.716 257.412 211.872 130.214 93.3898 92.1477 80.6934 78.711 74.8709 68.8071 66.0352 53.8551 53.4274 48.6776 45.5151 41.3761 40.3207 37.4287 36.9369 35.238 34.4586 32.4074 31.4038 40.5186 33.5587 30.7482
threshold=175.00499586959049 78.500000000000014 115.50000000000001 212.50000000000003 -0.91037613702198728 -0.065403129230143187 182.25148274953824 0.63405362205439475 5.9583333333333348 0.29012925520284133 0.95642797789208711 104.50000000000001 160.78571428571431 145.50000000000003 -0.065403129230143228 -0.81241147629688981 0.097964660725097311 202.78111889596332 1.3 46.123076923076937 170.00121440662542 39.500000000000007 167.00063034666991 0.060000000000000005 -0.63405362205439475 1.0897583429228985 -0.065403129230143187 -0.8814490726585632 111.50000000000001 1.0000000180025095e-35
decision_type=2 2 2 2 2 2 2 2 2 2 2 2 2 2 2 2 2 2 2 2 2 2 2 2 2 2 2 2 2 2
left_child=1 14 8 9 -5 12 19 16 11 20 13 18 15 -9 -1 -6 -7 26 -3 23 -4 29 -16 25 -11 -2 27 -8 -29 -17
right_child=6 2 3 4 5 7 17 10 -10 24 -12 -13 -14 -15 22 21 -18 -19 -20 -21 -22 -23 -24 -25 -26 -27 -28 28 -30 -31
leaf_value=-0.0089920867971789269 0.054229007705322442 -0.020856654862886466 -0.027314039857174587 -0.015876442720475691 0.022365989807379295 0.0077365718882275707 0.033848638478359325 0.018221029178388914 -0.032225809541821873 0.022878623678566707 -0.0046699031158342636 0.025072070743309499 3.2636751884148113e-05 0.053013634875815473 -0.036007796472317541 0.015367909799777901 -0.026639355421754728 0.069344951156368739 0.048623384520855573 0.0079829617112660324 -0.0022678084387633187 0.059226586112353034 -0.01706115733638449 0.024081795551918493 -0.018916557987015099 0.026490161525682367 0.042904417169223039 0.033997925561364592 0.065735973549609875 0.060379173467189892
leaf_weight=98.668728932738304 104.96885834634304 197.66319717466831 301.8634545058012 257.94602407515049 67.665763899683952 68.421871140599251 58.480714693665504 174.55137577652931 533.83618111908436 64.038121253252029 88.797402262687683 46.051019787788391 34.20555192232132 72.542823642492294 1217.7948172986507 39.98132635653019 98.098198726773262 217.11285252869129 7.9366405904293051 65.113815292716026 71.741701632738113 199.37340089678764 103.12250392138958 163.39700393378735 23.562634766101837 64.285646438598633 226.29027758538723 37.498067855834961 275.61096294224262 20.583894699811935
leaf_count=565 471 1158 1757 1462 322 347 254 853 3235 323 488 242 170 322 7698 193 561 890 44 314 385 885 604 759 127 291 968 160 1162 89
internal_value=8.17595e-05 -0.0152888 -0.00480082 0.0052939 0.0140687 0.0230146 0.0480697 0.00908864 -0.0251305 -0.0160406 0.0198229 -0.0100109 0.0422739 0.0286081 -0.0327744 0.0466708 -0.0125527 0.0568415 -0.0179522 0.0299995 -0.0225234 0.0528877 -0.0345427 0.0342723 0.01155 0.0439108 0.0521928 0.0577189 0.0620553 0.0313978
internal_weight=5001.2 3788.45 2368.86 1583.37 1122.17 864.222 1212.76 502.412 785.487 461.206 335.892 251.651 361.81 247.094 1419.59 327.604 166.52 814.993 205.6 397.765 373.605 259.939 1320.92 332.652 87.6008 169.255 597.88 371.59 313.109 60.5652
internal_count=27099 21830 12963 8284 5692 4230 5269 2571 4679 2592 1663 1444 1659 1175 8867 1489 908 3434 1202 1835 2142 1167 8302 1521 450 762 2544 1576 1322 282
is_linear=0
shrinkage=0.03


Tree=10
num_leaves=31
num_cat=0
split_feature=33 36 34 33 25 25 14 29 29 25 25 45 5 20 25 25 25 12 25 20 25 46 25 12 39 22 10 29 29 39
split_gain=2096.79 1831.29 630.615 285.877 261.365 251.332 212.899 179.248 133.6 94.4385 103.719 74.6883 74.0106 70.8787 60.3091 58.5658 126.234 77.2687 55.0339 53.0487 52.7094 49.0229 48.132 42.5695 40.598 67.9985 38.8821 38.5665 32.7646 32.4934
threshold=172.00428873060039 0.19053375000000003 120.97843085353566 179.00362113008842 -0.91037613702198728 0.95642797789208711 61.500000000000007 1.0350000000000001 0.83000000000000007 -0.065403129230143187 -0.84874750804349186 6.7500000000000009 1.1666666666666667 43.45000000000001 0.63405362205439475 0.097964660725097311 -0.95642797789208678 25.500000000000004 0.68322629814330826 35.519230769230781 -0.35206144883412543 138.50000000000003 0.065403129230143062 52.500000000000007 81.700000000000017 6.7083333333333348 237.50000000000003 0.96950000000000014 1.8050000000000004 88.550000000000011
decision_type=2 2 2 2 2 2 2 2 2 2 2 2 2 2 2 2 2 2 2 2 2 2 2 2 2 2 2 2 2 2
left_child=1 6 11 13 -4 8 -1 21 -6 10 29 -3 15 23 22 16 -9 19 -17 20 -18 -8 -11 -2 25 -12 -23 -16 -5 -10
right_child=3 2 4 28 5 -7 7 12 9 14 24 -13 -14 -15 27 18 17 -19 -20 -21 -22 26 -24 -25 -26 -27 -28 -29 -30 -31
leaf_value=-0.034856464812184407 0.037195768770955449 -0.023321750596663315 -0.0098857995152244124 0.059857201172504669 -0.0022863322911209128 -0.0052714063728218378 -0.029201769373620807 -0.018835420263590422 0.0007275503393440626 0.023685897260900812 0.056014882679227496 0.0042962372675801972 0.05908941130209857 0.0031923417230747693 0.012110554719793559 -0.028108168185358596 0.070275781368153142 -0.020080258670583464 0.0051751191824512101 0.014565253867136023 -0.0048005523703743575 -0.027891467762133807 -0.014365999692185922 0.010565019928300712 0.058205933363809137 -0.0065771222669859658 0.02907570352638891 0.042373162238835083 0.018335387320500125 0.035214694090786397
leaf_weight=1235.5004638433456 242.74520365893841 335.13797499239445 167.84614010155201 443.68318319320679 76.006315946578979 154.76358772814274 599.64467044174671 112.71287487447262 45.004573434591293 91.678279191255569 38.571128219366074 119.06525775790215 15.879757910966871 109.57216383516788 48.101154670119286 132.73944373428822 43.342857360839844 28.301288783550262 66.754363343119621 58.046986043453217 10.236520558595656 18.159848883748055 43.374867811799049 70.686088234186172 349.50218699872494 25.49227000772953 23.692635759711266 197.13722677528858 18.91845728456974 53.314240396022797
leaf_count=7977 1116 2019 915 1838 381 845 3629 651 223 421 174 613 78 542 230 777 202 163 363 298 54 102 222 341 1485 123 121 886 81 246
internal_value=8.67924e-05 -0.0089776 0.0142887 0.0419119 0.0249819 0.0301977 -0.0262895 -0.0167268 0.0358671 0.0391164 0.0475541 -0.0160884 -0.00259908 0.0240013 0.0276639 -0.00489131 0.00470002 0.0236571 -0.0170007 0.034826 0.056107 -0.0270139 0.011449 0.0312426 0.0541377 0.0313898 0.00428352 0.0365107 0.0582023 0.0195948
internal_weight=4975.61 4090.01 1745 885.605 1290.79 1122.95 2345.01 1109.51 968.182 892.176 511.884 454.203 468.014 423.003 380.292 452.134 252.641 139.928 199.494 111.626 53.5794 641.497 135.053 313.431 413.566 64.0634 41.8525 245.238 462.602 98.3188
internal_count=27116 23198 8783 3918 6151 5236 14415 6438 4391 4010 2251 2632 2586 1999 1759 2508 1368 717 1140 554 256 3852 643 1457 1782 297 223 1116 1919 469
is_linear=0
shrinkage=0.03


Tree=11
num_leaves=31
num_cat=0
split_feature=35 15 46 13 25 35 25 25 29 26 25 25 26 46 35 29 26 35 20 22 39 16 56 33 9 12 22 35 25 33
split_gain=3614.4 694.629 450.304 296.979 268.433 187.601 160.767 182.409 108.962 88.5598 115.862 81.4577 70.5513 62.8758 60.3219 60.1048 58.6515 51.7526 42.099 40.3526 43.0353 44.1732 36.6631 34.4022 32.3951 31.9901 32.7876 31.4126 31.2688 29.0691
threshold=175.00499586959049 70.500000000000014 96.000000000000014 3.4153371232960481 -0.93540483100319605 188.79500614638286 1.0000000180025095e-35 0.58216583101416142 0.84300000000000008 0.91037613702198772 -0.77259657388510627 0.95642797789208711 0.38268343236508995 130.50000000000003 167.00010064154569 1.0450000000000002 -0.065403129230143228 170.00121440662542 46.261538461538471 6.1250000000000009 81.700000000000017 1114.5000000000002 1.0000000180025095e-35 178.00068612435209 0.14000000000000004 11.500000000000002 6.4583333333333348 174.00028419661984 0.16280825711808983 205.60855771946493
decision_type=2 2 2 2 2 2 2 2 2 2 2 2 2 2 2 2 2 2 2 2 2 2 2 2 2 2 2 2 2 2
left_child=1 16 22 4 17 18 8 28 -6 10 12 13 -10 15 -5 -9 -1 -4 24 -12 21 -21 -3 -20 25 -2 -27 -18 -8 -7
right_child=5 2 3 14 6 29 7 11 9 -11 19 -13 -14 -15 -16 -17 27 -19 23 20 -22 -23 -24 -25 -26 26 -28 -29 -30 -31
leaf_value=-0.0092725772474213167 0.048771502068020021 -0.032227618974894193 -0.022349044918173248 -0.02695043598706192 -0.0033678225003334551 0.050418036563030032 -0.0074432501016555375 -0.0041553054322160613 -0.019967222662676799 -0.023847143797863832 0.064811622676051478 -0.0073033393591229638 0.02685631686834317 0.04566639523196761 -0.0028181086805800135 0.029301927108183135 -0.03463824115028636 0.021109170875878814 0.00076888106653821918 0.043650134189388977 0.047250588750812984 -0.018568666749875912 -0.012802042983741935 0.04513430453814718 0.02522412525284206 0.045836714647267435 0.013698961846233666 0.0064090727227101929 -0.032138360948159771 0.064715712644185644
leaf_weight=93.194505900144577 188.17379233241081 457.57567289471626 240.31645564734936 299.02768816053867 87.216778770089149 458.65492059290409 91.918556794524193 84.607559829950333 37.388195797801018 22.566635474562645 89.904470205307007 97.636247172951698 118.78587390482426 86.067560985684395 135.61184792220592 111.00661514699459 1213.9555251002312 26.680346935987473 63.926358073949814 18.724290162324905 141.1704918295145 20.568585380911827 110.34073743224144 19.880058616399765 200.07254748046398 51.985896736383438 64.737986326217651 16.722830817103386 93.280431881546974 205.99602425098419
leaf_count=542 814 2888 1409 1803 455 1896 501 438 204 129 395 543 563 386 738 525 7971 143 303 85 613 107 662 91 900 226 284 90 554 831
internal_value=-3.16249e-06 -0.0149397 -0.00521314 0.0021302 0.00899495 0.0439966 0.015539 0.0043506 0.0272855 0.0332326 0.0363012 0.0162547 0.015591 0.0244174 -0.0194447 0.0148834 -0.032338 -0.0179438 0.0315708 0.0481626 0.0395568 0.011428 -0.0284826 0.0117011 0.0348388 0.0410449 0.0282801 -0.0340757 -0.0199874 0.0549399
internal_weight=4947.7 3694.27 2370.4 1802.48 1367.84 1253.43 1100.84 564.517 536.325 449.109 426.542 379.318 156.174 281.682 434.64 195.614 1323.87 266.997 588.777 270.368 180.463 39.2929 567.916 83.8064 504.97 304.898 116.724 1230.68 185.199 664.651
internal_count=27089 21744 13141 9591 7050 5345 5498 2947 2551 2096 1967 1892 767 1349 2541 963 8603 1552 2618 1200 805 192 3550 394 2224 1324 510 8061 1055 2727
is_linear=0
shrinkage=0.03


Tree=12
num_leaves=31
num_cat=0
split_feature=35 14 27 13 25 25 35 25 22 25 27 29 40 26 35 9 28 35 10 25 22 26 16 18 10 6 26 25 35 37
split_gain=3377.67 714.282 473.778 273.34 254.179 257.065 211.821 165.664 81.3264 68.2698 78.4748 63.7728 57.2348 56.7476 47.593 43.7081 42.3445 40.9833 39.8483 57.8319 40.0376 36.8976 35.9048 35.7901 35.5556 35.2185 33.4796 32.5935 29.5266 28.9602
threshold=174.00028419661984 78.500000000000014 115.50000000000001 3.4153371232960481 -0.8814490726585632 1.0000000180025095e-35 182.25148274953824 0.58216583101416142 5.9583333333333348 0.97335555334614954 145.50000000000003 0.84300000000000008 9.7000000000000011 -0.13052619222005143 167.44546927535251 0.18000000000000002 0.0036850000000000003 212.60622832896493 270.00000000000006 0.93540483100319627 6.541666666666667 0.25881904510252091 2828.5000000000005 68.500000000000014 92.500000000000014 0.24999999999999997 0.38268343236508995 0.16280825711808983 146.4089592828482 51.500000000000007
decision_type=2 2 2 2 2 2 2 2 2 2 2 2 2 2 2 2 2 2 2 2 2 2 2 2 2 2 2 2 2 2
left_child=1 13 8 4 16 11 15 27 12 10 23 -6 -3 -1 21 18 -4 25 20 -20 -2 -5 -13 -9 -14 -8 -26 -7 -18 -25
right_child=6 2 3 14 5 7 17 9 -10 -11 -12 22 24 -15 -16 -17 28 -19 19 -21 -22 -23 -24 29 26 -27 -28 -29 -30 -31
leaf_value=-0.0029797877317767965 0.038054247733180474 -0.017921770625258335 0.027073590534290613 -0.031971790568677695 0.0096818321536501287 -0.0051822202876822647 0.040556260865587432 -0.0042974768009415888 -0.031467500639902474 -0.013641238324507044 0.047709509126275931 0.045225029943623991 0.073159249741189869 -0.033899996545995917 -0.0021064869130158546 0.014894440408093849 -0.028317793676749265 0.060409321033678749 0.052012637237290764 0.0083625375797241955 9.7455710918427677e-05 -0.00045778357056216177 -0.011737731658836782 0.031497998781756638 -0.0071947318267364868 0.05754633496542419 0.054087412242974094 -0.03142952735687711 -0.0080568727670884046 0.0019970899491659247
leaf_weight=55.966033086180687 46.673829227685928 185.52477431297302 21.518736764788628 194.48399399220943 60.640222862362862 83.999284639954567 397.35629215836525 69.420392364263535 501.11799649894238 52.796308174729347 83.049441441893578 308.99364112317562 7.6229608952999106 1274.8027828037739 102.90435841679573 211.24758651852608 104.24291296303272 264.5213493257761 126.01005445420742 35.35113999247551 52.624353617429733 40.372435942292213 9.9091081470251066 92.749847173690796 35.466137483716011 164.66276694834232 9.3044168502092344 86.347373276948929 171.33477321267128 44.215078607201576
leaf_count=321 209 1124 117 1200 295 456 1652 346 3192 300 366 1350 43 8524 561 992 617 1065 548 166 241 230 48 443 198 676 45 521 963 215
internal_value=-0.000192934 -0.0151662 -0.00491621 0.00462854 0.011393 0.0193917 0.0412636 0.00551219 -0.0246169 0.0175296 0.0232429 0.0380725 -0.0101166 -0.0326028 -0.0191515 0.0251441 -0.0126102 0.0504254 0.0333622 0.0425601 0.0181401 -0.0265794 0.0434239 0.013215 0.0173396 0.0456275 0.00644465 -0.0185926 -0.0157957 0.022058
internal_weight=4895.23 3596.78 2266.01 1526.98 1189.22 892.121 1298.45 512.578 739.036 342.231 289.435 379.543 237.918 1330.77 337.761 471.907 297.096 826.54 260.659 161.361 99.2982 234.856 318.903 206.385 52.3935 562.019 44.7706 170.347 275.578 136.965
internal_count=27024 21475 12630 8028 6037 4340 5549 2647 4602 1670 1370 1693 1410 8845 1991 2156 1697 3393 1164 714 450 1430 1398 1004 286 2328 243 977 1580 658
is_linear=0
shrinkage=0.03


Tree=13
num_leaves=31
num_cat=0
split_feature=35 36 35 35 26 25 25 25 26 25 29 29 3 35 25 29 25 13 29 27 6 13 29 25 3 35 22 40 21 22
split_gain=3173.55 753.968 432.335 240.97 157.64 147.066 150.988 91.0951 90.5682 102.165 61.2359 57.6869 52.7088 52.6916 51.9834 46.5049 41.6502 48.9444 41.4781 41.34 39.8392 34.1588 32.6391 32.3969 31.1018 29.0603 28.8345 28.647 28.2222 27.4311
threshold=173.00124911328774 0.10100874999999991 140.40199084794071 182.25148274953824 0.41248606129204557 -0.60876142900872077 -0.065403129230143187 -0.32143946530316142 -0.13052619222005143 0.68322629814330826 0.89050000000000018 1.1005000000000003 180.50000000000003 206.71358539088803 -0.97335555334614932 1.0450000000000002 0.93540483100319627 0.82588135655868877 1.1895000000000002 145.50000000000003 0.95000000000000007 16.193120623529484 1.0450000000000002 0.097964660725097311 126.50000000000001 176.5017866108484 6.6250000000000009 6.5000000000000009 -1.1675877467333882 6.4583333333333348
decision_type=2 2 2 2 2 2 2 2 2 2 2 2 2 2 2 2 2 2 2 2 2 2 2 2 2 2 2 2 2 2
left_child=1 7 18 12 5 -4 10 11 9 23 27 28 16 24 -13 29 17 -2 -3 22 -9 -16 26 -8 -5 -14 -11 -7 -1 -6
right_child=3 2 4 13 15 6 8 20 -10 19 -12 14 25 -15 21 -17 -18 -19 -20 -21 -22 -23 -24 -25 -26 -27 -28 -29 -30 -31
leaf_value=0.0078948971295571928 0.049320806469644402 -0.026095462443357125 -0.016304607383832995 -0.0085884102855711478 0.034328587850207606 0.034032415627256771 0.0037299594481577086 -0.032947894367825067 -0.022290075787180123 0.012623686872648039 0.047356647504055681 -0.016863490840872263 0.0024718429523677321 0.057498013983821865 0.039533734944021362 0.048075893462572766 0.0022484674031997246 0.020137761377797863 0.0002331667993931247 0.036378174771819267 0.026899369201842566 -0.017484234554491714 0.024845072016994811 -0.02242031290453678 0.042950811776926195 0.021746474156498271 -0.018559316675719771 -0.011332873830861841 -0.026575985069218287 0.0057168001286995824
leaf_weight=23.260991498827934 127.16856636106968 493.87645815312862 246.25575734674931 10.451232597231863 57.854862958192825 20.340048655867577 81.905879005789757 1409.8991608768702 102.80316273868084 69.825903668999672 116.25924174487591 52.687946289777756 122.08791333436966 337.11770482361317 37.203418403863907 92.53914700448513 35.514204517006874 90.400527372956276 60.408463656902313 88.838016971945763 9.3818332701921445 11.919151976704596 93.516266748309135 87.380635365843773 503.60622578859329 166.20640866458416 41.827355995774269 29.494821846485138 216.63773190975189 62.839699029922485
leaf_count=142 546 3120 1418 44 268 102 419 9522 638 348 496 313 619 1354 183 396 172 416 328 408 51 68 451 515 2075 744 217 155 1364 307
internal_value=-0.000123512 -0.0153382 -0.00136553 0.0381761 0.00881558 0.00370804 0.0104519 -0.029183 0.00304988 0.00870861 0.0355109 -0.0152121 0.0224649 0.0481309 0.00368713 0.0321254 0.0324464 0.0373428 -0.0232308 0.0193746 -0.0325336 0.025626 0.0118713 -0.00982042 0.0418883 0.0136207 0.000880912 0.00748816 -0.0232147 0.0196012
internal_weight=4899.51 3506.96 1745.97 1392.55 1191.68 978.447 732.191 1760.99 566.097 463.294 166.094 341.709 541.378 851.175 101.811 213.234 253.083 217.569 554.285 294.008 1419.28 49.1226 205.17 169.287 514.057 288.294 111.653 49.8349 239.899 120.695
internal_count=27199 21229 9586 5970 6138 5167 3749 11643 2996 2358 753 2070 2497 3473 564 971 1134 962 3448 1424 9573 251 1016 934 2119 1363 565 257 1506 575
is_linear=0
shrinkage=0.03


Tree=14
num_leaves=31
num_cat=0
split_feature=35 36 35 35 13 25 25 14 25 29 29 25 25 38 35 25 20 17 22 6 4 19 33 29 38 21 9 38 2 6
split_gain=3115.27 722.959 409.02 185.32 137.178 121.332 139.698 111.75 99.9539 74.7975 72.3698 65.545 48.7036 40.7158 40.1577 39.2903 46.3021 38.8889 39.9165 38.6456 38.5821 35.5947 33.9562 33.43 33.0503 32.2155 31.0756 30.2572 30.1088 29.986
threshold=174.00028419661984 0.10100874999999991 140.40199084794071 182.25148274953824 7.2359225774172442 0.97335555334614954 -0.84874750804349186 158.50000000000003 -0.13052619222005143 1.0100000000000002 0.89050000000000018 0.68322629814330826 0.097964660725097311 27.750000000000004 208.70105001094154 0.25881904510252091 35.965384615384629 592.50000000000011 6.4583333333333348 0.55000000000000016 4.2430177772197775 5.3214285714285774 165.02349440845711 0.90950000000000009 24.850000000000005 0.42601534440526129 0.10000000000000002 23.100000000000005 175.50000000000003 0.45000000000000001
decision_type=2 2 2 2 2 2 2 2 2 2 2 2 2 2 2 2 2 2 2 2 2 2 2 2 2 2 2 2 2 2
left_child=1 7 13 19 5 6 23 -1 10 -9 -8 12 -10 -3 29 16 26 -15 -19 20 -2 -13 -22 -4 -23 -26 -11 -12 -24 -5
right_child=3 2 4 14 -6 -7 8 9 11 15 27 21 -14 17 -16 -17 -18 18 -20 -21 22 24 28 -25 25 -27 -28 -29 -30 -31
leaf_value=-0.034235846431055414 0.050647712676379367 -0.026273228155301826 -0.022998799193449243 0.038192321663434045 -0.02323831173522823 -0.01497031178833527 0.01071838407770275 -0.027651428979113147 0.010916940423081016 0.040056937471876879 0.0055896465389551854 0.0030310670170064554 -0.021274167490512631 -0.032505614313608974 0.055831920819562821 -0.019226403691602775 -0.010132795721619304 0.040340961110244246 -0.0097593366243968749 0.046099429664170292 0.031092968590249251 0.0053665352536149567 0.0075915092126161397 0.0022048475606513446 0.044198478950399828 0.012970838948627994 -0.0025552449375361693 0.047481086830002503 0.035097878001004584 0.056006215108726845
leaf_weight=1106.8715009689331 34.563869267702103 463.85991938412189 62.816269680857658 433.39281944930553 111.3825750797987 135.5064699202776 80.294021755456924 366.57838945090771 108.97484682500362 36.631321430206299 17.130281895399094 65.192137211561203 67.742889404296875 27.392690718173981 314.02652706205845 135.13007016479969 98.564987406134605 22.74751552939415 35.284570246934891 61.215151697397232 119.80895306169987 42.865546017885208 231.17508061230183 183.16193115711212 106.00324022769928 42.659515455365181 25.882791966199875 199.38256858289242 41.608995974063873 113.45708952844143
leaf_count=7776 153 2983 359 1779 666 830 400 2368 532 196 81 326 401 168 1258 818 573 120 193 266 522 207 1074 996 468 195 144 839 189 460
internal_value=-6.12643e-05 -0.0148382 -0.00129258 0.0387136 0.00836537 0.0115497 0.0152425 -0.0283965 0.0218216 -0.0186077 0.0352143 0.0125907 -0.00147345 -0.0227744 0.0470941 -0.00736 0.00265199 -0.00369151 0.0102298 0.0238748 0.0205896 0.0222401 0.0178213 -0.00429855 0.0287287 0.0353841 0.0226517 0.0442076 0.0119001 0.0419837
internal_weight=4891.3 3542.06 1772.4 1349.25 1223.11 1111.73 976.223 1769.66 730.245 662.788 296.807 433.438 176.718 549.285 860.876 296.209 161.079 85.4248 58.0321 488.372 427.157 256.72 392.593 245.978 191.528 148.663 62.5141 216.513 272.784 546.85
internal_count=27340 21639 9764 5701 6300 5634 4804 11875 3449 4099 1320 2129 933 3464 3497 1731 913 481 313 2204 1938 1196 1785 1355 870 663 340 920 1263 2239
is_linear=0
shrinkage=0.03


Tree=15
num_leaves=31
num_cat=0
split_feature=35 36 35 35 26 25 26 35 10 25 6 14 27 7 26 27 29 36 22 29 25 21 29 19 18 31 9 20 37 10
split_gain=2829.14 740.172 412.806 143.773 134.556 137.914 156.875 133.123 117.434 79.0573 70.5713 63.5862 67.5436 54.9184 47.4581 43.5949 43.1669 41.4568 41.2488 39.6572 37.9154 37.2271 36.2969 32.323 32.3073 31.4936 29.2454 28.5766 28.3316 27.7944
threshold=175.00499586959049 0.10100874999999991 140.00212829430626 166.00469638784833 0.41248606129204557 -0.60876142900872077 -0.13052619222005143 195.19024844176911 212.50000000000003 -0.13052619222005143 0.48333333333333339 158.50000000000003 137.00000000000003 1.0000000180025095e-35 0.25881904510252091 107.00000000000001 1.0450000000000002 0.24872499999999995 6.6250000000000009 0.83000000000000007 -0.93540483100319605 0.3418507000076304 0.84300000000000008 10.607142857142856 72.928571428571445 0.088500000000000009 0.8600000000000001 50.230769230769234 49.500000000000007 270.00000000000006
decision_type=2 2 2 2 2 2 2 2 2 2 2 2 2 2 2 2 2 2 2 2 2 2 2 2 2 2 2 2 2 2
left_child=1 3 16 11 5 -4 8 13 -7 19 -5 -1 -13 17 29 -6 -3 26 23 -10 -19 -16 -20 -11 -17 28 -2 -15 -22 -14
right_child=7 2 4 10 15 6 -8 -9 9 18 -12 12 14 27 21 24 -18 20 22 -21 25 -23 -24 -25 -26 -27 -28 -29 -30 -31
leaf_value=-0.035131110394255954 0.0098274822886321774 -0.02638010551342607 -0.013696203141407641 -0.012847299166070881 -0.015330009594084563 -0.015420374248740345 -0.022135304758677893 0.050399748169587838 0.00098869346420035406 0.018365670039857045 0.030856534523189868 -0.029075120215847464 -0.028192601134472611 0.043309492953724021 0.062399330421187421 0.02342657649086835 -0.0045631800275637421 -0.0048699493478548328 -0.038164463557958092 0.047978309547995479 0.047744418145728829 -0.0068383299524826108 0.0086548924398519526 0.047450692243572352 0.047267780914193314 0.049129143809820412 0.035433975342995826 -0.0032992814535741195 0.015211866222702743 -0.00048014271673492724
leaf_weight=983.95689372718334 188.19217742979527 425.25852352380753 270.83282920718193 213.01532153785229 17.248542949557304 89.259442985057831 109.09283423423767 522.71571038663387 18.804404884576797 216.73121497035027 38.397295668721199 374.17653325200081 58.814458087086678 264.21776551008224 13.894475653767588 126.8503982424736 101.53713120520115 21.180158361792564 15.269842475652693 116.02815672755241 35.044811114668846 12.831144809722899 177.81068123877048 40.730523809790611 89.87422414124012 101.77892227470875 50.532854050397873 12.249548837542532 77.57050134241581 71.595758050680161
leaf_count=7119 827 2799 1566 1293 94 532 689 2101 94 1061 204 2485 373 1107 65 570 574 92 80 494 146 64 855 186 387 422 226 56 324 407
internal_value=0.000357427 -0.0132974 0.000157599 -0.0271153 0.00930483 0.00472557 0.0111009 0.0387457 0.0165003 0.0213856 -0.00607678 -0.0305996 -0.0221574 0.0305754 -0.00560504 0.0298365 -0.0221916 0.0242855 0.0152933 0.0414804 0.0332139 0.0301102 0.0047746 0.0231327 0.0334851 0.0369814 0.015373 0.0412399 0.0256668 -0.0130978
internal_weight=4855.49 3582.01 1815.33 1766.68 1288.53 1054.56 783.727 1273.48 674.634 585.375 251.413 1515.27 531.312 750.767 157.136 233.973 526.796 474.299 450.542 134.833 235.574 26.7256 193.081 257.462 216.725 214.394 238.725 276.467 112.615 130.41
internal_count=27292 21991 9981 12010 6608 5557 3991 5301 3302 2770 1497 10513 3394 3200 909 1051 3373 2037 2182 588 984 129 935 1247 957 892 1053 1163 470 780
is_linear=0
shrinkage=0.03


Tree=16
num_leaves=31
num_cat=0
split_feature=15 27 25 25 25 2 22 29 25 26 38 26 25 26 11 27 22 11 49 29 27 13 56 17 1 46 22 7 38 21
split_gain=1421.34 1006.79 354.914 386.377 276.412 270.55 158.855 155.445 106.07 98.8207 98.4804 80.4516 89.0533 76.7301 71.0131 67.2213 51.6103 46.3056 43.6377 46.6247 43.573 43.1935 42.263 43.8898 41.3235 40.1609 39.3042 38.8154 36.6047 38.7487
threshold=70.500000000000014 124.50000000000001 -0.91037613702198728 -0.097964660725097436 0.63405362205439475 167.50000000000003 5.9583333333333348 0.85450000000000015 0.097964660725097311 1.0000000180025095e-35 27.850000000000005 0.93540483100319627 -0.81241147629688981 0.41248606129204557 24.500000000000004 145.50000000000003 5.791666666666667 76.500000000000014 84.500000000000014 1.2350000000000003 145.50000000000003 27.292480086835766 1.0000000180025095e-35 5679.0000000000009 112.21428571428572 135.50000000000003 4.2083333333333348 0.19166666666666668 20.950000000000003 0.78012575346594215
decision_type=2 2 2 2 2 2 2 2 2 2 2 2 2 2 2 2 2 2 2 2 2 2 2 2 2 2 2 2 2 2
left_child=5 6 14 7 8 9 10 26 -5 -1 22 12 13 -9 20 16 -6 -8 24 -20 -3 -10 -2 -24 -18 -7 -4 -13 -14 -30
right_child=1 2 3 4 15 25 17 11 21 -11 -12 27 28 -15 -16 -17 18 -19 19 -21 -22 -23 23 -25 -26 -27 -28 -29 29 -31
leaf_value=-0.0078856984680170002 -0.016357767462488147 -0.014179567795163089 0.066010184721896598 0.012870444948326296 0.034947694819638435 -0.000967322284852936 -0.026570319850052756 -0.010667913693723869 -0.02255972474766078 -0.033337123684726647 0.033736333358700812 -0.022992211376488329 0.019446508953461394 0.035463967843482901 0.044079203511215533 0.036489982971921305 -0.021477649081332258 0.0054316344408375707 -0.0090701614508471202 0.041206927907947791 0.0068830833558057121 0.01877859154550161 -0.0091593121401865752 0.025738643496817874 0.033795807339557546 0.034347524250482639 -0.000490549872594132 0.045139713714583807 0.054432218405148725 0.036138850923956599
leaf_weight=158.14108428359032 174.14361497759819 273.24716481566429 7.6729320883750907 155.36498662829399 91.279190003871918 54.367681860923767 584.60132619738579 40.359245181083679 229.58432878553867 1078.5494411736727 64.775647550821304 24.342603802680969 37.366811841726303 156.693752348423 24.656508237123489 269.78625866770744 13.862464323639868 43.400765150785446 120.37716343998909 18.233045786619186 129.70853477716446 24.484879299998283 73.034206226468086 56.821763649582863 72.852410480380058 60.940656051039696 102.73657980561256 9.7078234851360303 529.96688339114189 140.72575138509274
leaf_count=940 1091 1602 33 717 432 294 3818 217 1351 7833 327 141 171 666 113 1159 70 217 611 85 651 121 412 298 340 289 512 44 2165 595
internal_value=8.79386e-05 0.0102554 0.0205126 0.0257069 0.0123024 -0.0259942 -0.015188 0.0384011 -0.00660486 -0.0300915 0.000444113 0.042356 0.0440573 0.0260093 -0.00433518 0.0254928 0.0160365 -0.0243536 0.00825501 -0.00220883 -0.0073994 -0.0185179 -0.00673708 0.00619117 0.0248155 0.0178315 0.00468195 -0.00283404 0.0490362 0.0506534
internal_weight=4821.79 3469.79 2473.01 2045.4 995.825 1352 996.777 1049.57 409.434 1236.69 368.775 939.163 905.112 197.053 427.612 586.391 316.604 628.002 225.325 138.61 402.956 254.069 304 129.856 86.7149 115.308 110.41 34.0504 708.059 670.693
internal_count=27315 17959 11796 9430 4886 9356 6163 4544 2189 8773 2128 3999 3814 883 2366 2697 1538 4035 1106 696 2253 1472 1801 710 410 583 545 185 2931 2760
is_linear=0
shrinkage=0.03


Tree=17
num_leaves=31
num_cat=0
split_feature=33 36 27 14 25 25 29 26 26 25 27 33 34 29 33 26 5 6 18 27 50 10 29 25 29 25 25 25 33 29
split_gain=1439.2 1283.79 456.381 237.875 174.852 195.644 169.601 107.384 91.7823 75.0089 72.8848 70.0324 61.1517 58.5386 55.9243 55.1744 52.7988 47.382 40.1086 39.1575 37.6775 38.8272 36.7208 36.2974 35.3829 35.1978 44.4105 50.9149 33.6254 30.6056
threshold=176.75544053759225 0.19053375000000003 115.50000000000001 143.50000000000003 -0.91037613702198728 1.0000000180025095e-35 1.0100000000000002 0.29012925520284133 -0.13052619222005143 -0.84874750804349186 140.50000000000003 179.54978809656595 142.57488800262959 0.83000000000000007 171.00905907822082 0.41248606129204557 1.1666666666666667 1.0166666666666668 68.500000000000014 105.50000000000001 113.00000000000001 207.50000000000003 1.2220000000000002 0.68322629814330826 1.2435000000000003 0.68322629814330826 0.16280825711808983 -0.68322629814330804 170.01135098182559 1.8050000000000004
decision_type=2 2 2 2 2 2 2 2 2 2 2 2 2 2 2 2 2 2 2 2 2 2 2 2 2 2 2 2 2 2
left_child=1 3 17 14 24 9 12 16 10 15 18 -2 -5 -11 -1 -6 25 19 -7 -3 -14 -22 -9 -20 -4 26 27 28 -8 -13
right_child=11 2 4 6 5 8 7 22 -10 13 -12 29 20 -15 -16 -17 -18 -19 23 -21 21 -23 -24 -25 -26 -27 -28 -29 -30 -31
leaf_value=-0.033263029706390147 0.025854338141983037 -0.027872018692400895 -0.015076547448068632 -0.03068532209583183 -0.022973321535480127 -0.012272329319940758 -0.020019925654484676 0.015544923790650875 -0.018093256558613054 0.0023278832253537268 0.026159487436175556 0.049456953645837659 0.044385758849748741 0.041452201322387014 -0.006599090330319103 0.024097292229561498 0.043999004567678482 0.058454844587958209 -0.0089668280362772881 -0.008070647537664127 -0.022975277794229608 0.0079860906935366755 0.055548098700403253 0.022417408447061353 0.017739781373964779 0.0098987588150111754 -0.025667463235356267 0.016798971116458762 0.014295973931444945 0.010803303173656732
leaf_weight=1071.860502243042 190.17488850653172 205.22869378328323 142.41375775635242 379.51121351122856 28.983577385544777 89.706500843167305 134.63329538702965 79.525802224874496 84.19767963886261 36.963565066456795 272.79810728132725 433.67312501370907 10.15149576961994 524.2154935747385 76.395371183753014 88.844582080841064 16.682676032185555 6.2637503445148459 47.16098253428936 161.2863072603941 108.28741981089115 54.074371784925461 27.553406894207001 107.25833755731583 36.353096380829811 74.408813282847404 143.43070788681507 69.918229848146439 30.94340805709362 19.921602874994278
leaf_count=8037 817 1412 814 2597 163 472 821 396 504 173 1181 1749 57 2163 424 387 80 32 246 960 640 297 118 509 175 395 890 369 155 82
internal_value=-0.000313321 -0.00685047 0.0118439 -0.0218848 0.0194117 0.0232909 -0.0120911 -0.00071302 0.0107997 0.0343171 0.0155317 0.0413579 -0.0239632 0.0388839 -0.0314963 0.0124229 -0.00690007 -0.0177462 0.0035975 -0.019204 -0.00908353 -0.0126779 0.0262572 0.0128364 -0.00834163 -0.00886587 -0.012567 -0.00451322 -0.0135596 0.0477868
internal_weight=4752.82 4109.05 1831.67 2277.38 1458.9 1280.13 1129.12 577.096 601.122 679.007 516.924 643.77 552.025 561.179 1148.26 117.828 470.017 372.779 244.126 366.515 172.513 162.362 107.079 154.419 178.767 453.334 378.926 235.495 165.577 453.595
internal_count=27115 24467 9191 15276 6787 5798 6815 3224 2912 2886 2408 2648 3591 2336 8461 550 2710 2404 1227 2372 994 937 514 755 989 2630 2235 1345 976 1831
is_linear=0
shrinkage=0.03


Tree=18
num_leaves=31
num_cat=0
split_feature=35 36 35 35 13 26 26 25 14 25 25 27 25 20 35 10 29 27 37 25 1 29 35 22 10 7 6 26 29 20
split_gain=2560.87 611.531 350.935 216.525 121.076 98.6883 131.676 104.863 87.7139 80.5136 51.5249 50.8913 47.9223 42.8541 40.3317 38.5972 36.3737 35.2567 39.255 34.6551 38.3983 33.9269 32.8401 32.2617 29.4778 34.0982 29.1414 28.7244 26.9404 26.2872
threshold=172.0032004779861 0.10100874999999991 139.0024683531301 181.07423482383754 9.3820865662764632 0.47114434510950071 -0.25881904510252063 -0.60876142900872077 158.50000000000003 -0.13052619222005143 0.68322629814330826 137.00000000000003 0.065403129230143062 43.45000000000001 208.70105001094154 237.50000000000003 0.83000000000000007 145.50000000000003 36.500000000000007 -0.95642797789208678 158.21428571428575 1.1875000000000002 165.49368226849415 6.1250000000000009 270.00000000000006 -0.12499999999999993 0.38333333333333336 0.38268343236508995 1.0450000000000002 39.242307692307705
decision_type=2 2 2 2 2 2 2 2 2 2 2 2 2 2 2 2 2 2 2 2 2 2 2 2 2 2 2 2 2 2
left_child=1 8 21 13 5 6 7 -4 -1 16 12 22 23 24 26 -13 -9 18 -12 -17 -21 -3 -10 -11 -2 -26 -5 -8 -7 -20
right_child=3 2 4 14 -6 28 27 9 11 10 17 15 -14 -15 -16 19 -18 -19 29 20 -22 -23 -24 -25 25 -27 -28 -29 -30 -31
leaf_value=-0.033695144797521372 0.014141045207517097 -0.026174800113636928 -0.020736895871531491 0.033411849692714948 -0.028631760387616948 0.018644565450773757 -0.015637316653932875 0.00082098176620507414 -0.028507258291233153 0.037616063004073948 0.048062278421831778 -0.019742369849317397 -0.016479772982462608 0.0045144596108888813 0.050790120135581353 -0.01445438516991113 0.04519882133752693 0.036090188311965213 0.018493096774917055 0.037678522138963895 -0.014188672638557824 -0.0011060305729112909 -0.0033833590484333509 -0.00012809877351108254 0.018465516846417129 0.041139265568579213 0.04984183913657865 0.010637935812766718 0.042192768398438572 -0.0064532784720487905
leaf_weight=985.2738074362278 187.54167164862156 436.59971523284912 72.294097423553467 454.94440215826035 79.895641729235649 97.627816215157509 239.65083482861519 19.683121174573898 349.75975169241428 32.746289312839508 22.573294058442116 97.310562565922737 90.09331588447094 149.11853997409344 313.74375073611736 39.976078808307648 107.22508135437965 80.635213062167168 77.02589912712574 39.810030981898308 18.109137937426567 54.757311433553696 54.373287707567215 51.444803938269615 120.21248635649681 123.62117910385132 130.83373789489269 43.616949617862701 82.776988461613655 73.385492354631424
leaf_count=7598 876 2980 421 1848 502 450 1490 100 2434 155 106 606 531 734 1264 240 453 342 352 195 104 300 329 242 543 533 526 222 338 356
internal_value=5.4858e-05 -0.0148539 -0.00213732 0.0327475 0.00679482 0.00941354 0.00538072 0.0130429 -0.0281821 0.017474 0.0111997 -0.0190779 -0.00136072 0.0184163 0.0419653 -0.00645567 0.0383762 0.0198026 0.0120464 0.00681776 0.021496 -0.023389 -0.0251437 0.0148218 0.0232003 0.030082 0.0371602 -0.0115683 0.0296225 0.00635956
internal_weight=4726.66 3246.64 1662.03 1480.02 1170.67 1090.78 910.374 627.107 1584.61 554.813 427.904 599.339 174.284 580.494 899.522 195.206 126.908 253.62 172.985 97.8952 57.9192 491.357 404.133 84.1911 431.375 243.834 585.778 283.268 180.405 150.411
internal_count=27170 20846 9340 6324 6060 5558 4770 3058 11506 2637 2084 3908 928 2686 3638 1145 553 1156 814 539 299 3280 2763 397 1952 1076 2374 1712 788 708
is_linear=0
shrinkage=0.03


Tree=19
num_leaves=31
num_cat=0
split_feature=35 36 35 35 13 25 25 25 29 29 25 9 38 25 29 35 25 25 38 38 25 12 25 10 11 25 2 3 6 27
split_gain=2321.21 601.82 328.372 218.283 104.711 79.0823 77.6078 78.2441 63.39 57.7222 62.0712 51.8122 47.4296 46.597 39.2018 36.925 36.8524 40.7398 35.7484 35.689 34.069 88.9365 33.4769 49.4141 33.3129 30.0735 28.5202 27.8234 26.9095 26.4675
threshold=172.0032004779861 0.10100874999999991 147.00007254588155 182.25148274953824 7.09880505237801 -0.32143946530316142 0.97335555334614954 -0.8814490726585632 1.0350000000000001 0.83000000000000007 -0.065403129230143187 0.18000000000000002 23.100000000000005 0.5277851165098012 0.85450000000000015 214.69028798354461 0.95642797789208711 -0.91037613702198728 35.45000000000001 26.100000000000005 -0.97335555334614932 39.500000000000007 0.93540483100319627 217.50000000000003 24.500000000000004 0.16280825711808983 176.50000000000003 124.50000000000001 0.95000000000000007 128.50000000000003
decision_type=2 2 2 2 2 2 2 2 2 2 2 2 2 2 2 2 2 2 2 2 2 2 2 2 2 2 2 2 2 2
left_child=1 5 8 11 6 14 7 -4 -3 -9 12 22 -11 25 -1 18 17 -10 27 -19 24 -22 23 -2 -16 -12 -13 -5 -7 -15
right_child=3 2 4 15 -6 28 -8 9 16 10 13 26 -14 29 20 -17 -18 19 -20 -21 21 -23 -24 -25 -26 -27 -28 -29 -30 -31
leaf_value=-0.029283515472505361 0.014302760804008816 -0.023827575334580846 -0.0038168587151029601 -0.011242438862911271 -0.022947425644898076 -0.031764173581634386 -0.012554306759544437 -0.0065177314896685918 -0.023486478195345158 0.0089912447672570988 0.0067491958081696427 0.0040958148279892732 0.040905333318207421 -0.0015217534944361633 -0.023992481908679655 0.050681013258686444 -0.02529360922316307 -0.0072976980087848739 -0.0054448684201355612 0.02320854396539648 0.026528822581549982 -0.027770839496006321 0.0012704730867635235 0.03864176489347227 0.043956212580163433 -0.031143232247428456 0.034624942411034094 0.038698794666110689 0.017311281356723777 0.026886462875123848
leaf_weight=106.3813149034977 131.13415537774563 469.26801796257496 149.43125067651272 9.8107186257839185 81.034043028950691 1222.9121575653553 97.978637024760246 64.39801299571991 42.429402157664299 53.625964775681496 73.674684390425682 243.76024135947227 202.37910749018192 35.310221940279007 94.636048763990402 246.61874343454838 58.623324811458588 61.044578373432159 17.433676093816757 77.306227564811707 65.855657666921616 44.726742953062057 46.925513744354248 180.34199801087379 6.0608073920011512 24.225723475217819 30.109578803181648 580.74963036179543 9.5543552786111814 175.73590184748173
leaf_count=749 600 3167 861 40 509 9364 624 324 268 254 378 1168 836 170 610 999 392 327 73 381 349 296 227 764 38 154 131 2339 53 778
internal_value=-0.00015077 -0.0144791 -0.00196044 0.0308347 0.00949097 -0.0279273 0.0125118 0.0156774 -0.017429 0.0203048 0.0233684 0.0174298 0.0342812 0.0142442 -0.0145137 0.0407201 -0.00483979 0.00189563 0.0366032 0.00979249 -0.00697406 0.00451444 0.0249252 0.0284734 -0.0195107 -0.00284748 0.00756598 0.0378515 -0.03137 0.0221487
internal_weight=4703.48 3216.59 1666.47 1486.88 957.794 1550.13 876.76 778.781 708.672 629.35 564.952 632.271 256.005 308.947 317.661 854.613 239.404 180.78 607.994 138.351 211.279 110.582 358.402 311.476 100.697 97.9004 273.87 590.56 1232.47 211.046
internal_count=27223 20882 9423 6341 4888 11459 4379 3755 4535 2894 2570 2890 1090 1480 2042 3451 1368 976 2452 708 1293 645 1591 1364 648 532 1299 2379 9417 948
is_linear=0
shrinkage=0.03


Tree=20
num_leaves=31
num_cat=0
split_feature=35 36 35 35 13 14 26 26 25 25 27 25 6 26 35 29 5 40 22 26 36 33 27 29 25 12 14 22 1 38
split_gain=2181.24 579.674 318.533 175.525 107.141 90.1558 85.8124 107.999 82.3655 64.3884 63.2495 61.5621 45.1767 43.6995 42.0769 39.5405 37.5505 33.9824 33.5117 52.7254 31.8763 32.38 31.8059 29.7756 29.6939 29.4985 26.6579 26.2383 25.9467 29.379
threshold=173.00124911328774 0.10100874999999991 140.00212829430626 182.25148274953824 8.092864897155037 101.50000000000001 0.47114434510950071 -0.16280825711808972 -0.60876142900872077 -0.065403129230143187 137.00000000000003 0.68322629814330826 0.81666666666666676 0.29012925520284133 208.70105001094154 0.83000000000000007 0.76666666666666672 11.100000000000001 6.041666666666667 0.58216583101416164 0.24872499999999995 178.00068612435209 140.50000000000003 0.83000000000000007 0.88144907265856365 12.500000000000002 36.500000000000007 5.4583333333333348 114.35714285714288 35.45000000000001
decision_type=2 2 2 2 2 2 2 2 2 2 2 2 2 2 2 2 2 2 2 2 2 2 2 2 2 2 2 2 2 2
left_child=1 5 18 12 6 -1 7 8 22 15 17 -11 20 -9 28 -10 -12 -7 19 -3 21 27 -4 -8 -13 26 -22 -2 -5 -30
right_child=3 2 4 14 -6 10 23 13 9 11 16 24 -14 -15 -16 -17 -18 -19 -20 -21 25 -23 -24 -25 -26 -27 -28 -29 29 -31
leaf_value=-0.032944962882170407 0.021594540592373031 -0.01610571169333834 -0.023527641015008781 -0.0035275053340405155 -0.023657790785358342 -0.026607303611662022 -0.0024032859356057502 -0.021137072704313586 -0.0047340359224721015 -0.0059793385247067484 -0.0085055078425914973 0.031508103033535712 0.048007505528787603 0.0081077001039531089 0.048053473847750001 0.038693320778365847 0.035716451090328588 0.021290106400954596 -0.026872754603445338 0.03909940857077035 -0.022106254135237598 0.028356458211804964 0.012158746100016734 0.03288550208491086 0.010985097335179848 -0.015254440959328406 0.03225098157273782 0.0006223810199790466 0.036294788207430755 -0.0069557742927856062
leaf_weight=942.03214695304632 69.982639297842979 141.09261259436607 73.77626745402813 15.925554007291792 94.870807453989983 385.49327516555786 24.734229236841202 156.06629042327404 21.765782982110977 145.13595452904701 186.72057990729809 95.921509608626366 40.324860274791718 64.392925962805748 312.39042966067791 131.46631330251694 18.046000063419342 13.09890967607498 347.03661799430847 16.528752341866493 7.8989008814096442 70.03520105779171 31.401467517018318 158.08941107988358 189.28116336464882 13.864616513252257 152.67946082353592 220.64023740589619 516.33365833759308 14.228732094168661
leaf_count=7590 327 944 441 65 605 2727 123 1010 109 797 1126 424 170 341 1271 553 92 78 2405 91 38 298 179 666 900 66 642 1036 2077 60
internal_value=-0.000217623 -0.0138634 -0.00172583 0.0305665 0.00676384 -0.0271393 0.00942596 0.00563935 0.0114864 0.0158887 -0.0180353 0.00990005 0.0176984 -0.0125971 0.0391571 0.032534 -0.00445361 -0.0249839 -0.0216665 -0.0101067 0.0153291 0.0101894 -0.0128591 0.0281242 0.0179735 0.0258365 0.0294569 0.00572926 0.0339932 0.035124
internal_weight=4671.26 3236.95 1691.56 1434.3 1186.9 1545.39 1092.03 909.208 688.748 583.571 603.359 430.339 575.426 220.459 858.878 153.232 204.767 398.592 504.658 157.621 535.101 360.658 105.178 182.824 285.203 174.443 160.578 290.623 546.488 530.562
internal_count=27251 21201 9588 6050 6148 11613 5543 4754 3403 2783 4023 2121 2577 1351 3473 662 1218 2805 3440 1035 2407 1661 620 789 1324 746 680 1363 2202 2137
is_linear=0
shrinkage=0.03


Tree=21
num_leaves=31
num_cat=0
split_feature=35 36 35 35 13 14 25 25 29 5 12 29 1 9 25 35 22 29 1 7 35 25 25 25 10 25 40 22 13 25
split_gain=2069.49 585.186 301.493 184.672 94.0524 86.0516 78.4498 78.7067 57.6037 53.1423 64.3005 51.882 42.4946 42.2234 41.395 40.647 37.8982 36.8235 32.8908 30.9041 30.2216 29.6558 30.0311 29.2761 46.7006 26.3183 26.1184 25.8684 29.5126 25.6998
threshold=172.0032004779861 0.10100874999999991 145.00051595341924 181.63358731527063 7.09880505237801 158.50000000000003 0.97335555334614954 -0.93540483100319605 1.0450000000000002 0.76666666666666672 8.5000000000000018 0.83000000000000007 157.07142857142858 0.22000000000000003 -0.13052619222005143 214.69028798354461 5.791666666666667 1.1300000000000001 112.64285714285715 -0.024999999999999946 176.5017866108484 0.58216583101416142 0.065403129230143062 0.95642797789208711 270.00000000000006 -0.81241147629688981 9.7000000000000011 6.541666666666667 25.555331223398458 -0.91037613702198728
decision_type=2 2 2 2 2 2 2 2 2 2 2 2 2 2 2 2 2 2 2 2 2 2 2 2 2 2 2 2 2 2
left_child=1 5 8 13 6 -1 7 -4 16 17 -11 -9 14 23 25 18 26 -7 -5 -20 -15 22 -16 24 27 -13 -3 28 -2 -10
right_child=3 2 4 15 -6 9 -8 11 29 10 -12 12 -14 20 21 -17 -18 -19 19 -21 -22 -23 -24 -25 -26 -27 -28 -29 -30 -31
leaf_value=-0.032910866050728342 -0.0025833524584387996 -0.014902065781880643 -0.0099744299084096478 -0.0056633674696827717 -0.021317427966458774 -0.026651452749258262 -0.012858267406058086 -0.0056725026760275563 -0.02678265296995196 0.04818722915224459 -0.014948390343037772 0.017571313534348685 0.0016500961856659507 -0.0032494275373208628 0.01546144837027524 0.048661987410928649 -0.028463738652396788 -0.0094309978709444225 0.029110182498233866 0.042991252611752406 0.017053919999858808 0.022543177259018415 -0.018210690086324633 -0.0022319545824994453 0.035825451235480553 0.03889414767219921 0.022235213008922755 -7.9182246040372268e-05 0.041171133447328208 0.0044640213885415291
leaf_weight=925.44292586296797 20.730318203568459 117.56824009120464 103.449248239398 18.079138979315758 85.649472519755363 354.94612188637257 106.0463153719902 74.992884308099747 28.409305825829506 21.966347128152847 38.594548285007477 76.939466550946236 91.844172582030296 125.0410471111536 61.337997689843178 241.21204644441605 333.36082373559475 165.14411416649818 351.58274447917938 262.29388955235481 138.05885674059391 209.92751511931419 37.613632008433342 36.082286983728409 186.97170609235764 179.37416806817055 18.996035158634186 70.335601359605789 40.270593911409378 120.88715282082558
leaf_count=7651 93 782 630 74 553 2535 687 382 183 115 258 356 487 648 278 990 2380 1020 1419 1058 598 932 222 180 791 743 111 325 179 665
internal_value=5.55553e-05 -0.0137163 -0.00135101 0.0291704 0.00861465 -0.0272237 0.0113573 0.0144426 -0.0178694 -0.0181184 0.00836261 0.0179021 0.0205974 0.0165738 0.023668 0.0380494 -0.0230174 -0.021212 0.0339282 0.0351015 0.00742877 0.0161858 0.00260781 0.023323 0.0262177 0.0325867 -0.0096122 0.0123728 0.0264999 -0.00162048
internal_weight=4643.15 3152.49 1646.4 1490.66 1027.17 1506.09 941.525 835.479 619.222 580.651 60.5609 732.03 657.037 617.49 565.193 873.168 469.925 520.09 631.956 613.877 263.1 308.879 98.9516 354.391 318.308 256.314 136.564 131.337 61.0009 149.296
internal_count=27325 20970 9391 6355 5270 11579 4717 4030 4121 3928 373 3400 3018 2814 2531 3541 3273 3555 2551 2477 1246 1432 500 1568 1388 1099 893 597 272 848
is_linear=0
shrinkage=0.03


Tree=22
num_leaves=31
num_cat=0
split_feature=35 14 46 13 25 35 25 25 25 26 25 29 20 26 26 22 39 27 33 20 22 13 26 25 56 3 16 22 31 35
split_gain=1938.56 515.04 284.221 193.349 197.489 181.234 108.483 93.696 65.1061 64.1822 50.9672 49.8928 49.5373 46.4937 38.7475 36.0779 45.7461 33.815 33.0466 30.3524 29.8925 31.8117 30.4618 29.4889 26.9894 30.5027 31.0442 26.8786 37.8801 26.0564
threshold=172.0032004779861 61.500000000000007 96.000000000000014 3.4153371232960481 -0.93540483100319605 185.0760140053462 1.0000000180025095e-35 0.63405362205439475 -0.77259657388510627 0.38268343236508995 0.93540483100319627 0.83000000000000007 46.123076923076937 -0.065403129230143228 0.91037613702198772 6.3750000000000009 81.700000000000017 145.50000000000003 202.78111889596332 33.503846153846162 5.6250000000000009 32.712536038216307 0.16280825711809024 0.16280825711808983 1.0000000180025095e-35 121.50000000000001 1009.5000000000001 6.6250000000000009 0.11400000000000002 151.47052883223228
decision_type=2 2 2 2 2 2 2 2 2 2 2 2 2 2 2 2 2 2 2 2 2 2 2 2 2 2 2 2 2 2
left_child=1 13 24 4 -4 12 8 23 9 -6 17 -10 -2 -1 15 -13 19 27 -7 -17 21 22 -5 -8 -3 26 -26 -9 -29 -12
right_child=5 2 3 20 6 18 7 10 11 -11 29 14 -14 -15 -16 16 -18 -19 -20 -21 -22 -23 -24 -25 25 -27 -28 28 -30 -31
leaf_value=-0.0090049052141740523 0.020725797807295773 -0.029242902633915453 -0.018912842416038685 -0.021891190020014349 -0.024631926387502022 0.034345381444043518 -0.0029066861841896673 0.02190698501287662 -0.00044869536339857608 0.0172423815348168 -0.017779106504472286 0.049335107589593745 -0.00061127984801893269 -0.032530672995582932 -0.018779425171446682 0.04124817453017296 0.035369043985784443 0.040077662847849506 0.048720725836132135 -0.019861292705553531 -0.023794995770232204 0.039663573466036488 0.032177833341231005 -0.027834453716905305 -0.0072465858948122849 -0.01948602337813864 0.070548342944669717 -0.014185411270836737 0.046606195238351432 0.0081675882006504146
leaf_weight=82.999618828296661 601.19373585283756 369.86998914927244 226.47630843520164 46.371465161442757 42.447016030550003 553.05067048966885 82.974078267812729 108.75857900083065 42.884015187621117 135.76078620553017 60.535900287330151 115.23199541866779 116.87760509550571 968.87689530849457 11.335151776671408 9.0540726929903013 125.42995671927929 55.490391075611115 206.6054389923811 25.890232250094414 264.25299321115017 12.584685251116751 10.759659826755522 87.588066056370735 11.458500370383264 71.856487557291985 6.5513654202222815 49.267994359135628 10.302237108349798 79.348065197467804
leaf_count=522 2644 2801 1461 319 251 2230 471 519 233 633 360 484 566 8114 62 38 521 227 858 131 1770 77 62 597 79 482 42 239 48 390
internal_value=-0.000185728 -0.0136118 -0.00489395 0.00107497 0.00642277 0.0281003 0.0119407 0.00249311 0.0218517 0.00718662 0.0110895 0.0297297 0.0172568 -0.0306847 0.0342258 0.0364658 0.0269705 0.0199368 0.038314 -0.00332077 -0.0192003 -0.00169411 -0.0113299 -0.0157954 -0.0256601 -0.0107546 0.023275 0.0130997 -0.00307606 -0.00310755
internal_weight=4592.08 3114.36 2062.48 1602.74 1268.77 1477.73 1042.3 534.265 508.033 178.208 363.703 329.825 718.071 1051.88 286.941 275.606 160.374 223.819 759.656 34.9443 333.969 69.7158 57.1311 170.562 459.736 89.8664 18.0099 168.329 59.5702 139.884
internal_count=27231 20933 12297 8893 6665 6298 5204 2851 2353 884 1783 1469 3210 8636 1236 1174 690 1033 3088 169 2228 458 381 1068 3404 603 121 806 287 750
is_linear=0
shrinkage=0.03


Tree=23
num_leaves=31
num_cat=0
split_feature=35 36 35 35 13 26 26 15 25 25 35 25 29 20 5 1 12 29 49 37 29 29 26 25 26 25 26 22 3 37
split_gain=1876.75 544.873 262.577 172.611 96.9742 84.6304 101.783 74.4073 70.8051 57.9267 56.6997 49.8315 46.6219 43.4292 39.0419 37.0563 35.0069 33.0391 30.4305 30.4999 29.4527 29.3214 26.6928 26.3492 26.3252 30.0788 24.9395 24.5473 24.4907 33.673
threshold=172.0032004779861 0.10100874999999991 140.00212829430626 178.00068612435209 8.092864897155037 0.47114434510950071 -0.16280825711808972 268.50000000000006 -0.60876142900872077 -0.065403129230143187 199.75637935897683 0.58216583101416142 0.96950000000000014 43.45000000000001 0.83333333333333348 114.35714285714288 33.500000000000007 1.0450000000000002 84.500000000000014 31.500000000000004 0.83000000000000007 1.1805000000000001 0.38268343236508995 0.097964660725097311 0.25881904510252091 -0.47114434510950071 0.47114434510950071 5.541666666666667 179.50000000000003 42.500000000000007
decision_type=2 2 2 2 2 2 2 2 2 2 2 2 2 2 2 2 2 2 2 2 2 2 2 2 2 2 2 2 2 2
left_child=1 7 17 13 5 6 8 -1 -4 20 15 23 -9 16 24 -5 28 -3 -13 -20 -10 -21 -8 27 -14 -26 -19 -11 -2 -30
right_child=3 2 4 10 -6 -7 22 12 9 11 -12 18 14 -15 -16 -17 -18 26 19 21 -22 -23 -24 -25 25 -27 -28 -29 29 -31
leaf_value=-0.032522742122143865 0.034534817012168526 -0.024336585955655771 -0.012740214351116332 -0.013045485709913153 -0.024351275109296133 0.027323819247276275 -0.019085197404111 -0.026828108755948099 -0.0029719355404195353 0.031238207270238016 0.042519447208374743 0.026558614465946498 -0.017518910462371948 -0.0040803678067920599 0.025301244221737511 0.029494954528889731 0.0015664970250447181 -0.0098996370320340917 0.035240078118279131 -0.008229642465377442 0.035110784004695014 0.021164163265562592 0.0074832745647742741 -0.022727178057994728 0.02871285940265746 -0.021800692066562793 0.038117514729857513 -0.0058741825135891048 0.044914781774509589 0.006748428929521392
leaf_weight=862.18124467879534 101.11559952795506 378.33159630745649 100.67546772956848 18.467366605997086 85.868214190006256 179.84489689767361 163.88620265573263 294.73458605259657 20.944673746824265 21.171075895428658 428.24868275225163 126.37103164196014 212.07435137778521 116.35921302437782 25.160881206393242 612.55601663887501 91.440805584192276 85.434097804129124 27.547705814242363 94.554388955235481 134.92104017734528 43.896417766809464 42.30133356153965 53.292628958821297 25.077028438448906 16.961333587765694 9.9818801432847959 57.188839703798294 25.285495385527611 102.21412678062916
leaf_count=7475 426 2801 612 76 578 770 1088 2212 107 105 1767 562 1424 583 136 2493 435 516 128 460 564 202 211 344 127 107 43 286 116 477
internal_value=-3.0974e-05 -0.0134834 -0.00158819 0.0275033 0.00614182 0.00861724 0.00479679 -0.026942 0.0103896 0.0144203 0.0340425 0.00863365 -0.0185176 0.01159 -0.00968251 0.0282313 0.017282 -0.020366 0.0155184 0.00700509 0.030007 0.00117473 -0.0136246 -0.00665758 -0.013232 0.00829903 -0.00453311 0.00442002 0.0235336 0.0146081
internal_weight=4558.09 3062.4 1626.21 1495.69 1152.46 1066.6 886.751 1436.19 680.563 579.888 1059.27 424.022 574.008 436.415 279.274 631.023 320.056 473.748 292.37 165.999 155.866 138.451 206.188 131.653 254.113 42.0384 95.416 78.3599 228.615 127.5
internal_count=27231 20858 9377 6373 6017 5439 4669 11481 3370 2758 4336 2087 4006 2037 1794 2569 1454 3360 1352 790 671 662 1299 735 1658 234 559 391 1019 593
is_linear=0
shrinkage=0.03


Tree=24
num_leaves=31
num_cat=0
split_feature=35 36 35 35 13 14 18 27 22 29 33 3 4 15 25 13 25 25 25 1 4 25 49 35 22 35 3 25 38 16
split_gain=1697.52 532.618 254.05 170.678 92.8927 78.0152 66.3908 49.9699 46.2187 42.7004 39.3181 37.5693 43.9666 36.5772 56.4042 35.1531 37.4159 32.8513 44.9059 31.8172 28.5666 29.7855 29.0357 28.4145 28.0039 27.9503 32.7261 27.3021 26.2729 35.6202
threshold=172.0032004779861 0.10100874999999991 139.0024683531301 182.25148274953824 9.3820865662764632 101.50000000000001 71.785714285714292 137.00000000000003 5.541666666666667 1.1875000000000002 199.93831092034711 180.50000000000003 4.5642085303422038 70.500000000000014 -0.84874750804349186 5.3230901287553669 -0.95642797789208678 -0.35206144883412543 0.58216583101416142 182.78571428571431 13.366824599397146 -0.13052619222005143 83.500000000000014 166.00469638784833 6.1250000000000009 152.77126725580865 152.50000000000003 -0.91037613702198728 27.850000000000005 423.50000000000006
decision_type=2 2 2 2 2 2 2 2 2 2 2 2 2 2 2 2 2 2 2 2 2 2 2 2 2 2 2 2 2 2
left_child=1 5 9 11 6 -1 13 23 27 24 -5 -2 -13 -4 -15 16 -9 -18 -19 -14 21 -16 -23 -7 28 -10 -27 -8 -3 -30
right_child=3 2 4 10 -6 7 8 15 25 -11 -12 12 19 14 20 -17 17 18 -20 -21 -22 22 -24 -25 -26 26 -28 -29 29 -31
leaf_value=-0.032132760053651961 0.022289867589678825 -0.018204196388512325 -0.013817725726159311 0.031064094797899084 -0.025642158863513585 -0.027133961866604255 -0.0023457819634816065 -0.01634395921258042 -0.0001039584086803604 0.0043612139996275986 0.046041468615525084 0.058125428918143394 0.00058078686498412298 -0.012209281536250777 0.02456889632215202 -0.021475688775768907 0.042493461493978202 -0.020592343752392172 0.0407435109093542 0.023227272684486391 -0.011973639469461875 0.025306416210992614 -0.00029454310855153931 -0.001973769488010983 -0.029547681647924821 0.033697760181815785 0.0099149315189559634 0.039828280594164822 -0.032105120928731398 0.045839975109766035
leaf_weight=851.33617457747459 295.47541399300098 115.17893639206886 108.06867171823978 625.62219625711441 76.051087222993374 328.76352180540562 16.014971107244492 45.129408240318298 121.36075572669506 55.092397898435593 219.68079648911953 13.902832478284834 261.66073533892632 123.86794033646584 138.49170650541782 72.406661838293076 28.724330842494965 28.591316983103752 15.867557927966116 69.999417528510094 42.533139854669571 53.324469387531281 149.78011707961559 46.224192768335342 258.83578515052795 76.095893755555153 164.6892254948616 94.872844353318214 7.4555214568972614 13.393057346343992
leaf_count=7563 1280 838 724 2531 522 2518 97 288 618 307 928 62 1221 738 612 480 127 191 82 317 229 252 758 295 1979 323 824 427 53 69
internal_value=-9.74032e-05 -0.0129708 -0.00119058 0.0261555 0.00620455 -0.0263873 0.00844987 -0.0176995 0.0168903 -0.0203114 0.0350063 0.0144482 0.00769819 0.00195218 0.00532754 -0.00516076 0.0049202 0.0180766 0.00171339 0.00541596 0.0109996 0.0138866 0.00651796 -0.024046 -0.0237561 0.0116428 0.0175394 0.0337708 -0.0126006 0.0177729
internal_weight=4518.49 3032.15 1615.11 1486.34 1165.15 1417.04 1089.1 565.707 473.034 449.956 845.303 641.038 345.563 616.066 507.997 190.719 118.313 73.1832 44.4589 331.66 384.129 341.596 203.105 374.988 394.863 362.146 240.785 110.888 136.028 20.8486
internal_count=27253 20914 9370 6339 6124 11544 5602 3981 2289 3246 3459 2880 1600 3313 2589 1168 688 400 273 1538 1851 1622 1010 2813 2939 1765 1147 524 960 122
is_linear=0
shrinkage=0.03


Tree=25
num_leaves=31
num_cat=0
split_feature=35 36 35 35 26 25 25 33 25 7 35 36 27 25 12 18 22 7 22 29 49 19 46 30 29 26 20 27 22 26
split_gain=1670.91 428.924 264.312 221.269 77.5837 83.835 80.0666 76.7557 70.1844 58.3499 51.0129 41.3471 37.2822 56.0208 50.3211 31.6685 29.2267 28.8661 27.8236 27.5321 27.5193 31.7434 27.2501 24.9331 24.7822 24.4204 23.7189 23.4101 28.9564 23.3347
threshold=168.00075621690624 0.10100874999999991 178.51239187776977 139.0024683531301 0.47114434510950071 -0.58216583101416131 -0.065403129230143187 162.00208254115333 -0.35206144883412543 0.67500000000000016 212.60622832896493 0.19053375000000003 124.50000000000001 -0.95642797789208678 34.500000000000007 71.928571428571445 6.6250000000000009 -0.024999999999999946 5.541666666666667 0.83000000000000007 85.500000000000014 4.2857142857142891 146.00000000000003 87.200000000000017 0.8610000000000001 0.097964660725097366 36.48846153846155 124.50000000000001 5.9583333333333348 0.38268343236508995
decision_type=2 2 2 2 2 2 2 2 2 2 2 2 2 2 2 2 2 2 2 2 2 2 2 2 2 2 2 2 2 2
left_child=1 8 7 18 5 29 19 -2 12 15 17 -8 -1 -14 26 22 20 -4 -3 -7 -13 -22 -9 -18 -6 -10 -15 28 -26 -5
right_child=2 3 10 4 24 6 11 9 25 -11 -12 16 13 14 -16 -17 23 -19 -20 -21 21 -23 -24 -25 27 -27 -28 -29 -30 -31
leaf_value=-0.025348469021741673 0.023365174360474732 -0.0060167168914488272 0.023719768187946525 -0.019625102405117525 0.0014542233412251622 -0.0034157160749466683 -0.014288727456419178 -0.01165950555972539 -0.022684732585287606 0.035210337173608539 0.0443778705638899 0.026872851233480804 -0.017528844507060257 0.059860436244420216 -0.031395835907408833 0.0093567212905932423 -0.0081823267242859422 0.035681044928119431 -0.024635335086932029 0.03293844626010204 -0.020389669727144937 0.012999163557419693 0.012560845283036672 0.032878668552023475 0.04052191145583986 -0.033315370734886884 0.0146887166653491 0.036480170154128237 -0.016870947656054201 0.005478245661802386
leaf_weight=117.98908997327089 227.28801594674587 91.59086450189352 439.0682068169117 180.48985628783703 36.903696060180664 22.283231899142265 121.75794054567814 226.14959897100925 275.03884240984917 42.980425670742989 260.48475831747055 79.184265643358231 86.088437758386135 19.408070936799049 12.015641205012797 164.69071623682976 137.12434659898281 325.37197265028954 355.17664690315723 111.55912086367607 33.302390396595001 100.62113785743713 50.370446778833866 13.741722762584685 12.237952992320063 762.16131187975407 23.274936437606812 98.001140668988228 18.737754836678505 40.358754321932793
leaf_count=925 1001 631 1785 1163 182 119 800 1251 2136 202 1106 379 593 85 84 845 704 1326 2650 475 199 487 257 65 53 6934 124 401 96 208
internal_value=5.91783e-05 -0.0144914 0.0230904 -0.00329549 0.00450684 0.000795819 0.00645338 0.00902438 -0.0270321 0.00225827 0.0328365 0.000774164 -0.012985 -0.00251781 0.0209981 -0.00102411 0.0058384 0.0288509 -0.0208403 0.0269054 0.0129671 0.00460687 -0.0072182 -0.00425039 0.023191 -0.030521 0.0361285 0.0293515 0.0063621 -0.0150336
internal_weight=4485.45 2749.05 1736.4 1453.07 1006.3 840.423 619.574 711.479 1295.98 484.191 1024.92 485.732 258.776 140.787 54.6986 441.211 363.974 764.44 446.768 133.842 213.108 133.924 276.52 150.866 165.881 1037.2 42.683 128.977 30.9757 220.849
internal_count=27266 19493 7773 8612 5331 4599 3228 3556 10881 2555 4217 2634 1811 886 293 2353 1834 3111 3281 594 1065 686 1508 769 732 9070 209 550 149 1371
is_linear=0
shrinkage=0.03


Tree=26
num_leaves=31
num_cat=0
split_feature=35 36 35 35 1 14 13 27 26 25 26 35 22 17 12 10 25 1 25 29 29 26 1 22 6 4 1 25 25 23
split_gain=1584.08 433.788 246.36 204.189 85.739 71.7963 66.5277 60.4417 60.4264 58.6441 70.3884 52.7413 49.0223 40.971 48.2909 39.0673 36.595 35.7378 33.083 32.7312 30.5787 30.4899 28.3441 27.8875 27.4214 27.3558 26.9141 25.2724 44.2737 28.5148
threshold=168.00075621690624 0.10100874999999991 178.00068612435209 139.0024683531301 164.35714285714286 180.50000000000003 8.7178005990586254 137.00000000000003 0.47114434510950071 -0.60876142900872077 -0.13052619222005143 199.75637935897683 6.6250000000000009 305.50000000000006 11.500000000000002 270.00000000000006 -0.95642797789208678 160.50000000000003 -0.065403129230143187 1.0450000000000002 0.8610000000000001 0.38268343236508995 182.35714285714289 4.6250000000000009 0.95000000000000007 13.461946356821707 115.78571428571431 -0.13052619222005143 -0.91037613702198728 0.29948453608247422
decision_type=2 2 2 2 2 2 2 2 2 2 2 2 2 2 2 2 2 2 2 2 2 2 2 2 2 2 2 2 2 2
left_child=1 5 4 19 13 -1 8 24 9 21 12 26 25 -2 -15 -9 -17 -18 -14 -3 -10 -5 23 -6 -7 -11 -4 28 -28 -29
right_child=2 3 11 6 22 7 -8 15 20 10 -12 -13 18 14 -16 16 17 -19 -20 -21 -22 -23 -24 -25 -26 -27 27 29 -30 -31
leaf_value=-0.032476990458662633 -0.0081609731147564649 -0.023979031463124505 -0.0080268612147280649 -0.017841336458417213 0.017084789495519382 -0.026860631943786482 -0.025486763800592626 -0.019121758253023043 -0.0026088966430291159 0.022873136813511601 -0.017596318418467816 0.040123054500992558 0.019811759902174635 0.030903825899551356 0.0040567006603851362 -0.012292353636062028 0.03851057617414403 -0.023636434345137122 -0.0057918337548397859 -0.0034181125157791729 0.029944471889103753 0.011293786333611309 0.017463089336394247 -0.0092372646742647519 0.018075888635679768 -0.0075860206823363469 0.012604615591920016 0.024832985336224578 0.039453895493753929 -0.0012348080047417994
leaf_weight=786.2013421729207 41.865939795970917 351.91221745312214 19.568350896239281 146.79110617935658 41.371774956583977 306.41780809313059 61.27125258743763 68.574436873197556 32.410581007599831 264.94821166992188 84.411745727062225 422.32785867154598 61.694372400641441 214.02823184430599 84.262870490550995 35.618428751826286 42.296328455209732 9.5921714901924116 163.87428747117519 87.282615020871162 126.66801707446575 40.631912708282471 57.16334792971611 250.7827088907361 12.06558460742235 29.002170860767365 73.204565405845642 238.75334000587463 241.24574637413025 44.718369722366333
leaf_count=7331 241 2745 80 941 219 2422 440 472 156 1253 599 1783 268 915 427 232 207 61 825 523 530 206 278 1386 83 146 300 971 977 183
internal_value=0.000263899 -0.0140427 0.0226929 -0.00285314 0.00876946 -0.0269073 0.00456381 -0.0176312 0.00652582 0.0031212 0.00766981 0.0319079 0.011801 0.0194669 0.0233588 -0.00231413 0.0109243 0.0267923 0.00126744 -0.0199099 0.0233372 -0.0114986 -0.00167322 -0.00546425 -0.025107 0.0198524 0.0262334 0.0273662 0.0332631 0.0207308
internal_weight=4440.96 2711.66 1729.29 1450.9 689.475 1260.77 1011.7 474.565 950.432 791.354 603.931 1039.82 519.519 340.157 298.291 156.081 87.5069 51.8885 225.569 439.195 159.079 187.423 349.318 292.154 318.483 293.95 617.49 597.922 314.45 283.472
internal_count=27200 19440 7760 8632 3466 10808 5364 3477 4924 4238 3091 4294 2492 1583 1342 972 500 268 1093 3268 686 1147 1883 1605 2505 1399 2511 2431 1277 1154
is_linear=0
shrinkage=0.03


Tree=27
num_leaves=31
num_cat=0
split_feature=35 36 35 35 14 12 18 27 25 22 6 28 7 25 25 35 12 6 22 46 13 22 25 21 3 29 31 39 30 3
split_gain=1465.69 494.161 238.317 113.008 101.526 89.0773 75.7466 56.8588 49.1456 40.8762 39.6419 32.4543 30.9657 30.3161 33.9587 29.8327 29.6005 27.5513 27.0932 29.8749 26.5816 26.0461 25.7157 35.0539 40.5417 33.9238 25.3309 24.192 23.5662 37.5247
threshold=174.00028419661984 0.10100874999999991 133.00071365887683 189.72827743081419 101.50000000000001 24.500000000000004 69.214285714285737 137.00000000000003 -0.8814490726585632 6.291666666666667 0.95000000000000007 0.0036850000000000003 -0.058333333333333293 0.98611507088852057 -0.8814490726585632 155.00119673625193 63.500000000000007 0.71666666666666667 6.6250000000000009 131.50000000000003 28.009384642706511 5.6250000000000009 1.0000000180025095e-35 0.37318019520632512 179.50000000000003 0.83000000000000007 0.006000000000000001 85.500000000000014 77.700000000000017 119.50000000000001
decision_type=2 2 2 2 2 2 2 2 2 2 2 2 2 2 2 2 2 2 2 2 2 2 2 2 2 2 2 2 2 2
left_child=1 4 21 12 -1 6 13 10 11 22 26 -8 -2 14 -4 -11 -12 -9 -16 -20 -5 28 25 24 -24 -10 27 -6 -3 -30
right_child=3 2 5 20 7 -7 8 17 9 15 16 -13 -14 -15 18 -17 -18 -19 19 -21 -22 -23 23 -25 -26 -27 -28 -29 29 -31
leaf_value=-0.031654332169690429 0.012294822767011207 -0.027086920171091985 -0.015352970501186756 0.029237901710214276 -0.022477699546881301 -0.020568826977275922 0.04159234480309177 -0.0053322613379314567 -0.011234108537251536 0.00047460686102790281 0.052822820138577753 -0.006533994653209905 0.02493672679919498 -0.018984515127030324 0.012506289773452625 0.018440902026870574 -0.017327439543586329 0.037898881818500492 -0.010945640239010401 0.019427298311296859 0.041936886781971584 -0.028929473377114885 0.038466048035585843 -0.0067134549947969113 -0.012937706378301307 0.04356873084881175 -0.027853615041170034 0.015848453493788019 0.051055846604600302 -0.010535927057107493
leaf_weight=812.36036011576653 404.55882959067822 34.699680671095848 86.236999057233334 327.35052613914013 33.692039921879768 112.84864257276058 12.92619578540325 188.9492896348238 10.939664855599402 143.958341807127 9.9128039628267306 132.72858519107103 311.07630486786366 74.841765597462654 210.22187228500843 196.19333431869745 10.005598761141298 13.267210379242895 123.12556007504463 37.116478234529495 296.48141860961914 238.39239481836557 67.230710461735725 36.8356793820858 16.781548291444778 96.836067423224449 299.51375096291304 24.958073355257511 11.028828278183935 33.371661528944969
leaf_count=7673 1730 264 553 1341 265 765 70 1178 56 748 56 808 1299 542 1039 873 69 63 641 176 1274 1908 323 188 93 403 2378 158 77 237
internal_value=-0.000178187 -0.0116059 -0.000630941 0.025994 -0.0248063 0.00484049 0.00715648 -0.0151819 0.0135298 0.0175055 -0.0220349 -0.00200852 0.0178172 -0.00141904 0.00149469 0.0108609 0.0184405 -0.00232337 0.00544728 -0.00383358 0.0353307 -0.0239895 0.027301 0.017567 0.0281667 0.0379539 -0.0243309 -0.00617605 -0.00892619 0.0055507
internal_weight=4408.44 3068.97 1676.31 1339.47 1392.66 1358.82 1245.97 580.299 714.43 568.775 378.082 145.655 715.635 531.543 456.701 340.152 19.9184 202.217 370.464 160.242 623.832 317.493 228.624 120.848 84.0123 107.776 358.164 58.6501 79.1002 44.4005
internal_count=27248 21604 9764 5644 11840 7278 6513 4167 3562 2684 2926 878 3029 2951 2409 1621 125 1241 1856 817 2615 2486 1063 604 416 459 2801 423 578 314
is_linear=0
shrinkage=0.03


Tree=28
num_leaves=31
num_cat=0
split_feature=35 36 35 35 26 25 25 6 33 35 25 29 25 33 26 25 29 27 25 26 26 21 1 25 25 1 25 27 23 23
split_gain=1440.89 397.989 228.459 171.039 78.6616 69.3616 72.6727 68.9243 72.1679 70.5205 55.3536 46.3442 53.0447 45.266 45.1727 60.8859 38.4859 36.0736 30.5132 28.8154 27.0236 26.6775 26.3671 25.5247 31.3133 27.5627 25.1105 25.0425 24.668 27.482
threshold=166.00469638784833 0.10100874999999991 182.25148274953824 133.00071365887683 0.47114434510950071 -0.60876142900872077 1.0000000180025095e-35 0.9833333333333335 163.00055806106769 175.46016453645782 -0.38268343236508934 1.1220000000000001 -0.97335555334614932 202.78111889596332 -0.13052619222005143 0.68322629814330826 0.83000000000000007 113.00000000000001 0.93540483100319627 0.29012925520284133 -0.97335555334614932 0.018167911175551405 147.35714285714286 -0.91037613702198728 -0.13052619222005143 118.78571428571431 -0.84874750804349186 135.00000000000003 0.15094936708860762 0.29249530956848036
decision_type=2 2 2 2 2 2 2 2 2 2 2 2 2 2 2 2 2 2 2 2 2 2 2 2 2 2 2 2 2 2
left_child=1 10 7 -3 5 19 16 8 18 -10 11 -1 -13 23 15 -8 -7 -6 20 -5 -2 -14 -23 -4 25 -25 -22 -17 -26 -30
right_child=2 3 13 4 17 6 14 -9 9 -11 -12 12 21 -15 -16 27 -18 -19 -20 -21 26 22 -24 24 28 -27 -28 -29 29 -31
leaf_value=-0.023378188030331124 0.0076378147765174959 -0.023160823284121852 0.0075174209498979115 -0.02163647040375381 -0.007062584424824817 -0.0083371690358845698 -0.015619180303132236 0.046590165052054607 -0.0069873967984799053 0.013396193020840908 -0.030755505212132019 -0.021100145167027327 0.063841104784580119 0.044294577518373221 -0.021844280430418667 -0.00037731266543616123 0.028156022348825114 0.027286520471623017 -0.00085471218280779222 0.0021287642411458862 0.01032007999096261 0.031754771973475961 -0.03014800127096684 -5.2199665518090086e-05 -0.018571812416512727 0.038017407668642832 0.034319423746915816 0.017975688075949028 0.02874070240622947 0.0041477639210484585
leaf_weight=156.18139527738094 74.109172865748405 310.49536675959826 52.435192957520485 173.3950591981411 33.787537895143032 31.975234746932983 120.23191163688898 44.548043996095657 325.26446981728077 286.29485991597176 938.971943795681 34.565864600241184 12.45364774763584 198.81507271528244 85.874513417482376 118.88672567158937 129.80267642438412 139.25317656993866 55.093003511428833 62.100784048438072 52.497159004211426 17.338464826345447 8.4217189252376539 18.133350595831871 12.284134268760679 303.32863496243954 168.44233325123787 151.93745714426041 203.40632200241089 51.589365437626839
leaf_count=1238 329 2471 212 1178 205 182 741 198 2025 1221 8803 239 57 882 624 624 574 589 277 351 242 87 47 74 50 1252 698 689 827 210
internal_value=2.80624e-05 -0.0146947 0.020166 -0.00364418 0.00215884 -0.00150632 0.00362764 0.0105078 0.00878975 0.00256125 -0.027527 -0.0142106 0.00551288 0.0317095 -0.00227509 0.002067 0.0209363 0.0205775 0.0196302 -0.015387 0.0234452 0.0295096 0.0111467 0.0277442 0.0295298 0.0358764 0.0286892 0.00994732 0.0217914 0.0238008
internal_weight=4371.91 2525.67 1846.24 1357.74 1047.25 874.204 638.709 1006.25 961.701 611.559 1167.93 228.961 72.7797 839.992 476.931 391.056 161.778 173.041 350.142 235.496 295.049 38.2138 25.7602 641.177 588.742 321.462 220.939 270.824 267.28 254.996
internal_count=27196 18699 8497 8228 5757 4963 3434 4990 4792 3246 10471 1668 430 3507 2678 2054 756 794 1546 1529 1269 191 134 2625 2413 1326 940 1313 1087 1037
is_linear=0
shrinkage=0.03


Tree=29
num_leaves=31
num_cat=0
split_feature=35 35 36 33 35 6 10 14 27 26 26 33 35 27 10 26 1 22 22 15 50 40 32 1 26 20 10 4 7 21
split_gain=1401.09 315.289 290.639 132.595 130.677 92.2623 59.4837 52.1416 53.0296 51.5797 50.2786 47.2905 45.3156 45.3145 33.5348 32.37 31.9572 32.1102 28.9322 28.8634 28.7049 28.3858 27.804 26.773 26.6784 23.2583 22.8685 27.5199 22.2334 21.3563
threshold=162.00088306846374 178.00068612435209 0.10100874999999991 159.65750068352298 130.38566747279785 0.51666666666666672 197.50000000000003 124.50000000000001 135.00000000000003 0.68322629814330826 -0.47114434510950048 193.79124139670853 172.0032004779861 140.50000000000003 217.50000000000003 0.25881904510252091 149.35714285714286 5.541666666666667 4.8750000000000009 201.50000000000003 117.50000000000001 1.4500000000000002 0.20100000000000004 114.35714285714288 0.41248606129204557 43.45000000000001 237.50000000000003 7.3432417876932989 1.0000000180025095e-35 0.3418507000076304
decision_type=2 2 2 2 2 2 2 2 2 2 2 2 2 2 2 2 2 2 2 2 2 2 2 2 2 2 2 2 2 2
left_child=2 3 7 19 -4 12 -6 -1 -9 10 13 23 -5 16 20 26 17 -8 -14 -2 -7 -12 -19 -3 -23 -20 -10 -28 -25 -17
right_child=1 11 4 5 6 14 9 8 15 -11 21 -13 18 -15 -16 29 -18 22 25 -21 -22 24 -24 28 -26 -27 27 -29 -30 -31
leaf_value=-0.03277233838185753 -0.0040503425110687552 -0.011829235640571209 -0.024523967374473429 -0.014426067665630435 -0.021249836150985246 0.051748850677612125 0.025430189972108851 -0.026620177855193588 -0.026891685178054809 0.029055422938194419 0.02618399203211735 0.041128510088035954 0.023023682565032767 0.030701714213623645 0.046642484340526286 0.049026497133329808 -0.026528399918222693 -0.01326969576693623 0.0044361955372844396 0.023052177301797934 -0.0011924755463338587 -0.012013445966507497 0.012521977626234063 0.023264214962759537 0.0073615985243298473 -0.015822634772806623 0.03315909079618666 -0.011099662556619169 0.034504680758881315 -0.0046042452190926224
leaf_weight=662.41628248244524 38.985601842403412 15.872513249516485 260.93373135477304 290.48554787039757 107.79709234833717 10.731333941221235 60.704763494431973 264.17868391424417 44.116909272968769 59.384727798402309 21.800189614295959 255.934101998806 49.464253157377243 68.93133519589901 39.346752993762493 14.537323847413065 27.671959310770035 73.888715676963329 159.18278855085373 352.97738453745842 42.81448170542717 326.85444305837154 74.585448361933231 508.67572925984859 78.742626808583736 73.849375993013382 16.541410803794861 44.301036834716797 241.02502700686455 11.447720915079115
leaf_count=6679 222 65 2136 2128 743 55 299 2227 333 267 126 1133 234 312 175 66 157 418 746 1554 225 2059 378 2087 373 380 94 285 987 58
internal_value=0.000333917 0.0180229 -0.0162437 0.00653346 -0.00587408 -0.00161968 -0.000447947 -0.0276143 -0.018906 0.00240454 0.000209288 0.0299029 -0.00612707 0.00947996 0.0259521 -0.00325903 0.00320062 0.00724094 0.00242741 0.020353 0.0101719 -0.00643008 -0.00031625 0.0261014 -0.00824312 -0.00202413 -0.0107064 0.00127471 0.0269191 0.0261044
internal_weight=4298.18 2079.34 2218.83 1057.84 1161.3 665.875 900.361 1057.54 395.123 792.564 733.179 1021.51 572.982 305.782 92.8926 130.944 236.851 209.179 282.496 391.963 53.5458 427.397 148.474 765.573 405.597 233.032 104.959 60.8424 749.701 25.985
internal_count=27001 9991 17010 5719 7268 3943 5132 9742 3063 4389 4122 4272 3488 1564 455 836 1252 1095 1360 1776 280 2558 796 3139 2432 1126 712 379 3074 124
is_linear=0
shrinkage=0.03


Tree=30
num_leaves=31
num_cat=0
split_feature=15 27 34 2 13 22 26 26 46 26 29 34 26 10 46 5 1 26 16 27 26 1 26 38 34 21 26 10 21 1
split_gain=809.043 537.418 277.821 189.314 170.643 87.1786 80.0469 127.188 72.7473 59.0255 56.6772 51.971 49.4595 39.9219 37.5038 36.8117 34.4194 33.726 34.9079 33.5734 32.8392 50.0607 33.7626 30.9721 27.7498 25.8011 25.6357 25.4989 24.2335 24.0426
threshold=70.500000000000014 115.50000000000001 160.102873798574 167.50000000000003 2.8526220614828222 6.291666666666667 0.47114434510950071 -0.38268343236508956 104.50000000000001 -0.065403129230143228 0.84300000000000008 182.56725606261526 0.25881904510252091 227.50000000000003 166.50000000000003 1.3 179.50000000000003 0.91037613702198772 2610.5000000000005 135.00000000000003 -0.98611507088852035 164.07142857142858 -0.5277851165098012 20.950000000000003 161.86236680679147 -1.4621465260768429 0.72947329433276265 92.500000000000014 -1.630858611733659 137.6428571428572
decision_type=2 2 2 2 2 2 2 2 2 2 2 2 2 2 2 2 2 2 2 2 2 2 2 2 2 2 2 2 2 2
left_child=3 5 4 9 6 8 7 10 15 -1 -3 -4 16 -12 -11 -2 -6 18 -8 -9 -15 22 23 -22 -5 28 -14 -10 -7 -29
right_child=1 2 11 24 12 25 17 19 27 14 13 -13 26 20 -16 -17 -18 -19 -20 -21 21 -23 -24 -25 -26 -27 -28 29 -30 -31
leaf_value=-0.0060268900887289921 -0.015435826106001298 -0.0080088072416954065 0.022688876510382906 -0.005023646353326216 -0.023171007223602793 -0.016406208552139468 0.03047383657702606 -0.016366717677023607 0.060037897995279699 -0.030695950388198622 -0.003442690935481876 0.039432432435788853 0.016963968799510412 0.0078442191007291363 0.038568951611998782 0.035685740608964768 0.012205103005082398 -0.012598336125656043 -0.023488563193162657 0.0011553189154559786 -0.0088015174701339387 -0.007129671081918516 0.014219336347920388 0.034109349039314507 0.025301736323634791 -0.028533452752901069 -0.015102214164785898 0.036182716053124037 0.052502467426464729 -0.0061750544138741642
leaf_weight=103.28168977051973 213.02541770040989 84.635856673121452 436.40177305787802 43.974658809602261 215.75832500308752 12.492375604808332 262.20694540441036 150.76472820341587 13.063929066061972 830.53373907506466 71.217264711856842 276.7751212567091 64.593971110880375 151.57884451746941 6.2877488583326331 12.541981995105742 27.316945970058441 18.875404335558414 10.548686176538466 279.63699740916491 15.534854203462599 42.635514162480831 139.67543168365955 307.47213414311409 68.825195729732513 350.46833883225918 33.186479546129704 21.45152124017477 5.9895775765180579 25.528001166880131
leaf_count=635 1568 463 1906 256 1538 103 1085 975 63 8108 390 1234 328 683 27 67 132 128 47 1515 85 225 602 1361 318 2882 204 118 40 139
internal_value=-0.000250705 0.00716749 0.0133077 -0.0230869 0.00724007 -0.0171006 0.0115039 0.00817279 -0.00463168 -0.0274913 0.0151494 0.029233 -0.0119362 0.0178486 -0.0301301 -0.0124484 -0.0191617 0.025627 0.0283087 -0.00500616 0.0201587 0.0238298 0.0266919 0.0320248 0.0135392 -0.0267144 0.00603806 0.0244566 0.00747417 0.0135171
internal_weight=4296.28 3243.38 2588.82 1052.9 1875.64 654.561 1534.78 1243.15 285.611 940.103 812.75 713.177 340.856 728.114 836.821 225.567 243.075 291.631 272.756 430.402 656.897 505.318 462.682 323.007 112.8 368.95 97.7805 60.0435 18.482 46.9795
internal_count=27225 17881 12901 9344 9761 4980 7559 6299 1955 8770 3809 3140 2202 3346 8135 1635 1670 1260 1132 2490 2956 2273 2048 1446 574 3025 532 320 143 257
is_linear=0
shrinkage=0.03


Tree=31
num_leaves=31
num_cat=0
split_feature=35 15 27 10 25 25 35 39 25 25 26 22 25 22 11 6 25 31 27 39 35 35 21 4 48 23 4 19 25 25
split_gain=1231.58 394.042 234.318 143.912 129.775 93.4043 76.9891 52.4963 51.2663 50.1735 49.4302 48.8879 45.4878 44.3205 57.8053 42.7868 42.1515 38.4474 33.9141 33.8951 33.5446 29.9602 29.8089 29.5068 27.3728 30.7528 26.5994 27.4554 25.5475 35.0807
threshold=175.00499586959049 70.500000000000014 105.50000000000001 212.50000000000003 -0.91037613702198728 -0.16280825711808972 200.96495963958247 81.700000000000017 0.58216583101416142 0.097964660725097311 -0.065403129230143228 6.541666666666667 -0.77259657388510627 5.6250000000000009 31.500000000000004 0.51666666666666672 0.95642797789208711 0.13450000000000004 135.00000000000003 88.90000000000002 167.85791923535669 165.00234464938856 -0.67184450938563589 15.432329700639849 198.50000000000003 0.22082043343653249 4.3109163719053738 9.4642857142857171 -0.065403129230143187 -0.91037613702198728
decision_type=2 2 2 2 2 2 2 2 2 2 2 2 2 2 2 2 2 2 2 2 2 2 2 2 2 2 2 2 2 2
left_child=1 10 -3 13 18 7 15 11 9 -7 -1 23 -9 14 -4 26 17 19 -5 22 -12 -15 -10 -6 25 -21 -2 28 29 -28
right_child=6 2 3 4 5 8 -8 12 16 -11 20 -13 -14 21 -16 -17 -18 -19 -20 24 -22 -23 -24 -25 -26 -27 27 -29 -30 -31
leaf_value=-0.0055285324862219733 0.034975140513789124 -0.026677875348819005 -0.0054553004379294693 -0.02432260305198386 0.030849311217046659 0.0036774039422451488 0.036037758573910859 0.0099975474962963207 0.027698212227597926 -0.026251703439698505 -0.031499451791820392 -0.014876561914639619 0.03563581679379945 -0.023861376563148354 0.054639956791694089 0.035392327254616572 -0.007606689455580593 0.03915409605973616 -0.002724230802230949 -0.015013823439622622 -0.011186856672783877 -0.0063774687232761368 -0.0079698281319394021 -0.024160200658974812 0.042054498895760892 0.023191166373906367 0.0011125647039166321 0.026521995516614182 0.0048751895602481129 0.024965509518255012
leaf_weight=86.632236659526825 66.771357282996178 328.40931777656078 86.680586412549019 120.80808974802494 56.23294148594141 119.7764004021883 384.91301175951958 88.706313133239746 25.512012153863907 85.786137007176876 728.34198673069477 58.106730885803699 216.25479461997747 248.19086328148842 16.245426841080189 134.93094356358051 97.27351725846529 48.828444831073284 141.98784673213959 26.338239133358002 82.929723180830479 137.99166761338711 102.07839767634869 9.5977219641208631 38.341558933258057 61.896034672856331 77.6161108314991 148.00824789702892 248.73622891306877 194.52303922176361
leaf_count=572 274 2860 565 903 273 608 1709 399 126 606 7546 337 928 1876 96 556 569 215 880 112 608 815 536 59 166 264 322 607 1044 803
internal_value=-9.95433e-05 -0.0105018 -0.00342843 0.00085769 0.00608515 0.0108657 0.0248524 0.0215612 0.00327076 -0.00887935 -0.0271411 0.00504452 0.0282353 -0.012994 0.00446438 0.0198713 0.00951718 0.0150216 -0.0127076 0.0102501 -0.0294394 -0.0176466 -0.00067798 0.0225877 0.0211848 0.0117464 0.0169803 0.0151344 0.011854 0.0181915
internal_weight=4268.45 3012.95 2115.04 1786.63 1297.53 1034.73 1255.5 428.899 605.831 205.563 897.904 123.937 304.961 489.109 102.926 870.586 400.268 302.995 262.796 254.166 811.272 386.183 127.59 65.8307 126.576 88.2343 735.655 668.884 520.875 272.139
internal_count=27234 21919 13193 10333 6981 5198 5315 1996 3202 1214 8726 669 1327 3352 661 3606 1988 1419 1783 1204 8154 2691 662 332 542 376 3050 2776 2169 1125
is_linear=0
shrinkage=0.03


Tree=32
num_leaves=31
num_cat=0
split_feature=35 35 36 27 1 35 26 20 25 25 14 27 33 40 22 33 42 26 29 25 14 10 22 26 20 31 37 22 12 22
split_gain=1173.36 278.835 252.24 121.629 96.7086 86.9986 71.6276 65.5197 53.3772 67.5779 52.142 64.8379 36.301 34.4295 33.4908 31.1077 28.0831 26.4078 25.6731 24.0518 22.208 31.8725 22.4337 22.379 22.0556 21.408 21.0215 20.6616 41.0745 19.7783
threshold=161.00382856480954 182.25148274953824 0.10100874999999991 105.50000000000001 157.92857142857147 172.0032004779861 0.41248606129204557 39.319230769230778 -0.60876142900872077 1.0000000180025095e-35 101.50000000000001 137.00000000000003 195.8422620608242 5.8000000000000007 5.8750000000000009 161.01066721541403 1.5000000000000002 0.25881904510252091 0.81650000000000011 0.63405362205439475 61.500000000000007 232.50000000000003 6.1250000000000009 0.47114434510950071 45.003846153846162 0.065500000000000017 47.500000000000007 5.6250000000000009 33.500000000000007 4.791666666666667
decision_type=2 2 2 2 2 2 2 2 2 2 2 2 2 2 2 2 2 2 2 2 2 2 2 2 2 2 2 2 2 2
left_child=2 4 10 -4 7 15 8 27 -5 18 -1 -12 -3 14 24 -6 -16 19 -10 -13 -9 22 -22 -23 -11 -8 -7 -2 -29 -27
right_child=1 12 3 6 5 26 25 20 9 13 11 17 -14 -15 16 -17 -18 -19 -20 -21 21 23 -24 -25 -26 29 -28 28 -30 -31
leaf_value=-0.032295152177741232 0.036499226081411436 0.025567049869148033 -0.026597671257417417 -0.018717063994144384 0.013955881902092293 0.016079197770864653 0.031301812757344775 -0.016228089559217802 -0.014626380866696584 0.035089867555116179 -0.02631614394653704 -0.013560695798567597 0.03972902414851482 -0.013795711714785691 -0.008245951903606729 -0.016039322514623096 0.040769930833329478 0.02946271641854227 0.024884785325617841 0.024396487208065826 0.017805393846937825 0.010166442246322549 -0.018827749968611376 0.040021675889337187 -0.0028949492418530714 0.045144010001811605 0.0022777754897735595 0.024592290451501263 -0.0080756087833535606 0.0025784746297296359
leaf_weight=607.88504307717085 90.893604293465614 566.770004555583 207.19975389540195 187.6409849524498 34.47867277264595 188.80684381723404 61.307429671287537 39.438118480145931 16.527838714420795 38.484302267432213 260.86700563877821 77.717921078205109 236.21628126502037 228.19009956717491 138.37263604253531 264.16280039399862 10.388962611556051 21.916889905929565 104.99612588435411 17.611318185925484 20.285241700708866 114.700624153018 50.911097146570683 27.532940819859505 20.894405230879784 10.303892329335211 209.16952082514763 235.42879753559828 40.090585395693779 76.220961801707745
leaf_count=6600 404 2351 1817 1343 192 859 267 276 94 195 2302 542 1090 1454 826 2016 58 102 474 102 98 511 274 114 136 47 959 1017 220 372
internal_value=0.000134999 0.0158563 -0.01583 -0.00594812 0.00734521 -0.00032573 -0.00113425 0.0159607 -0.00492185 -0.000256481 -0.0268426 -0.0180146 0.0297773 -0.00577288 0.00304668 -0.0125413 -0.00457349 0.000522426 0.0194356 -0.00636794 0.00418954 0.00802044 -0.00828819 0.0161848 0.0218971 0.0178708 0.0088493 0.0240507 0.0198268 0.0081053
internal_weight=4205.41 2118.89 2086.53 1100.53 1315.9 696.618 893.328 619.281 745.495 557.854 985.998 378.113 802.986 436.33 208.14 298.641 148.762 117.246 121.524 95.3292 252.868 213.43 71.1963 142.234 59.3787 147.832 397.976 366.413 275.519 86.5249
internal_count=27112 10381 16731 7083 6940 4026 5266 2914 4580 3237 9648 3048 3441 2669 1215 2208 884 746 568 644 1273 997 372 625 331 686 1818 1641 1237 419
is_linear=0
shrinkage=0.03


Tree=33
num_leaves=31
num_cat=0
split_feature=35 14 27 35 13 25 25 25 25 22 1 35 35 22 20 21 25 40 1 37 27 23 25 25 23 7 31 40 1 23
split_gain=1124.16 334.441 190.742 157.496 125.27 90.2881 63.4921 60.3754 52.1773 47.9711 39.6252 48.1881 34.1098 34.1017 33.0962 27.9266 27.5453 27.4307 27.2942 26.4527 28.1609 31.3618 31.1829 25.482 38.458 25.4469 24.7558 24.483 23.6143 23.4914
threshold=168.00075621690624 61.500000000000007 115.50000000000001 184.47000652837451 3.4153371232960481 -0.93540483100319605 -0.065403129230143187 -0.72947329433276231 0.63405362205439475 5.6250000000000009 161.92857142857147 176.5017866108484 200.96495963958247 5.791666666666667 37.861538461538473 -1.4621465260768429 0.097964660725097311 9.7000000000000011 142.21428571428575 36.500000000000007 137.00000000000003 0.22082043343653249 0.88144907265856365 1.0000000180025095e-35 0.2566202090592335 -0.1083333333333333 0.0095000000000000015 2.0500000000000003 118.35714285714288 0.17817460317460312
decision_type=2 2 2 2 2 2 2 2 2 2 2 2 2 2 2 2 2 2 2 2 2 2 2 2 2 2 2 2 2 2
left_child=1 -1 9 10 5 -4 7 27 16 17 14 -12 28 -10 25 23 -8 -3 -19 -15 26 -22 -23 24 -11 -2 -21 -7 -5 -29
right_child=3 2 4 12 -6 6 8 -9 13 15 11 -13 -14 19 -16 -17 -18 18 -20 20 21 22 -24 -25 -26 -27 -28 29 -30 -31
leaf_value=-0.029095225336428727 0.012349947831566446 -0.01261833994795271 -0.014140738534754872 -0.012630108119923 -0.020620243631450281 0.045985377816061088 0.0016476666349118133 0.02975435233191091 0.025162917630532643 -0.014620174942045516 -0.0034358595468446666 0.0151416741562484 0.035349271388633578 0.029888089590006217 0.0085814230943286121 -0.028139218157359983 -0.02374108928335723 0.039648621007731179 -0.016610596540934743 0.0096275295124318566 -0.019766922975658224 0.03780879800222281 0.0013985947743230436 -0.031461617628728303 0.085048414858544683 0.032866641883873955 -0.02882407948789437 0.041872408279782815 0.023979864840413596 -0.0021396358693794907
leaf_weight=790.19449705630541 91.23528753221035 128.41093212366104 170.68623386323452 16.000066354870796 195.30716263502836 11.062020294368265 71.977548353374004 206.19194554537535 88.020578540861607 6.8200624883174914 283.67479761689901 224.18188634514809 374.83918116986752 27.367138504981995 219.01843321323395 355.16211747378111 81.291348874568939 19.274766229093078 11.848704941570757 21.652697831392288 27.159148633480072 35.535970062017441 50.525212422013283 8.1831352338194829 5.6334775760769844 140.72443816810846 45.671578675508499 10.888016954064367 357.11491920053959 132.46259960532188
leaf_count=8281 387 965 1213 65 1510 50 364 890 425 62 1653 930 1702 127 1008 3167 596 105 71 107 124 152 241 69 31 605 248 51 1476 640
internal_value=-0.00015879 -0.0129654 -0.00550399 0.018606 0.00125777 0.00563229 0.00981224 0.0191694 0.00227468 -0.0203301 0.01054 0.00477841 0.0289183 0.00962342 0.0170034 -0.026171 -0.0118847 -0.00649399 0.0183804 0.00295574 -0.00126884 0.0078517 0.0166945 0.00743736 0.0334363 0.0248846 -0.0164974 0.00493457 0.0223804 0.00147016
internal_weight=4208.12 2501.33 1711.13 1706.79 1175.8 980.492 809.806 360.605 449.201 535.333 958.835 507.857 747.954 295.932 450.978 375.799 153.269 159.534 31.1235 207.912 180.545 113.22 86.0612 20.6367 12.4535 231.96 67.3243 154.413 373.115 143.351
internal_count=27315 19489 11208 7826 6738 5228 4015 1631 2384 4470 4583 2583 3243 1424 2000 3329 960 1141 176 999 872 517 393 162 93 992 355 741 1541 691
is_linear=0
shrinkage=0.03


Tree=34
num_leaves=31
num_cat=0
split_feature=35 35 14 27 10 33 6 26 26 33 35 18 20 26 35 46 26 29 39 27 29 18 21 4 20 18 12 30 46 6
split_gain=1078.83 261.159 229.731 141.737 98.9578 93.302 78.3219 62.2191 75.2783 53.04 39.9521 35.4164 32.0823 30.4957 26.5444 26.3807 25.7228 26.2165 25.5073 24.4183 22.5488 21.0139 20.1836 19.915 20.7386 19.4077 22.3588 20.7906 20.696 22.3625
threshold=161.00382856480954 178.00068612435209 1.0000000180025095e-35 105.50000000000001 202.50000000000003 161.01066721541403 0.91666666666666674 0.41248606129204557 -0.38268343236508956 189.68797671968693 168.39165928462828 70.642857142857153 36.403846153846168 1.0000000180025095e-35 145.41081453806785 131.50000000000003 0.25881904510252091 1.0645000000000002 80.850000000000009 128.50000000000003 1.8050000000000004 73.642857142857153 -0.55623824302648817 9.8503197753573968 47.957692307692319 72.214285714285737 60.500000000000007 79.65000000000002 146.00000000000003 0.24999999999999997
decision_type=2 2 2 2 2 2 2 2 2 2 2 2 2 2 2 2 2 2 2 2 2 2 2 2 2 2 2 2 2 2
left_child=2 5 13 -4 16 12 10 8 11 19 -7 15 -2 22 -10 23 -5 -18 -9 -3 -11 -19 -1 24 -6 27 -27 28 29 -12
right_child=1 9 3 4 7 6 -8 18 14 20 25 -13 -14 -15 -16 -17 17 21 -20 -21 -22 -23 -24 -25 -26 26 -28 -29 -30 -31
leaf_value=0.015627656018676717 0.025156624005359111 0.0058053246009766623 -0.027374570974780809 -0.027113267407891186 -0.0046651403861393929 -0.016724097916972665 0.036576043216172097 -0.00052677336743455535 -0.023213588007956587 0.03923379683598064 -0.010001586633377777 0.014183378865892687 0.008722137149435278 -0.032253635000093039 -0.0051230610561857539 0.025474546784923748 -0.018272986976399945 0.047315122576737589 0.02573482727653079 0.023580029526007816 0.0018851011463845554 -0.014187867958760604 -0.020331520727649342 -0.023723659941136482 0.040989458301715971 0.013168388639627576 -0.016706406463059455 -0.012732116223403549 0.026210342042781026 0.022249481222937986
leaf_weight=17.679638005793095 181.02208557724953 78.887684613466263 286.28971060365438 169.25900076329708 119.5060945302248 183.35716357827187 42.623359099030495 47.333556242287159 149.85442197322845 262.21377819776535 81.564135871827602 206.34591190516949 263.29168443381786 601.76522704213858 142.84264959394932 23.867731593549252 37.419571205973625 11.846020825207235 110.84523358941078 640.36691366136074 15.50928311049938 7.5758643671870223 57.420832075178623 48.335671044886112 8.6744663715362531 133.9683952704072 26.176643170416355 144.1128249168396 27.775617375969887 24.282411247491837
leaf_count=137 803 324 2678 1416 670 1496 200 267 1145 1231 463 1036 1256 6776 878 108 274 64 492 2661 66 40 451 316 53 680 139 805 144 124
internal_value=-0.000210201 0.0148653 -0.0157147 -0.00863915 -0.00366901 0.00483538 -0.00228765 0.000992749 -0.00285608 0.0259978 -0.00500861 0.00548969 0.0154593 -0.0300019 -0.0144325 -0.00348864 -0.0212777 -0.00373266 0.0179223 0.0216413 0.0371623 0.0238047 -0.0117721 -0.00752635 -0.00128213 -7.59528e-05 0.00821181 -0.00486708 0.003647 -0.00246383
internal_weight=4152.01 2105.15 2046.86 1370 1083.71 1108.17 663.861 857.606 699.427 996.978 621.237 406.73 444.314 676.866 292.697 200.384 226.1 56.8415 158.179 719.255 277.723 19.4219 75.1005 176.516 128.181 437.88 160.145 277.735 133.622 105.847
internal_count=27193 10392 16801 9437 6759 6110 4051 4965 4206 4282 3851 2183 2059 7364 2023 1147 1794 378 759 2985 1297 104 588 1039 723 2355 819 1536 731 587
is_linear=0
shrinkage=0.03


Tree=35
num_leaves=31
num_cat=0
split_feature=14 27 34 1 25 25 25 22 46 26 10 25 49 25 21 34 25 5 21 22 30 46 40 31 27 16 29 29 21 6
split_gain=682.226 403.395 205.512 146.17 118.873 155.765 130.859 89.2829 71.8201 68.0065 58.9089 59.6642 50.3494 49.1899 44.9864 36.546 34.3395 33.8783 33.2486 36.4305 31.4239 31.2002 29.7899 28.8085 27.9634 26.9951 29.4112 25.8632 24.4017 23.8633
threshold=78.500000000000014 115.50000000000001 173.21538938241244 175.21428571428575 -0.93540483100319605 1.0000000180025095e-35 0.63405362205439475 6.4583333333333348 104.50000000000001 -0.065403129230143228 232.50000000000003 -0.81241147629688981 84.500000000000014 0.097964660725097311 0.6898304285815251 154.7040681502564 -0.19509032201612828 0.96666666666666667 -0.74026719330855129 5.4583333333333348 84.050000000000026 157.00000000000003 7.4500000000000011 0.21050000000000002 135.00000000000003 2765.5000000000005 0.84300000000000008 1.2245000000000001 0.45641419620367929 0.95000000000000007
decision_type=2 2 2 2 2 2 2 2 2 2 2 2 2 2 2 2 2 2 2 2 2 2 2 2 2 2 2 2 2 2
left_child=3 7 4 9 15 10 13 8 17 -1 18 24 -8 -7 22 -3 25 -2 -6 -20 -16 -11 -14 -9 -12 26 -13 -21 -23 -15
right_child=1 2 -4 -5 5 6 12 23 -10 21 11 16 14 29 20 -17 -18 -19 19 27 -22 28 -24 -25 -26 -27 -28 -29 -30 -31
leaf_value=-0.0030295018684063221 -0.015019081479512534 -0.014827564308487298 0.032140557499344448 0.0098032471710332754 0.03035227047828706 0.0043914873681630924 0.021983974557482071 -0.028397300706873997 0.025164950135309908 -0.030098043469100236 -0.0090028396456793679 0.0089731632492416509 0.0027909195430969422 -0.022242032746088158 -0.024012821619780432 0.0074298148542787509 0.016680837791282651 0.021711509622366329 0.027193205843924137 -0.0071041311471122933 0.036181730365226573 0.028974398828454245 0.027472705326946342 0.016748125622934665 0.016910713243109752 -0.0038066351695070382 0.038415154539508355 0.022500164675280692 -0.026901963211785843 0.032798900313941504
leaf_weight=103.22792637348175 207.60293950140476 229.82205084711313 384.34276615083218 116.05918880552053 48.553121820092201 102.67854280769825 223.66563967615366 297.51992285996675 61.423898234963417 751.10162385553122 54.325094364583492 34.461004137992859 151.6109421402216 222.2377143278718 65.490464828908443 92.487238220870495 147.2889442294836 24.459779277443886 45.524678975343704 163.92758566141129 7.9457640573382369 14.102347031235697 61.168090268969536 12.663023114204405 116.25384704768658 16.127664998173714 326.63406816124916 30.665988110005856 12.176580086350439 6.4699057489633551
leaf_count=649 1637 1625 1759 604 217 497 1009 2658 328 8232 269 159 765 1541 345 459 618 140 221 882 38 71 275 99 507 72 1378 142 69 30
internal_value=-0.000164504 0.00670907 0.0119635 -0.0217727 0.00833879 0.0113046 0.00182245 -0.0153103 -0.00342752 -0.0259406 0.0194032 0.0241311 0.0113528 -0.0128313 0.0029974 -0.00843754 0.0291386 -0.0110711 0.00797465 0.00334267 -0.0171012 -0.0289751 0.00998157 -0.0265064 0.00865353 0.0339459 0.0356379 -0.00234761 0.00304651 -0.020549
internal_weight=4132.02 3135.35 2531.68 996.668 2147.34 1825.03 841.267 603.67 293.487 880.608 983.762 695.091 509.881 331.386 286.215 322.309 524.512 232.063 288.671 240.118 73.4362 777.381 212.779 310.183 170.579 377.223 361.095 194.594 26.2789 228.708
internal_count=27295 17670 12808 9625 11049 8965 4500 4862 2105 9021 4465 3003 2432 2068 1423 2084 2227 1777 1462 1245 383 8372 1040 2757 776 1609 1537 1024 140 1571
is_linear=0
shrinkage=0.03


Tree=36
num_leaves=31
num_cat=0
split_feature=14 27 34 0 25 25 25 22 26 13 25 46 0 49 29 25 6 26 46 1 6 10 37 20 22 6 25 16 22 24
split_gain=618.394 393.299 211.663 152.396 119.127 143.051 110.847 81.9638 74.4888 69.249 53.4684 52.3498 46.3352 45.9405 38.0049 37.3877 35.5025 34.7027 31.8663 33.2051 29.4107 28.034 27.0081 32.6207 26.0308 25.5809 25.4308 26.9737 25.3989 24.4448
threshold=78.500000000000014 115.50000000000001 172.28240422928232 167.50000000000003 -0.93540483100319605 1.0000000180025095e-35 0.68322629814330826 6.4583333333333348 1.0000000180025095e-35 2.8526220614828222 -0.81241147629688981 104.50000000000001 169.50000000000003 84.500000000000014 0.89050000000000018 0.16280825711808983 0.58333333333333337 0.38268343236508995 146.00000000000003 181.78571428571431 1.1500000000000001 92.500000000000014 31.500000000000004 39.165384615384632 5.791666666666667 1.3500000000000003 -0.13052619222005143 2765.5000000000005 5.041666666666667 0.18533094812164577
decision_type=2 2 2 2 2 2 2 2 2 2 2 2 2 2 2 2 2 2 2 2 2 2 2 2 2 2 2 2 2 2
left_child=3 7 4 8 12 9 15 11 -1 10 17 20 -3 -8 28 -7 -17 -6 19 -5 -2 -13 -15 24 -24 -9 27 -16 -12 -20
right_child=1 2 -4 18 5 6 13 25 -10 -11 14 21 -14 22 26 16 -18 -19 29 -21 -22 -23 23 -25 -26 -27 -28 -29 -30 -31
leaf_value=-0.0058512133510803038 -0.013006934845759349 -0.014648699367309987 0.031716457224702836 -0.01386095415386788 -0.016810577881118945 0.0012325144458381677 0.021323472851745816 -0.027489261065301567 -0.030750011879823347 0.0016987316442872867 0.027869236626549301 0.058866683749240652 0.013301246943952924 0.024248094097248409 0.035329059785305393 -0.0234587654218977 0.014850600543891973 0.014967422445000959 0.051207135389602455 0.021127949449383416 0.036807370442319715 0.0096024325575260715 0.027862349414525259 -0.014663864934902208 -0.00096733554278028908 0.038321873910041916 0.016463460601765859 -0.0035009975255138005 -0.0045902217759078148 0.0088453849781421241
leaf_weight=129.92320993542671 214.57448960840702 257.5795371979475 395.4588820040226 92.307759769260883 36.585211351513863 131.40112935006618 212.3689022436738 300.79983025789261 660.17642338573933 178.39286767691374 35.832287237048149 12.633961886167524 66.429104924201965 42.56047547608614 380.45867730677128 188.5709300339222 23.912668101489544 176.46182690560818 17.030585438013077 32.093584351241589 10.271947614848612 46.127306550741196 40.644855186343193 96.310616910457611 87.027194187045097 4.5770424008369437 99.335256293416023 16.630939081311226 52.223670065402985 40.055874027311802
leaf_count=909 1681 1801 1821 583 214 682 952 2748 7613 969 156 61 313 189 1612 1361 118 770 83 151 53 255 182 511 425 24 412 73 239 181
internal_value=-0.00010291 0.00642986 0.0115917 -0.02098 0.0078293 0.0108452 0.00162698 -0.0156216 -0.0266682 0.0186074 0.0223827 -0.00398426 -0.00889503 0.0109484 0.0270699 -0.0113486 -0.0190981 0.00945735 0.00379376 -0.00473787 -0.0105783 0.0210023 0.00263315 -0.00156358 0.00835591 -0.026381 0.0302894 0.0336981 0.00878301 0.0221472
internal_weight=4078.76 3107.17 2518.19 971.587 2122.73 1798.72 822.797 588.985 790.1 975.921 797.528 283.608 324.009 478.912 584.481 343.885 212.484 213.047 181.488 124.401 224.846 58.7613 266.543 223.983 127.672 305.377 496.425 397.09 88.056 57.0865
internal_count=27142 17622 12800 9520 10979 8865 4420 4822 8522 4445 3476 2050 2114 2259 2492 2161 1479 984 998 734 1734 316 1307 1118 607 2772 2097 1685 395 264
is_linear=0
shrinkage=0.03


Tree=37
num_leaves=31
num_cat=0
split_feature=35 35 36 35 1 35 14 14 27 12 12 33 6 26 11 18 1 29 26 7 49 24 4 8 26 12 19 3 3 1
split_gain=944.996 216.246 214.484 98.0405 72.9227 61.4407 58.3436 48.9892 52.4062 46.3974 42.4317 39.473 36.6233 34.0814 31.3896 29.3806 27.706 29.5615 25.3097 24.4764 22.9244 23.7257 22.3765 26.3851 21.9691 21.4149 22.6573 20.3352 20.9135 19.4667
threshold=161.00382856480954 181.63358731527063 0.10100874999999991 131.00386538286173 162.50000000000003 172.51009944370512 36.500000000000007 101.50000000000001 135.00000000000003 35.500000000000007 11.500000000000002 205.60855771946493 0.71666666666666667 0.68322629814330826 29.500000000000004 71.928571428571445 118.78571428571431 1.8050000000000004 -0.97335555334614932 -1.0000000180025095e-35 82.500000000000014 0.19253938832252088 4.5642085303422038 -0.23333333333333328 -0.97335555334614932 8.5000000000000018 7.8928571428571468 122.50000000000001 157.50000000000003 153.92857142857147
decision_type=2 2 2 2 2 2 2 2 2 2 2 2 2 2 2 2 2 2 2 2 2 2 2 2 2 2 2 2 2 2
left_child=2 4 7 -4 6 24 -2 -1 -9 13 12 16 18 15 -12 -5 -3 19 -8 -18 -16 -22 -7 -24 -6 26 -10 -17 -29 -28
right_child=1 11 3 9 5 22 10 8 25 -11 14 -13 -14 -15 20 27 17 -19 -20 -21 21 -23 23 -25 -26 -27 29 28 -30 -31
leaf_value=-0.031557576941960978 -0.014692187866175543 -0.0050590211041056212 -0.022648776698567425 -0.0060335467618436826 0.020822818457117739 0.032789104412578769 0.0032674562726865428 -0.025325385323881056 -0.0058440871195405697 -0.02956202452397827 -0.01960849474235692 0.039597266342033512 0.04677185041654542 0.022673711086158902 0.033057090857976069 -0.018906223780285326 0.020735954561281095 -0.012900291486727163 0.021049132352220383 0.033667921513444693 0.026694192638729426 -0.010008650862915471 0.014676177486568291 -0.0026492909120325622 -0.015713405644884298 -0.01975933452927792 0.038098114538176908 0.016134861637189021 -0.00070947372336674472 -0.012072922551430807
leaf_weight=539.87995098531246 61.758662238717079 30.279011145234108 244.59768934547901 435.40828321129084 15.026494406163691 25.845446363091469 91.39581386744976 236.7984394878149 48.884326219558716 47.489425271749496 43.550471343100071 159.48092558979988 41.259253315627575 57.658169321715832 28.160058334469795 25.463728360831738 382.4340685158968 18.185170337557793 346.56745121628046 208.69485379755497 22.066610597074032 49.690450683236122 130.71814402937889 197.45250056684017 220.19849352538586 37.002400435507298 26.10858840495348 148.94240136444569 118.8292925581336 8.8233939334750158
leaf_count=6632 491 127 2242 2702 93 114 407 2258 301 398 262 808 177 264 141 143 1618 78 1526 908 105 273 594 914 1736 296 147 732 691 56
internal_value=-0.000174852 0.0139729 -0.0150158 -0.00598956 0.00628913 -0.00144766 0.0129421 -0.0258425 -0.0171508 -0.00108121 0.0157021 0.0261972 0.0199791 0.000674282 0.00137595 -0.00109524 0.0227994 0.0241898 0.0173543 0.0253507 0.010626 0.00148991 0.00644365 0.00427547 -0.0133012 -0.00105272 0.00734128 0.00623295 0.00868501 0.0254422
internal_weight=4048.65 2072.76 1975.89 1078.39 1273.69 589.241 684.449 897.497 357.617 833.791 622.69 799.074 479.223 786.302 143.468 728.644 639.593 609.314 437.963 591.129 99.9171 71.7571 354.016 328.171 235.225 120.819 83.8163 293.235 267.772 34.932
internal_count=27234 10372 16862 7172 6833 3451 3382 9690 3058 4930 2891 3539 2110 4532 781 4268 2731 2604 1933 2526 519 378 1622 1508 1829 800 504 1566 1423 203
is_linear=0
shrinkage=0.03


Tree=38
num_leaves=31
num_cat=0
split_feature=14 27 33 33 13 25 25 22 40 25 25 25 25 6 36 33 27 10 18 25 23 39 31 21 39 36 17 1 23 32
split_gain=587.94 350.925 201.26 185.964 120.085 144.835 125.512 89.2331 62.776 62.1659 67.3414 62.7851 59.3921 40.1236 36.7244 35.9947 35.5482 31.9671 27.3179 27.1189 26.5356 26.0592 25.843 27.9377 31.5607 25.6467 25.1648 24.7819 23.2891 30.7364
threshold=78.500000000000014 115.50000000000001 179.00362113008842 173.00393232681583 2.8526220614828222 -0.93540483100319605 -0.065403129230143187 6.8750000000000009 9.7000000000000011 0.63405362205439475 0.097964660725097311 0.91037613702198772 -0.81241147629688981 1.0166666666666668 0.10100874999999991 168.00065334710715 140.50000000000003 92.500000000000014 71.500000000000014 -0.75183980747897738 0.19448997604337412 89.050000000000011 0.12200000000000001 0.73979396832918953 83.850000000000009 0.20397499999999999 5679.0000000000009 143.92857142857147 0.23154623154623152 0.18200000000000002
decision_type=2 2 2 2 2 2 2 2 2 2 2 2 2 2 2 2 2 2 2 2 2 2 2 2 2 2 2 2 2 2
left_child=3 7 4 14 5 -3 12 8 13 10 -8 22 21 25 -1 19 18 -10 -14 -6 -5 -7 23 24 -11 -2 -19 -28 29 -16
right_child=1 2 -4 20 15 6 9 -9 17 11 -12 -13 16 -15 28 -17 -18 26 -20 -21 -22 -23 -24 -25 -26 -27 27 -29 -30 -31
leaf_value=-0.029951113094022108 -0.022536441692774946 -0.0099290510540448237 0.032293162977207288 0.032859534070347411 -0.0027077305019357432 -0.0014813380043453676 0.0076967647300133536 -0.029495801465761733 0.057926320937972023 -0.0028706621017595716 -0.022293498105039673 0.001328793864535106 0.011366591802853359 0.026793484290859142 0.026086527828645466 0.0031890844356012786 0.036935092973474491 -0.0085491207631812251 0.030279271322976187 -0.023212762915955004 0.0029020418036586775 0.019399314516134091 0.042757480648381273 -0.0098264237171465669 0.029953875615908957 -0.0042577682538450443 0.069009899204923619 -0.0012191776554350301 -0.023280376524823079 -0.015085244808284911
leaf_weight=621.37994460761547 149.73895913362503 247.46778371185064 349.06822480261326 33.516610130667686 103.15006843209267 96.541054844856262 153.86280032247305 222.87282083928585 15.544321097433565 33.221957936882973 118.39316262304783 223.32089027762413 133.77378275245428 22.441783607006073 24.026868723332882 191.40076340734959 255.25497400760651 28.144970282912254 144.62900675833225 132.63714434951544 117.21282438933849 120.10188096761703 49.318155556917191 26.743173487484455 123.68569441139698 128.58246019482613 8.7637088596820849 8.3599685505032522 100.54047054052353 45.905400171875954
leaf_count=7602 1308 1595 1656 149 701 472 703 2128 76 159 792 1077 583 120 185 924 1097 165 615 1060 529 538 205 119 531 1009 40 45 785 337
internal_value=-2.79752e-05 0.00630487 0.0111928 -0.0207532 0.00775922 0.0112821 0.0148359 -0.0146085 -0.00537596 0.00595407 -0.00537865 0.012713 0.0234408 -0.0110045 -0.0265618 -0.00647033 0.0288152 0.022189 0.0212649 -0.0142917 0.00973614 0.0101304 0.0235734 0.018218 0.0230298 -0.0141373 0.00893083 0.0365478 -0.014105 -0.000771374
internal_weight=4029.6 3087.02 2502.57 942.582 2153.5 1726.31 1478.85 584.449 361.576 728.546 272.256 456.29 750.301 300.763 791.853 427.188 533.658 60.813 278.403 235.787 150.729 216.643 232.969 183.651 156.908 278.321 45.2686 17.1237 170.473 69.9323
internal_count=27305 17718 12827 9587 11171 8486 6891 4891 2763 3586 1495 2091 3305 2437 8909 2685 2295 326 1198 1761 678 1010 1014 809 690 2317 250 85 1307 522
is_linear=0
shrinkage=0.03


Tree=39
num_leaves=31
num_cat=0
split_feature=14 45 33 33 13 25 25 25 25 25 25 26 34 33 22 26 26 32 23 31 22 26 47 3 21 3 21 40 55 45
split_gain=554.651 290.721 211.68 182.156 123.039 128.846 108.134 67.508 57.9575 53.3277 52.6891 49.8831 49.1032 46.4627 43.3531 41.403 37.5093 32.0844 32.4027 31.2254 30.3183 27.9636 33.7004 27.763 28.0948 27.0323 26.4457 32.9386 30.4526 25.8778
threshold=78.500000000000014 6.5500000000000007 179.00362113008842 173.00393232681583 2.1743254304464581 -0.93540483100319605 -0.065403129230143187 0.58216583101416142 0.16280825711808983 -0.81241147629688981 0.91037613702198772 -0.065403129230143228 138.54073015430313 170.01135098182559 5.6250000000000009 0.38268343236508995 0.16280825711809024 0.18200000000000002 0.23154623154623152 0.12200000000000001 6.6250000000000009 0.47114434510950071 102.00000000000001 173.50000000000003 1.3497239276507367 155.50000000000003 -0.74026719330855129 7.3500000000000005 1.0000000180025095e-35 7.5500000000000007
decision_type=2 2 2 2 2 2 2 2 2 2 2 2 2 2 2 2 2 2 2 2 2 2 2 2 2 2 2 2 2 2
left_child=3 12 4 11 5 23 9 8 -8 15 19 17 14 16 21 -7 -6 18 -1 20 -9 -2 -23 -3 -25 -14 27 -18 -28 -11
right_child=1 2 -4 -5 13 6 7 10 -10 29 -12 -13 25 -15 -16 -17 26 -19 -20 -21 -22 22 -24 24 -26 -27 28 -29 -30 -31
leaf_value=0.054153182615840623 -0.012542048458729809 -0.024526068017437917 0.031916864825643286 0.0098810220186696298 -0.020107908160921836 -0.017643640700118392 0.0027136776173886687 0.026193823811000615 -0.027598608067311334 0.023324369245843204 0.0015539469742932518 -0.028927044509247147 -0.014799144024541803 0.0058244682374426577 -0.027963200006199812 0.015289739287523529 0.071127773718932683 -0.016450386277420091 -0.010835674988180756 0.042300067715873566 0.0020794615202056515 0.072154734752454458 -0.0045375507771820041 -0.0053870320623814723 0.051352976749667156 0.017318186348276997 -0.020926997639072714 -0.0095269022209133036 0.018048554805694228 0.040188017764919676
leaf_weight=12.982182368636133 85.063213661313057 74.509076684713364 345.65862010419369 150.31162311136723 222.60318993031979 41.629190213978291 184.47552162408829 111.67901473492384 80.907236181199551 451.88879332691431 215.87578468769789 683.45534068346024 41.129022240638733 172.73021286725998 248.80675952881575 178.01375392824411 9.1549267172813433 65.276905097067356 13.092364415526388 52.258613497018814 80.727405682206154 7.5084011927247074 12.813536666333674 174.00636686384678 7.2257766649126998 52.635652117431164 43.493416503071785 7.8858535885810843 29.397093810141087 102.67700932919979
leaf_count=82 674 584 1653 677 1815 254 904 506 588 2024 1071 8296 252 807 2421 797 49 436 90 225 378 53 87 1062 40 293 288 39 167 450
internal_value=3.37415e-05 0.00623358 0.0100981 -0.0202889 0.00672015 0.0104143 0.0137689 0.00543949 -0.00659654 0.0215618 0.0123744 -0.0261471 -0.0160554 -0.00664073 -0.0211535 0.00899616 -0.0135265 -0.00526035 0.0223265 0.0218765 0.0161393 -0.00496467 0.0258533 -0.00923999 -0.00285541 0.00322271 0.00280599 0.0353445 -0.00517644 0.0265134
internal_weight=3959.87 3034.75 2586.8 925.118 2241.14 1755.87 1500.13 725.924 265.383 774.209 460.541 774.807 447.957 485.265 354.192 219.643 312.534 91.3515 26.0745 244.665 192.406 105.385 20.3219 255.741 181.232 93.7647 89.9313 17.0408 72.8905 554.566
internal_count=27062 17481 13701 9581 12048 8883 7197 3672 1492 3525 2180 8904 3780 3165 3235 1051 2358 608 172 1109 884 814 140 1686 1102 545 543 88 455 2474
is_linear=0
shrinkage=0.03


Tree=40
num_leaves=31
num_cat=0
split_feature=35 17 35 13 35 1 1 35 25 20 35 7 29 20 34 25 0 56 37 21 39 29 24 31 37 36 20 31 25 25
split_gain=817.012 207.164 196.496 116.577 85.9057 83.7208 53.0553 47.5529 47.3682 45.0835 37.4369 32.7897 30.1627 29.9704 24.8263 24.3887 22.3909 22.3331 24.7492 21.5012 20.7864 20.0757 19.9563 22.2924 19.8432 19.3387 19.3377 19.0219 21.5811 23.5137
threshold=161.00382856480954 1.0000000180025095e-35 178.51239187776977 0.44300144300144412 133.00071365887683 157.92857142857147 146.50000000000003 212.60622832896493 -0.91037613702198728 38.350000000000009 170.00121440662542 -0.024999999999999946 1.1875000000000002 43.45000000000001 138.54073015430313 -0.83146961230254501 120.50000000000001 1.0000000180025095e-35 34.500000000000007 1.1624618634589925 97.050000000000026 1.0350000000000001 0.18533094812164577 0.036000000000000011 42.500000000000007 0.20397499999999999 48.765384615384619 0.07400000000000001 -0.93540483100319605 1.0000000180025095e-35
decision_type=2 2 2 2 2 2 2 2 2 2 2 2 2 2 2 2 2 2 2 2 2 2 2 2 2 2 2 2 2 2
left_child=1 -1 5 4 12 9 8 11 -6 -2 25 27 22 20 -10 21 -13 19 -19 -11 -12 -5 23 -3 -22 -7 -18 -4 -29 -30
right_child=2 3 7 15 6 10 -8 -9 14 17 13 16 -14 -15 -16 -17 26 18 -20 -21 24 -23 -24 -25 -26 -27 -28 28 29 -31
leaf_value=-0.029241613171688708 0.021455079490808021 0.035461166434452247 0.0059258547537972099 -0.021201211715873178 -0.01546370205630767 -0.017962631512910419 -0.011680825368569068 0.035626437360981589 0.0073720842213350025 0.0010832601812937636 0.0009284945681763497 -0.011454863680184833 0.0081375225764423551 -0.010245534416645311 0.026037268910827825 -0.029676604741638579 0.030614121712032236 0.032230583737136963 0.0037957110517239348 -0.030303608600421163 0.039815780305759225 0.006691262571625764 -0.025056822833645971 -0.016715331142839684 0.010394191327854867 0.0031533374518517543 -0.0033673007854858059 -0.0037957755817998435 0.030144376350378345 0.010506756356033157
leaf_weight=576.80642753094435 277.57005214691162 10.082816004753115 163.02286787331104 65.716864742338657 73.211229875683784 168.44031171500683 181.30016415566206 212.93336926400661 420.16643723100424 110.83742995560169 145.97432703524828 12.524594038724898 35.162089928984642 112.68634185940027 75.073768548667431 207.6927192658186 271.85484793782234 40.085898399353027 84.58792944252491 22.857855312526226 27.562075823545456 35.025136262178421 195.49464306235313 20.998955436050892 78.544495582580566 50.368356108665466 15.75418573617935 32.444570392370224 136.54912939667702 93.88743682205677
leaf_count=7209 1275 70 684 594 547 1487 1218 1092 2179 579 729 52 206 625 355 2047 1191 190 430 125 128 238 1954 187 388 305 67 133 583 389
internal_value=-5.76494e-05 -0.0142581 0.0130275 -0.00769314 -0.00276086 0.00453193 0.00240909 0.023141 0.00691551 0.0130816 -0.00332874 0.0194353 -0.017523 0.00255821 0.0102483 -0.023807 0.0270374 0.00403772 0.013122 -0.00446809 0.00829967 -0.0115333 -0.0215235 0.000788291 0.0183371 -0.0131096 0.0287475 0.0140273 0.0190099 0.0222233
internal_weight=3955.22 1896.73 2058.49 1319.92 1011.49 1119.52 749.752 938.971 568.451 535.939 583.576 726.038 261.739 364.767 495.24 308.435 300.134 258.369 124.674 133.695 252.081 100.742 226.576 31.0818 106.107 218.809 287.609 425.904 262.881 230.437
internal_count=27256 16804 10452 9595 6716 6261 4299 4191 3081 2599 3662 3099 2417 1870 2534 2879 1310 1324 620 704 1245 832 2211 257 516 1792 1258 1789 1105 972
is_linear=0
shrinkage=0.03


Tree=41
num_leaves=31
num_cat=0
split_feature=35 36 35 35 6 25 13 25 25 29 4 5 3 36 1 23 12 25 12 35 39 35 24 29 27 38 13 26 34 24
split_gain=792.421 281.099 149.717 109.454 57.0256 50.8617 47.9162 39.1724 38.2638 45.5124 37.1006 34.6535 30.3542 30.1742 34.133 29.2836 28.2835 60.6586 27.0644 26.9432 25.3773 23.7073 22.1805 21.4744 19.9994 19.9103 19.4284 19.2617 18.8801 20.8846
threshold=166.00469638784833 0.10100874999999991 182.9920388476597 131.00386538286173 0.55000000000000016 -0.38268343236508934 9.3820865662764632 -0.95642797789208678 0.95642797789208711 0.83000000000000007 4.3109163719053738 0.56666666666666676 150.50000000000003 0.20397499999999999 181.78571428571431 0.21596061666018912 44.500000000000007 -0.95642797789208678 64.500000000000014 152.77126725580865 93.100000000000009 214.69028798354461 0.21466973886328722 0.97500000000000009 142.50000000000003 25.850000000000005 23.600821319562804 0.16280825711809024 154.97702739165717 0.19315973571706183
decision_type=2 2 2 2 2 2 2 2 2 2 2 2 2 2 2 2 2 2 2 2 2 2 2 2 2 2 2 2 2 2
left_child=1 5 4 -3 10 16 7 -5 9 12 -2 21 -9 14 28 23 17 26 -6 24 -19 22 -4 25 -11 -10 -1 -7 -12 -30
right_child=2 3 11 6 18 27 -8 8 15 19 13 -13 -14 -15 -16 -17 -18 20 -20 -21 -22 -23 -24 -25 -26 -27 -28 -29 29 -31
leaf_value=-0.023297080476675228 0.025955300045497214 -0.021616616510025131 0.014640331427564981 -0.016465318947482384 0.0360147483603055 -0.021226681593366759 -0.02622396419211823 0.004210603030590618 0.0016022970452378668 0.0016496900198845598 -0.015359249750479713 0.036216896702226546 -0.027606832581507652 0.0095786752527174703 0.015958340545696597 -0.018136360110957938 -0.032939205708300508 0.0064228112162001182 0.0048342935883064538 0.016688087481502623 0.050723579630766812 0.032750752787004955 0.033693742061259371 -0.0024757686693669557 0.025459724516562681 0.078054790518609959 0.034902694212278818 -0.03203757885250233 0.011486159775787298 -0.0068185928908387006
leaf_weight=92.475385002791882 68.417149744927883 228.83893749862909 344.48166638612747 85.300301097333431 84.451355323195457 227.97886288911104 52.93276708573103 57.614579007029533 5.499881759285925 284.27405369281769 122.38175077736378 195.42464852333069 49.387796849012375 361.52032060921192 78.028442203998566 100.80385369062424 42.252329096198082 46.902578860521317 35.934203423559666 315.50188545137644 14.644649453461168 125.9870997518301 65.627133220434189 27.953440986573696 34.76733485609293 6.0508548691868782 4.5979188010096541 481.77352350950241 80.652527935802937 178.27379756420851
leaf_count=804 323 2222 1479 652 373 2360 472 363 42 1542 795 958 300 1620 358 719 442 318 170 1491 72 648 285 199 161 41 38 6447 430 990
internal_value=-2.24745e-05 -0.0121614 0.0150315 -0.00291385 0.00753157 -0.0248273 0.00129886 0.00283073 0.00471374 0.00743228 0.00489265 0.0253586 -0.0105946 0.00310766 -0.00199508 -0.00960501 -0.011422 -0.00551996 0.0268241 0.010484 0.0176062 0.0213403 0.0177639 0.0120749 0.00431582 0.0446801 -0.0202126 -0.0285998 -0.00570109 -0.00109462
internal_weight=3900.73 2159.55 1741.18 1248.93 1009.66 910.625 1020.09 967.154 881.854 741.546 889.274 731.521 107.002 820.857 459.337 140.308 200.873 158.621 120.386 634.543 61.5472 536.096 410.109 39.5042 319.041 11.5507 97.0733 709.752 381.308 258.926
internal_count=27114 18685 8429 8204 5059 10481 5982 5510 4858 3857 4516 3370 663 4193 2573 1001 1674 1232 543 3194 390 2412 1764 282 1703 83 842 8807 2215 1420
is_linear=0
shrinkage=0.03


Tree=42
num_leaves=31
num_cat=0
split_feature=35 14 35 27 10 25 36 33 25 26 25 20 27 33 6 46 24 26 18 9 49 46 26 12 25 38 25 46 25 9
split_gain=711.636 196.663 169.251 125.61 78.482 66.5408 51.0055 54.9939 44.594 37.1944 34.2858 32.1479 31.3999 29.8786 25.8408 29.0224 32.5185 25.3902 24.3226 22.9476 22.8634 28.1021 22.4645 28.357 21.9643 26.469 21.3876 20.0959 22.8913 19.6332
threshold=161.00382856480954 47.500000000000007 189.72827743081419 105.50000000000001 202.50000000000003 -0.91037613702198728 0.021408749999999952 177.00136884176607 1.0000000180025095e-35 -0.065403129230143228 0.63405362205439475 37.861538461538473 141.50000000000003 205.60855771946493 0.48333333333333339 134.50000000000003 0.18533094812164577 0.16280825711809024 65.214285714285737 0.060000000000000005 90.500000000000014 121.50000000000001 0.47114434510950071 12.500000000000002 0.88144907265856365 24.850000000000005 -0.72947329433276231 98.000000000000014 -0.065403129230143187 1.0000000180025095e-35
decision_type=2 2 2 2 2 2 2 2 2 2 2 2 2 2 2 2 2 2 2 2 2 2 2 2 2 2 2 2 2 2
left_child=1 9 6 -3 17 -6 7 14 12 -1 -10 19 18 27 15 -2 -17 -5 -7 -8 21 -21 -13 -24 25 -12 -20 -4 -29 -18
right_child=2 3 13 4 5 8 11 -9 10 -11 24 22 -14 -15 -16 16 29 -19 26 20 -22 -23 23 -25 -26 -27 -28 28 -30 -31
leaf_value=-0.0037914471658400751 -0.018543885613520612 -0.02624831512250294 -0.016600895692696113 -0.025754520434593371 -0.014645493442949447 -0.010475963876925837 0.019673092968966209 0.015941612356993849 -0.016495390765560922 -0.030659923794752662 -0.0081655749432158475 0.0017839138732384267 0.036203032026737768 0.038129054963542748 0.016192835533522246 0.034158386446988577 0.019845687674608974 -0.0022533668542406302 -0.00044255188582381454 0.042853125023646861 -0.0090493871986125352 0.0072899323478481286 0.030923103354534468 -0.0040039441186370687 -0.0030509454370072032 0.024135960465415791 0.020562068502967421 0.028690346196503267 0.013378946283602783 -0.016460297993197683
leaf_weight=51.187222719192505 183.23167496174574 249.39339536428452 11.126775994896887 146.69111546874046 178.0431157425046 42.191963478922844 359.88757228851318 110.0941259264946 95.435537710785866 524.8861671090126 31.766928441822529 418.18604969233274 49.147372759878635 143.1348078250885 32.694067671895027 20.811523161828518 16.810895666480064 57.759754680097103 62.050228632986546 23.177224673330784 56.763812065124512 119.50686629116535 56.706323027610779 32.491925276815891 147.47564431279898 76.569597952067852 145.62874099612236 244.95853468775749 141.32555502653122 53.922300986945629
leaf_count=395 1421 2659 48 1368 1407 254 1631 456 684 7119 183 2084 209 788 169 131 138 405 309 115 284 566 237 168 845 342 686 1130 616 383
internal_value=-0.000335083 -0.0137375 0.0119653 -0.00718517 -0.00256082 0.00155412 0.00672227 -0.0021628 0.00600526 -0.0282832 -0.0012465 0.0101991 0.0144994 0.0263232 -0.008676 -0.011683 0.00210145 -0.0191585 0.0101032 0.0151545 0.0069436 0.0133248 0.0047172 0.018297 0.00448446 0.0146763 0.0143143 0.0219861 0.0231375 -0.00767522
internal_weight=3883.06 1858.23 2024.83 1282.15 1032.76 828.309 1484.28 417.565 650.266 576.073 351.248 1066.72 299.018 540.546 307.47 274.776 91.5447 204.451 249.871 559.335 199.448 142.684 507.384 89.1982 255.812 108.337 207.679 397.411 386.284 70.7332
internal_count=27230 16865 10365 9351 6692 4919 7783 2698 3512 7514 2054 5085 1458 2582 2242 2073 652 1773 1249 2596 965 681 2489 405 1370 525 995 1794 1746 521
is_linear=0
shrinkage=0.03


Tree=43
num_leaves=31
num_cat=0
split_feature=35 14 35 46 1 13 35 25 22 17 13 33 26 26 50 33 31 26 29 5 25 22 29 31 3 25 25 4 1 7
split_gain=691.251 196.259 167.96 106 61.9645 61.6426 60.4286 57.3463 40.0739 36.5482 42.7919 35.6425 34.2031 33.2596 31.8956 28.4817 28.2659 25.185 24.1807 24.0415 23.5818 23.2667 22.8684 23.2556 26.133 22.6401 26.4741 22.5378 24.0348 28.4806
threshold=161.00382856480954 61.500000000000007 185.0760140053462 96.000000000000014 157.92857142857147 2.951977401129946 170.00121440662542 -0.97335555334614932 6.7083333333333348 208.50000000000003 0.27294320881019268 205.60855771946493 0.065403129230142673 -0.97335555334614932 115.50000000000001 159.65750068352298 0.086500000000000007 0.25881904510252091 1.0645000000000002 0.63333333333333341 -0.065403129230143187 6.4583333333333348 0.93300000000000016 0.081000000000000016 131.50000000000003 0.91037613702198772 -0.81241147629688981 4.0029988708541895 182.78571428571431 0.69166666666666676
decision_type=2 2 2 2 2 2 2 2 2 2 2 2 2 2 2 2 2 2 2 2 2 2 2 2 2 2 2 2 2 2
left_child=1 12 4 -3 9 7 15 -5 22 -2 13 19 -1 16 -12 -6 -11 -7 -10 -4 -20 -19 -9 -24 -25 26 -15 -8 29 -29
right_child=2 3 11 5 6 17 27 8 18 10 14 -13 -14 25 -16 -17 -18 21 20 -21 -22 -23 23 24 -26 -27 -28 28 -30 -31
leaf_value=-0.012071693111384155 -0.0092693654319935537 -0.02239031820350848 0.017338956945448389 -0.020480385102333479 0.018138871068109293 -0.02607520139872813 0.039500398635384404 -0.00024840165192142465 -0.013847300438898331 -0.0089896637020517502 0.032094108108406176 0.037750420179951921 -0.031643131662037513 0.011137859349576061 -0.0044729247596224011 -0.017127070656752418 0.026826641946625245 0.033810749064060328 0.01569474572896553 0.033683522032691621 -0.0075159984189978671 -0.015821439280565692 0.021683702057436704 -0.018800383016330687 0.012806043803298603 0.0079487057941182663 0.033300052703333048 -0.00058192562240379317 0.019617614721774423 0.031992936682596736
leaf_weight=99.125577487051487 60.992308028042316 303.91334300488234 415.37275846302509 95.677974663674831 22.238925106823444 117.88631094247103 15.990824878215788 134.62333312630653 132.68689881265163 56.921995520591736 24.677469044923782 140.78597643971443 465.7893213480711 65.13635042309761 130.02222714573145 193.18539355695248 29.174993753433228 12.695796050131319 74.008823901414871 102.01568910479546 82.074210315942764 21.435662783682346 172.7458945736289 31.159443132579327 87.152506470680237 63.270948022603989 205.69952517002821 388.242192260921 76.874834105372429 24.756618872284889
leaf_count=909 386 3177 1840 790 120 1140 70 815 805 250 122 791 6623 291 671 1676 125 83 359 482 453 164 858 181 462 268 879 1929 341 109
internal_value=-0.000208428 -0.0135475 0.011911 -0.00697622 0.00587172 -0.00208918 -0.000149409 0.00120782 0.00413683 0.0126909 0.0150328 0.0243363 -0.0282363 0.0199889 0.00152886 -0.0134195 0.00331578 -0.0195525 -0.0044806 0.0206204 0.00351953 0.00307703 0.00997944 0.0146948 0.00439415 0.0242627 0.0280306 0.00551702 0.0043295 0.00144329
internal_weight=3846.33 1830.98 2015.36 1266.06 1357.18 962.147 721.289 810.129 714.451 635.896 574.904 658.174 564.915 420.204 154.7 215.424 86.097 152.018 288.77 517.388 156.083 34.1315 425.681 291.058 118.312 334.107 270.836 505.864 489.874 412.999
internal_count=27169 16819 10350 9287 7237 6110 4245 4723 3933 2992 2606 3113 7532 1813 793 1796 375 1387 1617 2322 812 247 2316 1501 643 1438 1170 2449 2379 2038
is_linear=0
shrinkage=0.03


Tree=44
num_leaves=31
num_cat=0
split_feature=35 14 35 27 10 1 25 33 25 20 26 25 35 25 16 21 25 25 1 10 0 26 27 26 40 6 25 18 24 39
split_gain=658.001 196.811 156.654 116.461 78.7291 71.6263 60.9662 47.5913 45.4692 41.7322 38.3162 34.8366 33.8438 32.9717 30.7364 26.215 24.8686 37.2593 39.3883 25.9428 25.2875 23.6411 22.821 22.7098 21.8762 20.4799 20.4274 20.845 20.3602 20.3318
threshold=161.00382856480954 61.500000000000007 178.00068612435209 105.50000000000001 212.50000000000003 157.92857142857147 -0.91037613702198728 202.78111889596332 1.0000000180025095e-35 38.350000000000009 1.0000000180025095e-35 -0.72947329433276231 170.00121440662542 0.63405362205439475 2610.5000000000005 1.3465537413711306 -0.91037613702198728 -0.13052619222005143 125.78571428571431 117.50000000000001 162.50000000000003 0.41248606129204557 135.00000000000003 0.16280825711809024 2.0500000000000003 0.9833333333333335 -0.47114434510950071 66.071428571428584 0.20806277056277059 88.90000000000002
decision_type=2 2 2 2 2 2 2 2 2 2 2 2 2 2 2 2 2 2 2 2 2 2 2 2 2 2 2 2 2 2
left_child=1 10 5 -3 23 9 15 16 11 -2 -1 21 -7 -10 26 24 19 18 -18 -4 -19 -8 -15 -5 -6 -11 -13 -28 -23 -25
right_child=2 3 7 4 6 12 8 -9 13 25 -12 14 -14 22 -16 -17 17 20 -20 -21 -22 28 -24 29 -26 -27 27 -29 -30 -31
leaf_value=-0.0080889587564753184 0.020187772400479153 -0.025279166259132586 0.031600616401367902 -0.024229760010342657 0.019722072605345812 -0.01273407863752163 -0.033779725185478567 0.036104076077307694 -0.016365239310199533 0.00065769408491794096 -0.031136436593243725 0.035983868531222193 0.0023972673906060863 -0.0038344648209184102 -0.026638699764022163 0.043987787129557608 -0.0016389609267101839 0.0050882410362514527 0.030272538333032267 -0.0078348325936658039 0.020988060871773313 -0.0035437294526331846 0.0139854808346234 -0.016056687702203153 -0.019410694443686521 0.03312364534900674 -0.010246475767967424 0.022669356226666961 0.030573477973026328 0.019205597744042572
leaf_weight=76.113759472966194 271.13206993043423 239.35215925425291 18.872158005833626 154.13323188573122 13.266592748463152 213.76114337146282 14.713216848671435 153.07821014523506 89.439787216484547 229.00070685148239 476.47367660701275 84.621280029416084 348.93334764242172 134.8012844696641 10.152767017483709 5.8633539006113997 39.175979569554329 187.25012484192848 304.4427434951067 60.443533658981323 173.91753941774368 51.929275795817375 122.74957925081253 37.067603304982185 148.67702183127403 17.936758153140545 21.227620631456375 82.310697093605995 21.484726198017597 23.003407225012779
leaf_count=654 1241 2647 80 1451 93 1793 101 872 650 1187 6872 391 1811 785 59 46 170 797 1383 247 740 244 573 284 1211 85 116 375 103 127
internal_value=6.3137e-05 -0.0130802 0.0118356 -0.00650053 -0.00205366 0.00404558 0.00227072 0.0208053 0.0065314 0.0120837 -0.0279822 0.0153556 -0.00336335 -0.000776161 0.0223003 -0.0137557 0.0177764 0.0195664 0.0266401 0.00182496 0.0127815 -0.000346907 0.00467982 -0.0181645 -0.0161035 0.00314 0.0250679 0.0158874 0.00671741 -0.00246008
internal_weight=3825.33 1807.38 2017.94 1254.79 1015.44 1080.76 801.237 937.18 633.43 518.07 552.587 286.44 562.694 346.991 198.312 167.807 784.102 704.786 343.619 79.3157 361.168 88.1272 257.551 214.204 161.944 246.937 188.16 103.538 73.414 60.071
internal_count=27188 16782 10406 9256 6609 6117 4747 4289 3397 2513 7526 1389 3604 2008 941 1350 3417 3090 1553 327 1537 448 1358 1862 1304 1272 882 491 347 411
is_linear=0
shrinkage=0.03


Tree=45
num_leaves=31
num_cat=0
split_feature=35 36 35 35 5 33 35 14 27 10 22 4 33 25 22 25 25 25 20 27 38 2 21 17 4 38 26 21 25 10
split_gain=618.5 187.075 157.044 77.2228 55.5842 63.2407 61.1221 49.4982 47.4654 35.161 31.5773 29.779 28.0698 28.0303 27.9348 27.2628 25.3018 28.7666 23.7826 23.1866 21.09 30.5691 21.0917 22.2027 21.1025 20.2597 22.2433 19.6349 29.652 19.6162
threshold=161.00382856480954 0.10100874999999991 188.79500614638286 130.38566747279785 0.76666666666666672 159.65750068352298 171.44810674041489 101.50000000000001 137.00000000000003 197.50000000000003 6.7083333333333348 4.2430177772197775 205.60855771946493 -0.19509032201612828 5.6250000000000009 -0.8814490726585632 -0.8814490726585632 0.98611507088852057 47.957692307692319 135.00000000000003 29.750000000000004 106.50000000000001 0.52771068065820848 4385.5000000000009 11.468426219678358 27.750000000000004 0.25881904510252091 0.035432849918907251 -0.97335555334614932 177.50000000000003
decision_type=2 2 2 2 2 2 2 2 2 2 2 2 2 2 2 2 2 2 2 2 2 2 2 2 2 2 2 2 2 2
left_child=1 7 4 14 5 13 -7 -1 25 -5 16 -8 -4 15 -3 -2 -11 20 -13 -12 22 -22 24 -24 -18 -9 -27 28 -10 -6
right_child=2 3 12 9 29 6 11 8 27 10 19 18 -14 -15 -16 -17 17 -19 -20 -21 21 -23 23 -25 -26 26 -28 -29 -30 -31
leaf_value=-0.03075631285848664 0.00081994502612573687 -0.0016747022800263803 0.020949418988144567 -0.018026843607896293 0.01364282515720016 -0.01282990318364164 0.031948121934102874 -0.027304904993324521 -0.024477614430927108 -0.0086448502228054502 -0.013660896561379306 0.0054899061840378554 0.036832023938909747 0.0063567360255339135 -0.027085738193570425 0.026352034360522053 0.019844502616201739 -0.015206520687257696 -0.013126820731569429 0.0031749984742914703 -0.017645570584914304 0.044188240575765585 -0.014820574705618922 0.016042882732814161 -0.0061830531065001689 -0.013398969688042033 0.046027392772590464 -0.0088977235407901294 0.032195306705213249 0.036077620189988197
leaf_weight=441.61470463871956 48.588008657097816 51.762997783720493 406.85070289671421 90.374185994267464 81.171931758522987 265.31350489705801 32.872914798557758 182.04120130091906 10.508136838674544 77.347534649074078 157.85382568091154 441.00612243264914 136.11835926771164 292.31422679871321 157.81804380565882 167.03982962667942 160.48599562048912 35.320893496274948 70.821295857429504 136.63633991032839 8.3902373164892179 35.309052720665932 51.453764483332634 33.97673511505127 33.433252803981304 29.941570177674294 5.9429396316409102 66.639019705355167 30.099815227091312 63.650815643370152
leaf_count=6644 233 468 1878 739 390 2235 142 2016 83 569 1011 2006 797 1336 1705 724 808 303 364 781 38 162 279 165 181 284 36 485 177 292
internal_value=-0.000221767 -0.0130005 0.0112274 -0.00464115 0.00610479 0.00415674 -0.00104907 -0.0242103 -0.0152533 -0.000481655 0.00171151 0.00470215 0.0249915 0.0124442 -0.0208474 0.0206292 0.00683407 0.0101897 0.00289335 -0.00586514 0.0130047 0.032187 0.00989992 -0.00250221 0.0153484 -0.0232633 -0.00257614 0.00108773 0.0172942 0.0236829
internal_weight=3802.7 1796.95 2005.75 1030.16 1462.78 1317.96 810.014 766.787 325.173 820.582 730.208 544.7 542.969 507.942 209.581 215.628 435.717 358.37 511.827 294.49 323.049 43.6993 279.35 85.4305 193.919 217.926 35.8845 107.247 40.608 144.823
internal_count=27331 16934 10397 7209 7722 7040 4747 9725 3081 5036 4297 2512 2675 2293 2173 957 2505 1936 2370 1792 1633 200 1433 444 989 2336 320 745 260 682
is_linear=0
shrinkage=0.03


Tree=46
num_leaves=31
num_cat=0
split_feature=35 14 35 10 35 36 35 25 25 26 6 35 6 12 20 22 26 29 7 21 16 7 23 22 32 1 21 2 25 25
split_gain=626.434 172.942 150.237 100.62 67.9535 65.7111 45.9848 43.3256 51.0112 34.2969 30.6063 30.6516 30.2403 31.0885 30.7986 28.9343 27.9218 27.7352 26.6675 26.2751 25.809 23.1114 22.8242 22.519 22.6274 22.4419 21.729 21.1205 26.2725 28.3346
threshold=160.00085234582312 1.0000000180025095e-35 178.00068612435209 202.50000000000003 126.00106295819079 0.021408749999999952 214.69028798354461 -0.72947329433276231 -0.22695468355932447 0.097964660725097366 0.48333333333333339 171.88735864040692 1.1166666666666669 34.500000000000007 43.761538461538471 6.6250000000000009 0.29012925520284133 0.81650000000000011 -0.024999999999999946 0.78012575346594215 2158.5000000000005 -0.42499999999999993 0.21596061666018912 5.7083333333333348 1.0000000180025095e-35 115.35714285714288 -1.277648337674621 175.50000000000003 -0.91037613702198728 -0.065403129230143187
decision_type=2 2 2 2 2 2 2 2 2 2 2 2 2 2 2 2 2 2 2 2 2 2 2 2 2 2 2 2 2 2
left_child=1 9 5 -3 -5 10 18 16 17 22 11 -2 13 14 -7 19 -6 -9 27 21 -19 -10 -1 -16 -25 -20 -15 28 -4 -30
right_child=2 3 6 4 7 12 -8 8 15 -11 -12 -13 -14 26 23 -17 -18 20 25 -21 -22 -23 -24 24 -26 -27 -28 -29 29 -31
leaf_value=0.006859232472069759 -0.020067243509243084 -0.022627189733227075 -0.0081283475870112913 -0.020471396142134401 -0.017522888219608439 0.013642575195052544 0.034156592414999284 -0.0086835138796439101 -0.027955376991087154 -0.03179905366605322 0.018406673625801052 -0.0010494688824694951 0.043731812761531298 0.033077249857426959 0.014855975768151421 -0.0094840955084144907 0.0027196602190742492 0.030095888929838801 -0.0090108108762942916 -0.014359249664859679 -0.017889240951761344 0.01493774801128743 -0.022296564654089468 0.029236321803702732 -0.018007824155441922 0.02587644096268155 -0.0093785478493659431 0.035479127447257446 0.02147486874337912 0.0043135219147045724
leaf_weight=35.932838551700115 142.90943886339664 281.27868391573429 58.244720220565796 152.02320121973753 143.04402383416891 530.01854473352432 177.11056944727898 23.888258673250675 11.197609655559061 400.75874391943216 37.537882685661316 162.53859306871891 20.798973821103573 10.955857641994951 40.959787219762802 158.01288990676403 106.38371647894382 119.51675264537334 17.128220528364182 40.39630676060915 10.361670009791849 169.97133401036263 70.441287539899349 9.5225887671112996 71.53283503651619 289.25345399975777 118.25647615641356 31.958044111728668 186.3625120818615 162.14061310887337
leaf_count=364 1490 2863 240 1612 1179 2522 1011 181 64 6192 194 834 95 61 216 948 598 551 72 234 58 954 754 44 394 1318 722 133 831 680
internal_value=0.000276089 -0.0130778 0.0114086 -0.00692947 -0.00218691 0.00414429 0.0204139 0.00138573 0.00620969 -0.0277784 -0.00683208 -0.00998373 0.00884087 0.00785726 0.0105191 0.00029015 -0.00891283 0.020726 0.0171058 0.00727211 0.0261602 0.0121477 -0.0124757 -0.00304973 -0.0121688 0.0239031 -0.00555236 0.0123152 0.0104126 0.0135258
internal_weight=3790.44 1723.21 2067.23 1216.07 934.796 1145.03 922.198 782.773 533.345 507.133 342.986 305.448 802.045 781.246 652.034 379.578 249.428 153.767 745.088 221.565 129.878 181.169 106.374 122.015 81.0554 306.382 129.212 438.706 406.748 348.503
internal_count=27409 16552 10857 9242 6379 6572 4285 4767 2990 7310 2518 2324 4054 3959 3176 2200 1777 790 3274 1252 609 1018 1118 654 438 1390 783 1884 1751 1511
is_linear=0
shrinkage=0.03


Tree=47
num_leaves=31
num_cat=0
split_feature=35 14 35 10 27 25 22 22 20 26 33 10 9 17 31 29 38 21 9 37 2 1 5 25 22 25 25 7 15 26
split_gain=528.492 177.325 142.819 116.597 69.8139 54.2979 45.435 44.9077 42.9668 40.0543 39.8333 32.0679 33.8011 31.7583 26.133 24.5462 24.3192 33.9196 22.9698 26.3595 22.4484 22.3745 23.6591 24.0904 30.4649 24.1754 21.673 21.0044 20.8598 20.5476
threshold=161.00382856480954 61.500000000000007 182.9920388476597 202.50000000000003 105.50000000000001 -0.95642797789208678 5.4583333333333348 6.3750000000000009 46.261538461538471 -0.065403129230143228 205.60855771946493 270.00000000000006 0.22000000000000003 2884.5000000000005 0.13450000000000004 0.93300000000000016 24.850000000000005 -0.36068861701041671 1.0000000180025095e-35 47.500000000000007 173.50000000000003 118.78571428571431 0.56666666666666676 1.0000000180025095e-35 7.791666666666667 -0.84874750804349186 -0.72947329433276231 -0.42499999999999993 352.50000000000006 -0.81241147629689003
decision_type=2 2 2 2 2 2 2 2 2 2 2 2 2 2 2 2 2 2 2 2 2 2 2 2 2 2 2 2 2 2
left_child=1 9 6 -3 -5 -6 18 13 11 -1 21 -8 -13 -7 16 26 -9 -18 28 -20 -14 -4 23 25 29 -23 -15 -17 -2 -25
right_child=2 3 10 4 5 7 8 14 -10 -11 -12 12 20 15 -16 27 17 -19 19 -21 -22 22 -24 24 -26 -27 -28 -29 -30 -31
leaf_value=-0.0024400639713596664 0.0016207523967215647 -0.023219974228184944 -0.0087495887227043729 -0.020858634438070765 -0.016621720177523298 0.002137485600340959 -0.0034160094779156071 -0.016230707520374497 -0.012850241395531453 -0.030105744459027538 0.035974298665749305 0.013562728163897933 -0.0088379444336762255 -0.014481699141910252 0.020467047155818378 -0.0031452671451798662 0.020055943167576622 -0.0057987061582037355 0.016937122287004617 -0.0081857667634888266 0.02612734227005601 0.0064194775648964064 0.031514205214160776 -0.0079732043022004359 -0.026537072544429781 0.026334206325172475 0.0214451536260656 0.033626410100513232 0.027266687673100379 0.018496686785677941
leaf_weight=52.654910489916801 36.617054492235184 281.44467939436436 27.169658750295639 138.62002266198397 117.98179459571838 127.11627133190632 326.72886338829994 105.97327210754156 165.68241440504789 460.72395049780607 130.60011214017868 354.9102850034833 117.74770025163889 26.2652917355299 41.870847426354885 15.800363801419733 61.103076867759228 171.59431645274162 81.332962304353714 68.321911662817001 18.214493960142136 76.11261810362339 107.05853135883808 35.334490120410919 21.131513103842735 203.05540478229523 33.021780736744404 110.42850823700428 130.61368403583765 98.009706109762192
leaf_count=413 224 2877 118 1551 1029 713 1825 732 1114 7071 796 1673 675 157 228 85 314 918 456 395 78 325 526 148 91 954 169 531 609 427
internal_value=-0.000422027 -0.0124835 0.0101073 -0.00629735 -0.00126356 0.00210664 0.00422304 0.00531366 0.00103448 -0.0272785 0.0210389 0.0038604 0.00870074 0.0137189 -0.00160952 0.0216006 -0.00439114 0.00104713 0.0140826 0.00548957 -0.00399718 0.0175468 0.0188819 0.0156979 0.00613822 0.0209469 0.00555268 0.0290351 0.0216942 0.0114754
internal_weight=3743.24 1744.6 1998.64 1231.22 949.776 811.156 1300.17 693.174 983.284 513.379 698.472 817.601 490.872 312.632 380.542 185.516 338.671 232.697 316.886 149.655 135.962 567.872 540.702 433.644 154.476 279.168 59.2871 126.229 167.231 133.344
internal_count=27222 16788 10434 9304 6427 4876 7049 3847 5365 7484 3385 4251 2426 1655 2192 942 1964 1232 1684 851 753 2589 2471 1945 666 1279 326 616 833 575
is_linear=0
shrinkage=0.03


Tree=48
num_leaves=31
num_cat=0
split_feature=14 46 33 33 22 27 29 26 13 29 22 6 26 26 14 21 27 9 37 26 7 4 30 21 31 16 4 13 29 5
split_gain=399.09 246.147 146.988 126.017 80.8317 108.552 73.8799 45.6127 41.5973 34.2052 34.0712 32.9572 27.909 46.3826 26.8998 27.0707 26.6988 27.2809 30.6291 27.8447 26.1288 24.3089 24.109 25.3172 23.8535 23.8324 20.7399 20.4935 19.9959 19.5667
threshold=1.0000000180025095e-35 96.000000000000014 183.51350072163123 173.00393232681583 5.541666666666667 140.50000000000003 1.0450000000000002 1.0000000180025095e-35 1.0000000180025095e-35 0.84300000000000008 5.6250000000000009 0.88333333333333341 -0.44228869021900113 0.41248606129204557 238.50000000000003 -0.64888311849892577 124.50000000000001 0.14000000000000004 51.500000000000007 0.13052619222005193 0.80833333333333346 21.057558947392188 83.15000000000002 0.85863265469307648 0.21050000000000002 1392.5000000000002 7.1788578340362728 32.712536038216307 1.8050000000000004 0.70000000000000007
decision_type=2 2 2 2 2 2 2 2 2 2 2 2 2 2 2 2 2 2 2 2 2 2 2 2 2 2 2 2 2 2
left_child=3 10 4 7 9 6 11 22 12 25 20 14 -7 -14 27 -16 -8 18 -18 -20 -2 29 -1 -24 -12 -3 -26 -6 -4 -11
right_child=1 2 28 -5 5 8 16 -9 -10 21 24 -13 13 -15 15 -17 17 -19 19 -21 -22 -23 23 -25 26 -27 -28 -29 -30 -31
leaf_value=-0.017521197850573954 -0.0079201778942640244 -0.010426849340461996 0.031424659073904453 0.00645586481414778 -0.0071999480213684143 0.020785829355145714 -0.015560476694682258 -0.028453493783814156 -0.002802572172206144 0.017946045519084533 -0.027048718351625076 0.022414895805612334 0.0011403292425020476 0.02410158262707492 -5.6256952347343345e-05 -0.023593743841075321 0.018596381317661351 -0.0075841598280819312 -0.0091654175532027669 0.021508237559591886 0.047488419317102223 -0.012973770232930467 0.0012155526985004957 0.065076361597107099 0.047116508828178395 0.027106972492760076 -0.013472810976956106 0.031641091724270078 -0.0065389798487692592 0.040466047461188766
leaf_weight=63.303540922701359 89.325348541140556 67.070764131844044 250.61406166851521 141.05958421528339 111.71938702464104 295.256611995399 54.26744794100523 523.03024033084512 167.16100286692381 454.06544160097837 230.54672069475055 21.646332450211048 251.92004042118788 114.54242753982544 53.094713620841503 255.21097154915333 186.54480861127377 92.687856383621693 92.28918381780386 36.27885889261961 7.3734392449259749 20.668869078159332 31.635243736207485 5.7960250601172438 6.3801640570163753 18.616751208901405 15.430037975311278 12.720615677535532 12.809191122651098 37.492372594773769
leaf_count=516 749 436 1406 637 770 1374 337 7886 955 2310 2596 102 1276 513 300 1839 958 537 535 177 43 115 227 42 50 111 145 71 61 175
internal_value=0.00018676 0.00518584 0.00835517 -0.0191142 0.00595967 0.00269471 -0.00441867 -0.0248977 0.0105555 0.0154699 -0.0184383 -0.0129951 0.0139291 0.00836321 -0.0148139 -0.0195535 0.00402509 0.0066631 0.0108645 -0.00041084 -0.00325236 0.0183995 -0.0063375 0.0125401 -0.0242215 -0.0020535 0.00554001 -0.00300892 0.0295609 0.0197424
internal_weight=3720.56 2955.73 2606.68 764.825 2343.25 1745.34 916.46 623.765 828.88 597.914 349.056 454.392 661.719 366.462 432.746 308.306 462.068 407.801 315.113 128.568 96.6988 512.227 100.735 37.4313 252.357 85.6875 21.8102 124.44 263.423 491.558
internal_count=27249 17941 14358 9308 12891 9744 5626 8671 4118 3147 3583 3082 3163 1789 2980 2139 2544 2207 1670 712 792 2600 785 269 2791 547 195 841 1467 2485
is_linear=0
shrinkage=0.03


Tree=49
num_leaves=31
num_cat=0
split_feature=35 17 35 27 12 6 25 20 4 22 29 19 1 35 37 6 48 29 1 24 30 1 23 1 25 25 23 47 30 22
split_gain=548.035 161.521 122.018 95.9759 63.296 51.7823 49.1311 41.9692 39.5993 38.2686 42.649 28.6361 29.9919 42.9127 30.369 28.4679 27.4461 27.4623 26.3517 23.86 28.1735 27.0337 26.2826 25.6757 23.4707 37.769 24.2987 25.2876 23.0478 22.7451
threshold=161.00382856480954 1.0000000180025095e-35 199.75637935897683 105.50000000000001 35.500000000000007 0.71666666666666667 -0.98611507088852035 45.115384615384627 4.5642085303422038 5.541666666666667 0.94950000000000012 10.321428571428578 157.6428571428572 170.00121440662542 42.500000000000007 -0.21666666666666665 229.00000000000003 0.83000000000000007 183.35714285714289 0.17206290471785382 84.050000000000026 183.35714285714289 0.18808962264150944 156.78571428571431 -0.097964660725097436 -0.72947329433276231 0.21712938711367202 133.00000000000003 74.850000000000009 7.791666666666667
decision_type=2 2 2 2 2 2 2 2 2 2 2 2 2 2 2 2 2 2 2 2 2 2 2 2 2 2 2 2 2 2
left_child=1 -1 5 -3 6 7 -5 8 -2 28 -11 12 16 -14 -15 -4 17 -10 -16 -9 21 -21 -22 -24 25 -12 -26 -28 -8 -13
right_child=2 3 15 4 -6 -7 9 19 11 10 24 29 13 14 18 -17 -18 -19 -20 20 22 -23 23 -25 26 -27 27 -29 -30 -31
leaf_value=-0.027255129263165371 0.024295056578821847 -0.02431314269087145 0.012652694673180332 -0.022892010772518456 -0.027723436227896078 0.024713975353769485 -0.010374096844851433 0.031348269806306485 -0.019910553339511673 -0.0133098830066543 -0.001004852286232404 0.020918916648612174 -0.014848948507988699 0.01970289730879914 -0.0038703174317779297 0.033093136464213954 -0.0090884309280528392 0.015380307237215056 0.020973692188790267 -0.018526595819237966 0.054631580423253535 0.030564430273985897 0.019606340929089881 -0.011776998771898042 -0.021065508591401143 0.023757932770761145 -0.0062063102594227147 0.019175789511265352 0.016543234057565522 -0.01329499033556684
leaf_weight=470.92301837354898 123.6197187975049 225.56051975116134 85.068586200475693 79.667620547115803 82.739092133939266 143.60459504276514 33.138341553509235 14.553739450871943 20.231134176254272 206.08057512715459 124.70816690474749 163.04584471136332 136.66137835383415 91.003209814429283 248.96603313833475 236.26633732020855 56.042127974331379 340.34289694577456 44.403898619115353 142.1530135050416 7.8157719001173964 9.9712158367037755 37.552070058882236 58.942989185452461 54.105435132980347 98.682515293359756 107.97171643748879 51.284998998045921 184.87103760242462 18.893631055951118
leaf_count=7261 568 2735 433 734 900 670 208 81 100 1558 778 779 1113 415 1188 1341 259 1546 195 991 39 46 196 370 319 461 650 277 1057 87
internal_value=8.29924e-05 -0.0123011 0.0108447 -0.00664472 -0.00273004 0.00755553 -0.000504197 0.00591301 0.00824384 0.00159187 -0.00209498 0.00645145 0.00432776 -0.000472301 0.00466449 0.0277379 0.0103176 0.0133506 -5.15015e-05 -0.00477112 -0.00693485 -0.0151303 0.00504731 0.00051199 0.00321506 0.0099912 -0.00389309 0.00203607 0.012423 0.0173127
internal_weight=3698.87 1719.73 1979.14 1248.81 1023.25 1657.8 940.51 1514.2 1243.21 860.843 642.833 1119.59 937.651 521.035 384.373 321.335 416.616 360.574 293.37 270.989 256.435 152.124 104.311 96.4951 436.753 223.391 213.362 159.257 218.009 181.939
internal_count=27355 16938 10417 9677 6942 8643 6042 7973 6250 5308 4043 5682 4816 2911 1798 1774 1905 1646 1383 1723 1642 1037 605 566 2485 1239 1246 927 1265 866
is_linear=0
shrinkage=0.03


Tree=50
num_leaves=31
num_cat=0
split_feature=14 27 33 27 11 5 10 25 25 26 25 36 25 25 25 18 25 2 14 33 23 46 11 24 46 24 23 0 14 2
split_gain=349.957 215.941 117.075 97.3447 81.1571 78.1955 68.1259 63.5991 80.8987 52.0372 45.7283 41.3779 35.0177 38.804 34.1382 28.2007 28.0913 22.881 23.4902 22.8688 22.4727 21.8266 21.5219 21.1173 32.3672 20.6839 20.179 19.7539 19.721 19.4791
threshold=78.500000000000014 135.00000000000003 174.00398057010418 105.50000000000001 29.500000000000004 0.83333333333333348 222.50000000000003 -0.93540483100319605 -0.13052619222005143 -0.065403129230143228 0.25881904510252091 0.021408749999999952 0.58216583101416142 0.91037613702198772 0.16280825711808983 68.928571428571445 -0.81241147629688981 106.50000000000001 272.50000000000006 167.00063034666991 0.19448997604337412 131.50000000000003 33.500000000000007 0.18533094812164577 140.50000000000003 0.20942982456140347 0.29948453608247422 170.50000000000003 350.50000000000006 146.50000000000003
decision_type=2 2 2 2 2 2 2 2 2 2 2 2 2 2 2 2 2 2 2 2 2 2 2 2 2 2 2 2 2 2
left_child=2 3 9 -2 6 11 10 -8 16 -1 29 22 14 21 26 -13 -9 18 -17 -11 -4 25 -5 24 -21 -14 -10 -12 -27 -3
right_child=1 4 20 5 -6 -7 7 8 12 19 27 15 13 -15 -16 17 -18 -19 -20 23 -22 -23 -24 -25 -26 28 -28 -29 -30 -31
leaf_value=-0.0019650287799616853 -0.021475661347416637 -0.0076688261348893021 0.030874343559221036 -0.021937111640941313 0.029221801895694698 0.02257869526514323 -0.0048328275791601257 0.013449940098276584 0.0090726416384387526 -0.02928974958093894 -0.033703702385150573 -0.0081016633246942475 0.022258394752244393 0.0030899232212364815 -0.027173945822037082 0.015440278104051805 0.030987443261098011 0.0071169614146417764 -0.017312239541490273 -0.023516545409480758 0.00084090085973632901 0.034090025005144513 0.023284976381062878 -0.019323864676019934 0.060517895247837745 -0.029021554579607135 -0.023161360219594921 -0.0019416949373060623 0.01895922071473433 0.01034380394805417
leaf_weight=86.157715894281864 252.43392957001925 86.872005350887775 27.571448460221291 128.74507554620504 206.79237826913595 114.21810737252235 159.65190136432648 119.49201815575361 113.09039375931025 487.75123991444707 51.58590567111969 300.20220512896776 64.853376463055611 171.96035958826542 39.866740062832832 25.68316613137722 280.30837774276733 368.86050494015217 75.478497713804245 7.2184721603989583 104.46854294836521 84.318347498774529 9.4155050292611104 51.005623795092106 7.5098035261034966 16.307415828108791 19.664197519421577 26.698209285736084 12.986717298626898 139.55332841724157
leaf_count=604 2843 513 121 1184 1179 611 961 538 516 7816 415 2030 280 787 261 136 1298 2048 459 64 459 367 57 448 53 72 88 130 56 739
internal_value=-0.000455605 0.00436924 -0.0183763 -0.00483126 0.0117271 -0.000705554 0.00909999 0.0126247 0.0156468 -0.0236792 -0.00342201 -0.00365487 0.0078573 0.0132933 -0.00319097 -0.000933547 0.0257925 0.00365219 -0.00892721 -0.0270496 0.00729715 0.0230528 -0.0187101 -0.010238 0.0204552 0.0129134 0.00416053 -0.0230326 -0.00782696 0.00342961
internal_weight=3640.72 2869.04 771.683 1275.04 1594 1022.6 1387.21 1082.5 922.848 639.643 304.709 908.385 523.048 350.426 172.621 770.224 399.8 470.022 101.162 553.485 132.04 178.466 138.161 65.7339 14.7283 94.1475 132.755 78.2841 29.2941 226.425
internal_count=27133 17568 9565 9368 8200 6525 7021 5224 4263 8985 1797 5914 2427 1562 865 4673 1836 2643 595 8381 580 775 1241 565 117 408 604 545 128 1252
is_linear=0
shrinkage=0.03


Tree=51
num_leaves=31
num_cat=0
split_feature=35 35 14 10 1 25 22 33 35 26 46 13 22 14 31 26 6 26 4 49 25 1 25 23 26 24 14 21 25 21
split_gain=480.071 145.359 132.393 73.6302 64.2993 53.5029 55.5823 45.6131 39.5494 34.0145 32.8997 28.2228 30.4264 26.9734 26.4682 25.1312 24.4703 24.2785 22.8444 22.5891 22.5093 34.9762 39.4739 30.9276 21.2714 19.6991 23.4673 19.6795 19.147 19.256
threshold=157.00109140858837 178.00068612435209 101.50000000000001 202.50000000000003 153.92857142857147 -0.84874750804349186 5.541666666666667 205.60855771946493 167.00010064154569 0.097964660725097366 96.000000000000014 3.5846606223964712 5.791666666666667 1.0000000180025095e-35 0.21050000000000002 -0.98611507088852035 0.51666666666666672 0.68322629814330826 4.5642085303422038 83.500000000000014 -0.065403129230143187 118.78571428571431 -0.84874750804349186 0.29249530956848036 -0.88144907265856332 0.21340823970037451 377.50000000000006 -0.93288194932983748 0.88144907265856365 -0.029427611318121848
decision_type=2 2 2 2 2 2 2 2 2 2 2 2 2 2 2 2 2 2 2 2 2 2 2 2 2 2 2 2 2 2
left_child=2 4 9 -4 11 -5 -7 20 -6 -1 14 13 -13 -2 -8 -15 18 27 -10 -14 21 -3 -23 24 -22 26 -25 -12 -17 -30
right_child=1 7 3 5 8 6 10 -9 16 -11 17 12 19 15 -16 28 -18 -19 -20 -21 23 22 -24 25 -26 -27 -28 -29 29 -31
leaf_value=-0.011985875267069721 -0.0119683390887571 -0.013326534844981676 -0.021991134800208541 -0.015249625206611557 -0.014073068675821204 0.017584454199389744 -0.025444707927922004 0.035451620504384655 0.026281062860555527 -0.031412394459787135 0.017727537110324185 0.023311336058503902 0.0097083098080457571 -0.0027346848216068128 0.025027004973520006 0.022030368175285028 0.024817658549397784 0.020772882214005743 -0.002445679707850043 -0.024960493520811103 -9.7823163838426077e-05 0.0072466725245734958 0.027599243742849076 -0.028407925253719862 0.019294697205201283 0.029338603195116036 0.013445026354572861 -0.0054461063502212175 0.020454948510541072 -0.0041558104206942956
leaf_weight=109.11760805547237 35.649783086031675 26.176263496279716 231.11154689639807 222.65684734284878 220.51077932491899 151.34143260121346 78.97948744893074 120.84768332540989 25.54413203150034 336.05673957616091 36.898753173649311 25.527010813355446 24.211421966552734 62.439731299877167 9.7823167219758016 273.08695197105408 35.751755602657795 46.031324349343777 404.92162347584963 51.903945982456207 69.236136943101883 119.47730416059494 311.1848024725914 38.621970936655998 191.17846225202084 9.3481014519929868 16.62241692841053 253.84867700189352 52.389294505119324 61.060432352125645
leaf_count=1187 306 114 2549 1942 2121 887 950 792 137 5885 181 139 144 276 79 1231 162 218 2316 337 292 507 1507 165 840 40 73 1429 229 267
internal_value=0.000168957 0.00912637 -0.0130335 -0.00711535 0.00259225 -0.00279331 0.00203247 0.0183279 -0.00363572 -0.0266883 -0.00352677 0.00988118 -0.00445594 0.0128911 -0.0196654 0.0148873 0.00132047 0.000772383 -0.000684055 -0.0139499 0.0156392 0.0199349 0.0219828 0.00955841 0.0141582 -0.00891939 -0.0157997 -0.00245446 0.0177335 0.00728847
internal_weight=3651.51 2175.69 1475.82 1030.65 1273 799.539 576.882 902.693 686.728 445.174 425.541 586.269 101.642 484.626 88.7618 448.976 466.218 336.779 430.466 76.1154 781.845 456.838 430.662 325.007 260.415 64.5925 55.2444 290.747 386.537 113.45
internal_count=27302 11995 15307 8235 7665 5686 3744 4330 4736 7072 2857 2929 620 2309 1029 2003 2615 1828 2453 481 3538 2128 2014 1410 1132 278 238 1610 1727 496
is_linear=0
shrinkage=0.03


Tree=52
num_leaves=31
num_cat=0
split_feature=35 36 35 35 15 27 5 22 36 35 10 33 22 1 5 27 22 32 1 39 1 23 46 16 13 3 18 2 12 15
split_gain=456.943 170.728 113.39 78.0308 48.9837 49.7905 42.5987 35.3854 35.2385 33.0503 29.2715 26.1357 25.06 23.2564 22.9003 22.8143 22.1309 19.9442 18.416 18.4055 22.5396 18.8142 18.3876 18.0787 17.2726 18.3594 22.1504 17.2062 16.9816 17.6355
threshold=163.00084408483949 0.10100874999999991 182.25148274953824 131.00386538286173 268.50000000000006 137.00000000000003 0.76666666666666672 6.7083333333333348 0.20397499999999999 214.69028798354461 187.50000000000003 176.75544053759225 5.541666666666667 150.50000000000003 0.63333333333333341 135.00000000000003 5.541666666666667 0.26400000000000007 186.07142857142861 80.850000000000009 133.78571428571431 0.30094339622641514 134.50000000000003 465.50000000000006 2.8526220614828222 182.50000000000003 67.357142857142875 107.50000000000001 11.500000000000002 305.50000000000006
decision_type=2 2 2 2 2 2 2 2 2 2 2 2 2 2 2 2 2 2 2 2 2 2 2 2 2 2 2 2 2 2
left_child=1 4 6 12 -1 -6 8 10 11 14 -5 22 -3 -7 27 -9 -10 23 -13 20 -18 28 -2 -12 25 26 -24 -4 29 -21
right_child=2 3 9 7 5 13 -8 15 16 -11 17 18 -14 -15 -16 -17 19 -19 -20 21 -22 -23 24 -25 -26 -27 -28 -29 -30 -31
leaf_value=-0.029605044221078257 -0.010118866921249513 0.00043888620775863428 -0.016653530079845779 -0.018755718895532143 -0.022465546183716611 0.012998650960062228 0.022727435403293215 -0.014238217934058396 0.019791472720317855 0.032107581818672903 -0.0066288883873016555 0.0047746534932499975 -0.025824775145073621 -0.014437815985080307 0.028779142019720951 0.0010796861805105688 0.023333426667561535 0.039571263077669123 0.03748571827915604 -0.0093488971099862407 -0.028384168791002171 -0.0082981502958724643 0.00038596507256310645 0.0091179637798938767 -0.018575397630148399 -0.00067207001546320156 0.045803865834720986 0.014413380747019318 -0.014233659381603697 0.016171838074566465
leaf_weight=384.43434054777026 293.24988123774529 41.29004880040884 15.904651522636412 40.195317476987839 204.62852997332811 69.557206958532333 105.63282917439938 179.64322400093079 122.67247439920902 158.71108938753605 78.452436417341232 127.62464781105518 155.51850874722004 44.907145589590073 107.14973682165146 169.47593080252409 9.5014926642179471 15.992517814040182 16.703506156802177 26.96373426169157 27.363055825233459 55.72772242128849 17.815451964735985 381.3827253729105 25.181815840303898 69.248707205057144 20.167022302746773 402.36768291890621 21.441423192620277 205.9727410748601
leaf_count=6831 2023 383 68 344 2406 461 497 1250 556 1000 560 529 1837 359 559 1006 40 94 68 141 133 259 139 2090 157 446 99 1829 116 924
internal_value=-5.69756e-05 -0.0109415 0.0104474 -0.00334148 -0.0223923 -0.0136373 0.0046675 0.000544554 0.00281243 0.0201023 0.00553097 -0.0022005 -0.0203403 0.00220284 0.0164219 -0.00682047 0.00888822 0.00761761 0.00879229 0.00498754 -0.0147902 0.00737865 -0.00593966 0.00642284 0.00332234 0.00858885 0.0250572 0.0131952 0.0108321 0.0131903
internal_weight=3594.88 1765.48 1829.4 1061.95 703.527 319.093 1145.27 865.142 1039.63 684.133 516.023 569.991 196.809 114.464 525.422 349.119 469.643 475.828 144.328 346.97 36.8645 310.106 425.663 459.835 132.413 107.231 37.9825 418.272 254.378 232.936
internal_count=27204 17621 9583 7564 10057 3226 6127 5344 5630 3456 3088 3461 2220 820 2456 2256 2169 2744 597 1613 173 1440 2864 2650 841 684 238 1897 1181 1065
is_linear=0
shrinkage=0.03


Tree=53
num_leaves=31
num_cat=0
split_feature=35 14 35 27 22 10 5 33 35 26 26 25 28 35 38 4 7 1 19 30 2 17 26 25 20 35 35 25 4 28
split_gain=432.734 150.471 126.365 85.2117 56.4276 51.6117 45.6435 46.294 57.5185 34.4054 31.539 29.3689 27.3641 33.6278 27.0622 23.6521 26.8879 32.4754 22.6463 22.3835 34.6612 29.2551 21.8685 22.2037 21.8339 21.2597 20.7764 20.6502 20.1347 21.5574
threshold=160.00085234582312 47.500000000000007 189.72827743081419 105.50000000000001 5.541666666666667 212.50000000000003 0.76666666666666672 159.65750068352298 171.88735864040692 0.097964660725097366 0.47114434510950071 -0.13052619222005143 0.0051300000000000009 149.73785655783408 35.45000000000001 4.5642085303422038 0.34166666666666673 183.35714285714289 10.142857142857144 74.850000000000009 128.50000000000003 5966.5000000000009 -0.5277851165098012 -0.13052619222005143 27.050000000000004 227.27514878149776 214.69028798354461 -0.8814490726585632 11.11381122654484 0.0051300000000000009
decision_type=2 2 2 2 2 2 2 2 2 2 2 2 2 2 2 2 2 2 2 2 2 2 2 2 2 2 2 2 2 2
left_child=1 9 6 -3 19 24 7 11 -9 -1 12 27 22 -14 26 -10 17 18 -17 -5 21 -21 23 -7 -6 -16 -4 -2 29 -13
right_child=2 3 14 4 5 10 -8 8 15 -11 -12 28 13 -15 25 16 -18 -19 -20 20 -22 -23 -24 -25 -26 -27 -28 -29 -30 -31
leaf_value=-0.01145327112897887 0.0009056995178200395 -0.023463111949737062 0.020080222083903043 -0.010794404258391668 0.043486725550857572 0.042788779113404486 0.021061723459390246 -0.012438718721832363 0.024026576625175832 -0.031377206638668095 0.014440363971391488 -0.0053709558921733761 -0.017466850823352125 0.0023687420538056783 -0.026408763602595146 -0.0066639839432585668 0.020497562049154459 0.017754271389104834 0.016674873393741935 0.015635339515217016 0.0011706605682694543 0.050289682253437135 -0.0047259437046291162 0.0059962067284673563 -0.023330128553655238 0.023670982756993794 0.034094873418019901 0.022174613306676381 -0.012677490128195886 0.013885812117368591
leaf_weight=104.11791114881635 51.967837929725647 203.96093221008778 311.12650230526924 35.795925311744213 3.6410236954689017 21.245280884206295 144.71489786729217 269.2896844111383 49.544038698077202 330.1091245636344 87.373101927340031 77.748893797397614 201.7510713301599 123.59848413616419 16.813181117177013 318.70784393697977 63.854617461562157 73.989402808248997 41.41420291364193 72.218268491327763 90.444028779864311 31.492737703025341 82.993641041219234 45.094477534294128 152.00624959170818 12.375045180320738 142.41253747045994 196.76306008547544 54.015672750771046 156.24511657655239
leaf_count=1193 249 2624 1528 239 23 97 697 2398 219 6102 438 369 1552 686 73 1526 284 323 181 406 592 175 520 252 1513 67 928 879 245 737
internal_value=6.67972e-05 -0.0116081 0.00941408 -0.00592305 -0.0021272 -0.00627057 0.00510598 0.00338577 -0.00111297 -0.0266372 -0.00202262 0.0102212 -0.00507689 -0.00994725 0.0227471 0.00447005 0.00248006 -0.000211197 -0.00394126 0.0107759 0.0147877 0.0265382 0.00552965 0.0182395 -0.0214995 -0.00509548 0.0245462 0.0177523 0.00367828 0.00749176
internal_weight=3566.82 1585.84 1980.98 1151.62 947.654 717.703 1498.26 1353.54 816.8 434.227 562.056 536.741 474.683 325.35 482.727 547.51 497.966 434.111 360.122 229.951 194.155 103.711 149.333 66.3398 155.647 29.1882 453.539 248.731 288.01 233.994
internal_count=27115 16412 10703 9117 6493 5081 8107 7410 4931 7295 3545 2479 3107 2238 2596 2533 2314 2030 1707 1412 1173 581 869 349 1536 140 2456 1128 1351 1106
is_linear=0
shrinkage=0.03


Tree=54
num_leaves=31
num_cat=0
split_feature=35 14 35 29 10 5 36 33 26 35 8 33 25 25 25 2 25 3 26 39 25 25 23 25 31 46 29 20 12 20
split_gain=396.554 150.814 107.821 86.9842 49.5173 48.4905 45.3957 43.2665 39.2712 34.8029 32.4345 28.2205 27.1123 36.6862 38.2456 27.2248 24.6554 27.3694 29.2625 24.4633 33.2367 23.9326 26.6157 22.8972 22.5766 21.4737 23.7013 21.0354 21.0227 19.3015
threshold=161.00382856480954 61.500000000000007 193.25399651000419 1.0350000000000001 202.50000000000003 0.76666666666666672 0.19053375000000003 171.99667298322544 1.0000000180025095e-35 133.00071365887683 -0.23333333333333328 202.78111889596332 -0.97335555334614932 1.0000000180025095e-35 0.63405362205439475 109.50000000000001 -0.68322629814330804 150.50000000000003 -0.38268343236508956 112.35000000000001 -0.93540483100319605 -0.13052619222005143 0.24681708299758257 -0.84874750804349186 0.10950000000000001 104.50000000000001 1.8050000000000004 39.930769230769243 62.500000000000007 30.138461538461545
decision_type=2 2 2 2 2 2 2 2 2 2 2 2 2 2 2 2 2 2 2 2 2 2 2 2 2 2 2 2 2 2
left_child=1 8 5 4 -3 6 7 29 -1 -6 -9 25 -5 16 -15 -16 17 24 -19 20 -8 23 27 -22 -14 -4 -27 -23 -7 -2
right_child=2 3 11 12 9 28 19 10 -10 -11 -12 -13 13 14 15 -17 -18 18 -20 -21 21 22 -24 -25 -26 26 -28 -29 -30 -31
leaf_value=-0.0054940927588433917 0.015059993995718708 -0.026520121190424732 -0.015894523694171641 -0.015227246507915944 -0.0200875446742903 0.028608147875497567 -0.012083481357244049 0.014744360221608584 -0.030224326367333819 -0.0028277779505646388 -0.0032110216794144506 0.034535328737179037 0.00040076645462103612 -0.018833976588329211 -0.0088147280445309232 0.016697992306086207 0.026793221300216028 -0.029528013657686366 0.023246790428647118 0.0459144586656983 0.0036941180577261101 0.021513203081655202 -0.0040336586788843063 0.021604010104356225 -0.04871274752733689 0.021454411976881339 -0.01684899880291096 0.0007008006219062264 0.0047310378959117827 -0.014038493096976471
leaf_weight=69.119172796607018 21.565937347710133 173.58633678033948 15.88566644489765 59.147438213229179 148.63508893549442 104.89850965887308 68.483288772404194 152.32362512499094 368.00196254253387 355.04309061914682 220.44978796690702 123.77288906276226 28.70626025646925 78.814281210303307 61.280968882143497 94.596432030200958 92.587268490344286 10.055676080286501 69.09990569204092 14.422849729657171 94.153987377882004 100.18109806627035 170.86826872825623 204.50591242313385 10.912600606679915 249.30321227014065 14.720115900039671 77.066179066896439 48.99542260915041 245.80199426785111
leaf_count=639 142 2131 74 519 1848 500 356 701 6827 2222 1048 853 162 660 352 468 443 72 398 65 451 434 770 932 60 1253 68 371 241 2116
internal_value=-0.000359534 -0.0112986 0.00883359 -0.00572237 -0.0127423 0.00517392 0.00337218 -0.00245703 -0.0263354 -0.00795083 0.00414577 0.0226003 0.00369505 0.00623263 -0.00193448 0.00667578 0.0152676 0.00613449 0.0162577 0.00848246 0.00766461 0.00977104 0.00440594 0.015989 -0.0139933 0.0172186 0.0192634 0.0125188 0.021086 -0.011644
internal_weight=3546.99 1619.59 1927.4 1182.47 677.265 1523.72 1369.82 640.141 437.121 503.678 372.773 403.682 505.201 446.053 234.692 155.877 211.362 118.774 79.1556 729.682 715.259 646.775 348.116 298.66 39.6189 279.909 264.023 177.247 153.894 267.368
internal_count=27176 16801 10375 9335 6201 8127 7386 4007 7466 4070 1749 2248 3134 2615 1480 820 1135 692 470 3379 3314 2958 1575 1383 222 1395 1321 805 741 2258
is_linear=0
shrinkage=0.03


Tree=55
num_leaves=31
num_cat=0
split_feature=35 14 35 10 6 35 33 35 26 25 25 22 27 12 33 25 24 22 26 12 1 38 25 1 38 30 26 24 25 26
split_gain=377.169 127.962 113.233 74.4312 46.3335 44.2704 38.6602 56.7572 37.7664 31.1969 29.9157 32.6064 30.996 28.312 27.2168 25.0041 31.4224 27.2567 22.0646 23.9294 20.6723 23.4536 20.6021 19.5605 20.2733 19.8093 21.2207 18.3837 18.0897 17.8145
threshold=159.00404823279473 1.0000000180025095e-35 189.72827743081419 202.50000000000003 0.91666666666666674 123.00976775396045 159.65750068352298 175.46016453645782 1.0000000180025095e-35 -0.13052619222005143 -0.98611507088852035 6.7083333333333348 142.50000000000003 89.500000000000014 205.60855771946493 -0.8814490726585632 0.21680376028202111 5.8750000000000009 0.16280825711809024 39.500000000000007 125.35714285714288 35.45000000000001 -0.91037613702198728 143.07142857142858 28.750000000000004 76.700000000000017 0.72947329433276265 0.19139194139194138 1.0000000180025095e-35 -0.84874750804349175
decision_type=2 2 2 2 2 2 2 2 2 2 2 2 2 2 2 2 2 2 2 2 2 2 2 2 2 2 2 2 2 2
left_child=1 8 4 18 6 -5 9 15 -1 22 -7 23 -13 -6 20 16 -8 -17 -3 -20 -4 -22 -2 25 -25 29 27 -27 -14 -12
right_child=2 3 14 5 13 10 7 -9 -10 -11 11 12 28 -15 -16 17 -18 -19 19 -21 21 -23 -24 24 -26 26 -28 -29 -30 -31
leaf_value=-0.0031830792600835807 -0.0034838316292214121 -0.027158356525564756 -0.0075946131632371921 -0.020158430425472176 0.032124879989915464 -0.02108313401875038 -0.0018266715244578862 0.007211914924885543 -0.030024620231863159 0.0025625200463150507 0.018868299834016843 -0.011065690508840497 0.030142270866465069 -0.022369836132911082 0.033946122770653363 -0.00023117759625979604 0.045267690392562968 -0.017783290625068362 0.0052379441093934392 -0.030611884226145115 0.021371629952318404 -0.0077558285048488261 0.019775161136288865 -0.011089162936205762 0.024648458129839325 0.025766615764752681 0.041853095793984489 0.0068000078916462406 -0.0028615459394211061 -0.01910825991886022
leaf_weight=55.033712055534124 39.84202479571104 166.38379991054535 27.993291437625885 107.36366808786988 73.575914986431599 53.285613626241684 97.396205522119999 406.74993045628071 340.49518810585141 319.28222849592566 15.656089782714842 219.29953438416123 28.31414732336998 8.9840831235051137 112.20235832035542 119.39532969519496 13.660387746989725 238.21572490781546 47.759778741747141 24.624202199280262 305.05283695459366 26.585766091942787 232.80026782304049 77.478231754153967 16.490409724414349 60.25946844369173 21.784734819084406 189.55836782604456 30.174011521041393 32.704184051603079
leaf_count=520 213 2042 135 1334 343 493 639 1723 6517 1549 80 1523 144 44 801 928 85 1986 381 326 1532 123 1052 518 97 325 120 1119 164 215
internal_value=-0.00024318 -0.0117095 0.00819012 -0.00639869 0.00426653 -0.00224214 0.00302693 -0.000978202 -0.0263073 0.00894192 0.00036336 0.00204351 -0.00589473 0.0259981 0.0210422 -0.00808651 0.00431839 -0.0119402 -0.0211658 -0.00720871 0.0169333 0.0190203 0.0163759 0.0073722 -0.00462412 0.0108988 0.0140419 0.0114595 0.0133537 -0.0066806
internal_weight=3508.4 1486.67 2021.74 1091.14 1549.9 852.368 1467.34 875.418 395.529 591.925 745.005 691.719 277.788 82.56 471.834 468.668 111.057 357.611 238.768 72.384 359.632 331.639 272.642 413.931 93.9686 319.963 271.603 249.818 58.4882 48.3603
internal_count=27071 15918 11153 8881 8562 6132 8175 5361 7037 2814 4798 4305 1831 387 2591 3638 724 2914 2749 707 1790 1655 1265 2474 615 1859 1564 1444 308 295
is_linear=0
shrinkage=0.03


Tree=56
num_leaves=31
num_cat=0
split_feature=14 29 33 33 27 22 25 25 25 25 22 25 10 36 25 25 49 22 23 23 31 22 47 2 16 23 23 32 24 48
split_gain=281.542 169.588 106.328 93.9589 63.4818 81.7122 51.3605 64.0216 54.9875 51.3512 48.0225 42.4727 38.7919 37.6203 36.5189 34.2217 33.9054 33.532 29.3689 28.656 28.5337 27.1924 31.3839 26.0639 25.5296 31.0008 24.9817 27.7844 24.516 24.0256
threshold=78.500000000000014 0.83000000000000007 183.51350072163123 173.00393232681583 128.50000000000003 6.7083333333333348 -0.95642797789208678 -0.065403129230143187 0.63405362205439475 0.097964660725097311 5.541666666666667 -0.77259657388510627 202.50000000000003 0.10100874999999991 -0.8814490726585632 0.16280825711808983 82.500000000000014 5.541666666666667 0.30358412743564217 0.25493230174081244 0.052500000000000005 6.291666666666667 91.000000000000014 118.50000000000001 1248.5000000000002 0.2566202090592335 0.23294573643410851 0.16100000000000003 0.21563498982853821 173.50000000000003
decision_type=2 2 2 2 2 2 2 2 2 2 2 2 2 2 2 2 2 2 2 2 2 2 2 2 2 2 2 2 2 2
left_child=3 10 4 13 5 9 28 11 15 14 -2 -8 -13 -1 24 -9 -10 19 21 23 -7 -18 -23 -11 -3 -26 27 -15 -6 -30
right_child=1 2 -4 -5 6 20 7 8 16 17 -12 12 -14 26 -16 -17 18 -19 -20 -21 -22 22 -24 -25 25 -27 -28 -29 29 -31
leaf_value=-0.0272799989603816 0.0018678268542688056 -0.014846091144890654 0.026599719298684921 0.0044297165356660317 -0.010814456534865199 0.0031120891997807555 0.0084980254429456812 0.0030425839779849961 0.020703866412138797 0.029961933822629978 -0.022141453755399439 -0.0025057678155679919 0.027396308315496897 0.041605085368049889 0.019184934202817975 -0.018188432870204156 0.019901067502933471 -0.026251522509543525 -0.022448623197674517 -0.023745302368540801 -0.022339594535707084 0.0322294174774575 -0.0087552267833748056 -0.016317440412211365 -0.0092582502098335715 0.051119359983712732 -0.020319581292715536 -0.0057329168913810655 -0.0081125776322418502 0.047207854508486129
leaf_weight=411.46848066151142 106.17600000649691 60.418630622327328 225.04512894153595 145.31489785015583 160.72408019006252 50.075864180922508 295.49701523035765 152.60736129432917 177.83529507368803 35.320665448904037 252.96563678234816 44.203842096030712 323.61496417224407 13.16681933403015 201.57109078764915 122.37379702925682 90.588691465556622 61.921502090990543 32.955132238566875 22.689726911485195 185.25649160519242 19.22394947707653 98.843737043440342 14.927252337336538 16.015017613768581 13.225244790315626 83.764925628900528 51.743706431239843 13.643894575536253 13.118934482336043
leaf_count=7596 829 495 1408 659 1063 317 1455 742 808 197 2622 235 1539 105 1059 909 410 485 148 158 1693 87 490 101 111 95 777 437 91 71
internal_value=-0.000123206 0.004158 0.00700106 -0.0170418 0.00499115 -0.00278336 0.0083186 0.0103505 0.00397466 0.00505324 -0.0150579 0.0170094 0.0238057 -0.02261 0.0121279 -0.00643744 0.0107997 -0.0102014 0.00345457 0.00359527 -0.0169335 0.00763327 -0.00186741 0.0161635 -0.00377426 0.0188377 -0.00958976 0.00435494 -0.00637303 0.0197287
internal_weight=3496.3 2790.84 2431.7 705.459 2206.65 661.421 1545.23 1357.74 694.428 426.089 359.142 663.316 367.819 560.144 291.23 274.981 419.447 134.859 241.612 72.9376 235.332 208.656 118.068 50.2479 89.6589 29.2403 148.675 64.9105 187.487 26.7628
internal_count=27192 17618 14167 9574 12759 4711 8048 6823 3594 2701 3451 3229 1774 8915 1760 1651 1943 941 1135 456 2010 987 577 298 701 206 1319 542 1225 162
is_linear=0
shrinkage=0.03


Tree=57
num_leaves=31
num_cat=0
split_feature=35 14 35 27 12 6 25 36 33 26 5 48 20 29 48 34 23 49 49 23 25 29 25 25 20 12 47 24 26 23
split_gain=372.822 138.319 99.6297 76.642 50.3928 46.864 42.9698 39.1298 43.766 33.5432 28.4739 28.163 26.6682 24.6712 23.9681 21.5006 24.5221 21.9087 18.683 18.6338 18.5335 19.1569 18.3023 20.8888 17.8941 17.4591 17.4229 24.5914 16.8041 16.3856
threshold=160.00085234582312 1.0000000180025095e-35 199.75637935897683 105.50000000000001 35.500000000000007 0.9833333333333335 -0.98611507088852035 0.021408749999999952 167.00063034666991 -0.065403129230143228 1.3 243.50000000000003 44.880769230769239 1.0450000000000002 173.50000000000003 149.96398084091896 0.19139194139194138 78.500000000000014 97.500000000000014 0.27561219390304853 -0.93540483100319605 0.84300000000000008 -0.22695468355932447 -0.72947329433276231 48.765384615384619 85.500000000000014 107.00000000000001 0.19253938832252088 0.29012925520284133 0.21712938711367202
decision_type=2 2 2 2 2 2 2 2 2 2 2 2 2 2 2 2 2 2 2 2 2 2 2 2 2 2 2 2 2 2
left_child=1 9 5 -3 6 7 -5 8 -2 -1 13 12 14 19 20 -10 18 -18 -17 22 -9 -22 23 28 -19 -7 27 -14 -8 -30
right_child=2 3 -4 4 -6 25 10 11 15 -11 -12 -13 26 -15 -16 16 17 24 -20 -21 21 -23 -24 -25 -26 -27 -28 -29 29 -31
leaf_value=-0.00091162413787820786 -0.023000301368923354 -0.022746374315434286 0.025118985720178594 -0.022334815387895536 -0.026589403688376732 0.034056954330460319 -0.016342686942590751 -0.0092213846414290999 -0.014560545811429808 -0.029387826161274298 0.053731464040932278 -0.0045434978529099671 0.039342775263486666 0.007159672498655136 0.016238288945482075 0.013979667979516441 -0.015504798220989238 0.01217773567206004 0.061119233766926177 -0.013091406904312217 -0.0094829313003862159 0.010822722990838739 -0.006836972902826745 0.021703900784657785 -0.010294729059933668 -0.0030271128662862851 -0.016136218767833489 -0.0037216985082362173 -0.0114375698629094 0.022440894309891993
leaf_weight=41.683543376624584 80.397333741188049 195.69987425208092 283.54470032453537 70.823322236537933 69.038820568472147 68.004950687289238 37.238673642277718 58.769060529768467 58.978666484355927 352.55363889783621 8.427342623472212 151.98815478384495 14.693362958729265 350.70325832441449 422.72266561537981 28.819765225052834 51.435594141483307 128.42746039479971 9.7281940430402738 128.07644972577691 46.138568066060543 383.88924607634544 149.65723123028874 58.863301418721676 41.470063753426075 13.507222525775431 55.75690720230341 49.228517420589924 19.922011539340019 32.83986683934927
leaf_count=355 988 2678 1739 706 836 324 356 315 388 6937 39 756 75 1948 2023 146 276 682 49 916 252 1815 1058 299 270 68 301 249 123 186
internal_value=2.99088e-05 -0.0111244 0.00871137 -0.00573953 -0.00212307 0.00590204 -0.000122352 0.00474943 -0.00336535 -0.0263869 0.00190566 0.00748823 0.00926426 0.00127546 0.0110112 0.00164184 0.00536061 0.00146587 0.0271207 -0.00356734 0.00646673 0.00862714 0.000548893 0.0079702 0.00666432 0.0279496 -0.00402189 0.00663082 -0.00115189 0.00967414
internal_weight=3463.03 1515.53 1947.5 1121.29 925.59 1663.96 856.551 1582.44 399.257 394.237 785.728 1183.19 1031.2 777.301 911.52 318.86 259.881 221.333 38.548 426.598 488.797 430.028 298.521 148.864 169.898 81.5122 119.679 63.9219 90.0006 52.7619
internal_count=27153 16437 10716 9145 6467 8977 5631 8585 2799 7292 4925 5786 5030 4886 4405 1811 1423 1228 195 2938 2382 2067 2022 964 952 392 625 324 665 309
is_linear=0
shrinkage=0.03


Tree=58
num_leaves=31
num_cat=0
split_feature=35 35 14 27 22 26 22 18 13 3 2 31 21 35 29 20 37 27 21 21 27 13 7 21 4 23 24 23 38 23
split_gain=342.673 115.801 113.076 63.986 43.9662 40.8897 40.3085 44.6151 36.0569 33.9904 32.5628 34.7379 31.4199 30.8809 29.5968 29.4115 27.4324 24.8597 24.6431 23.0572 26.3024 22.6309 24.3682 27.2689 27.1159 22.2098 21.5742 20.893 20.3622 20.1138
threshold=158.40649095223588 182.25148274953824 78.500000000000014 105.50000000000001 5.541666666666667 0.065403129230142673 5.6250000000000009 70.928571428571445 8.2650616362560179 178.50000000000003 128.50000000000003 0.072500000000000009 -1.3237557027062612 206.71358539088803 0.94950000000000012 43.365384615384635 47.500000000000007 135.00000000000003 0.50391756766440221 -0.27010534582786422 143.50000000000003 5.4464595125332105 0.25833333333333336 -1.2166839708166661 4.2430177772197775 0.30094339622641514 0.21304964539007093 0.27750275027502752 31.650000000000002 0.19597736001617141
decision_type=2 2 2 2 2 2 2 2 2 2 2 2 2 2 2 2 2 2 2 2 2 2 2 2 2 2 2 2 2 2
left_child=2 6 5 -4 10 -1 9 15 14 18 11 -5 -9 26 -6 17 -11 -8 29 -16 28 22 23 -14 -25 27 -3 -26 -21 -2
right_child=1 13 3 4 8 -7 7 12 -10 16 -12 -13 21 -15 19 -17 -18 -19 -20 20 -22 -23 -24 24 25 -27 -28 -29 -30 -31
leaf_value=-0.0065035048297068078 0.0068984115183799407 0.010346884993842863 -0.022016283001257325 0.035167953606589357 -0.013944775870209177 -0.030401263439699323 -0.014238946333982511 0.023914736654777415 -0.027309493563969129 0.01245310604137936 -0.0052720302541803109 0.0034620102493841363 -0.043777283505204635 0.028020881902715917 0.011941267695972068 -0.01605072512790998 -0.010212104374526755 0.0043712896789936976 0.0042268673308819274 -0.011403826243813812 0.011965002273829675 -0.0083197848018925057 0.032711146502323409 0.038298303500090496 0.0024074097490353889 -0.017995404215822349 0.026363618188861893 0.025792118194831647 0.036964941886938843 0.033991062809081637
leaf_weight=82.785141721367836 33.529145106673241 352.01458005607128 186.54173439741135 60.229992836713791 183.49982971325517 300.2437256462872 89.637384779751301 74.526189602911472 66.288123708218336 105.15617740899324 81.735210314393044 63.696191124618053 9.2213294431567174 202.26100331544876 113.80202824622393 184.51678274571896 86.849802315235138 223.913574565202 61.631714206188917 195.15378201007843 67.732003271579742 116.45447266474366 29.287379652261734 20.748363181948662 174.66750041395426 36.433032166212797 96.556953296065331 41.894028954207897 7.2007288783788672 98.985094174742699
leaf_count=865 189 1656 2600 316 1507 6288 556 385 835 612 549 383 47 1344 662 1431 546 1202 335 1252 385 715 137 94 888 180 467 215 39 514
internal_value=-5.7017e-06 0.00785677 -0.0113779 -0.00617284 -0.00262964 -0.0252666 0.00295443 -0.000223782 -0.00654021 0.0111749 0.0093928 0.0190297 0.00607022 0.0182871 -0.00406995 -0.00658247 0.00220119 -0.000977325 0.0199929 0.000674211 -0.00409975 0.0029197 0.00712465 0.00437052 0.00614587 0.00336861 0.0138455 0.00702896 -0.00950933 0.027239
internal_weight=3447.19 2038.28 1408.91 1025.88 839.338 383.029 1387.45 1001.3 633.676 386.152 205.661 123.926 503.232 650.833 567.388 498.068 192.006 313.551 194.146 383.889 270.087 428.706 312.252 282.964 273.743 252.995 448.572 216.562 202.355 132.514
internal_count=27194 11513 15681 8528 5928 7153 8046 5850 4680 2196 1248 699 2661 3467 3845 3189 1158 1758 1038 2338 1676 2276 1561 1424 1377 1283 2123 1103 1291 703
is_linear=0
shrinkage=0.03


Tree=59
num_leaves=31
num_cat=0
split_feature=35 36 35 35 25 7 36 1 12 25 12 46 22 21 30 26 2 26 29 23 26 37 25 45 18 38 24 2 29 15
split_gain=352.529 152.835 82.1978 61.4559 48.4635 35.3296 29.4522 37.273 27.8883 46.3599 27.1358 26.1984 23.4173 21.4501 22.7428 21.1157 20.6462 20.5134 22.53 26.5355 23.656 20.2714 20.1725 20.1535 18.4954 18.2077 18.1137 21.8433 17.6264 17.6802
threshold=165.49368226849415 0.10100874999999991 206.71358539088803 131.00386538286173 -0.38268343236508934 -0.058333333333333293 0.24872499999999995 182.78571428571431 34.500000000000007 -0.97335555334614932 35.500000000000007 129.50000000000003 5.541666666666667 0.55665707735047587 82.800000000000011 0.16280825711809024 149.50000000000003 0.47114434510950071 0.8670000000000001 0.20396764252696456 -0.16280825711808972 47.500000000000007 -0.93540483100319605 7.1500000000000012 71.357142857142875 27.050000000000001 0.20766968880176429 105.50000000000001 1.2220000000000002 759.50000000000011
decision_type=2 2 2 2 2 2 2 2 2 2 2 2 2 2 2 2 2 2 2 2 2 2 2 2 2 2 2 2 2 2
left_child=1 4 5 -3 8 6 7 11 9 -1 12 -2 -5 -7 16 -6 23 18 19 -14 -20 -8 -23 -15 -13 -11 28 -28 29 -19
right_child=2 3 -4 10 15 13 21 -9 -10 25 -12 24 17 14 -16 -17 -18 26 20 -21 -22 22 -24 -25 -26 -27 27 -29 -30 -31
leaf_value=-0.017372144109492376 -0.015417446871266238 -0.018669223203230421 0.028009326520186242 0.0094948992650107228 -0.017465158190632428 0.016426765549253597 0.01784205116207806 0.017210047813624733 -0.029080056228044576 0.0048967500784599383 -0.022549140943052395 -0.0066478374449501316 0.017098212680526446 0.0016141963891783912 0.017911653861946687 -0.030656884959317347 0.025794789868181605 0.0048670037333343862 0.0029982074822853585 -0.023784493924627396 -0.012842446922539708 -0.023536392219251231 0.006517342104831879 -0.024855148688919401 0.011790496239549914 0.038070133844247928 -0.012845588236848558 0.038541244648421416 0.037857994048568523 -0.030446155232442783
leaf_weight=66.486537832766771 154.85380716994405 180.812758538872 197.07271762937307 240.58342669904232 179.10650100186467 435.65281058475375 149.73442854732275 72.964400134980679 38.205920998007059 36.795547027140856 43.292703792452812 117.32487311586738 16.531639583408833 72.213930137455463 72.526224859058857 302.43534045666456 18.236303485929966 47.550082914531231 338.35773628950119 81.381341766566038 112.13971472159028 21.142076678574085 218.8640698119998 39.258985966444016 82.532602146267891 24.419038906693459 9.255808584392069 29.932549297809601 9.2411002516746503 16.338978357613087
leaf_count=718 981 2226 1334 1383 2355 2208 682 325 518 285 470 680 112 378 354 6316 91 243 1846 593 923 98 996 198 412 128 52 138 43 79
internal_value=-9.47507e-05 -0.00938378 0.00987127 -0.00269695 -0.020985 0.00739753 0.00326184 -0.00217332 -0.00694827 -0.000152324 0.000376918 -0.00619767 0.00150189 0.0126838 0.00457947 -0.0257967 -0.00295515 -0.00141845 -0.00381348 -0.0167788 -0.000964625 0.00921634 0.00378324 -0.00784599 0.000987199 0.0185291 0.010206 0.0263867 0.00129631 -0.00449401
internal_weight=3425.24 1772.87 1652.38 1125.42 647.449 1455.3 817.416 427.676 165.907 127.701 944.605 354.711 901.312 637.888 202.235 481.542 129.709 660.729 548.41 97.913 450.497 389.741 240.006 111.473 199.857 61.2146 112.319 39.1884 73.1302 63.8891
internal_count=27165 18428 8737 8108 10320 7403 4174 2398 1649 1131 5882 2073 5412 3229 1021 8671 667 4029 3474 705 2769 1776 1094 576 1092 413 555 190 365 322
is_linear=0
shrinkage=0.03


Tree=60
num_leaves=31
num_cat=0
split_feature=14 27 0 22 33 21 12 56 5 25 25 25 25 47 25 27 25 40 25 25 23 47 23 46 1 38 18 16 18 21
split_gain=227.635 156.819 108.494 103.529 60.3766 50.6067 47.9487 46.7927 45.6288 42.0471 48.8119 52.8186 39.4331 36.67 34.3341 30.7764 29.7198 28.5281 27.3944 39.3795 30.0393 32.9042 26.0223 25.7984 27.6383 25.614 25.4208 24.9439 24.656 24.6007
threshold=78.500000000000014 135.00000000000003 167.50000000000003 6.4583333333333348 178.75538757517219 -0.4889132683607314 11.500000000000002 1.0000000180025095e-35 0.56666666666666676 -0.98611507088852035 -0.065403129230143187 -0.81241147629688981 0.58216583101416142 160.00000000000003 0.91037613702198772 105.50000000000001 0.93540483100319627 4.2000000000000002 0.065403129230143062 -0.77259657388510627 0.24068965517241384 156.50000000000003 0.23294573643410851 146.00000000000003 181.78571428571431 33.150000000000006 75.357142857142875 1248.5000000000002 71.500000000000014 -0.029427611318121848
decision_type=2 2 2 2 2 2 2 2 2 2 2 2 2 2 2 2 2 2 2 2 2 2 2 2 2 2 2 2 2 2
left_child=2 3 16 8 6 7 9 26 15 -3 11 17 25 -7 -14 -2 -1 -11 19 20 -17 27 -18 24 -4 -12 -5 -22 -21 -16
right_child=1 4 23 5 -6 13 -8 -9 -10 10 12 -13 14 -15 29 18 22 -19 -20 28 21 -23 -24 -25 -26 -27 -28 -29 -30 -31
leaf_value=-0.029588371589128238 -0.016004401014256254 -0.012343818472375487 -0.013246988616338587 -0.023488139415134439 0.024674874058416014 -0.022528794749595644 -0.0060762146035940618 0.014957243390605916 0.02135827175061962 0.022667440873890964 -0.0095350002693499348 0.026132893171559247 0.020494446345072807 0.0033732357197369181 0.014744227447906478 -0.014768665664207625 -0.0034021411075706208 0.00057363454579527514 -0.0075046444552516701 0.0094283429687440478 0.0087289649491262486 -0.01757771258021423 -0.023795892944418966 0.020382683786307209 0.018930239380191286 0.043533500131927395 0.016119590845748915 0.054740778457053781 0.034750483550533867 -0.0084048907742932388
leaf_weight=268.00368650630116 84.112294290214777 69.595800876617432 80.103125371038914 70.326237365603447 220.75064447522163 356.14320071786642 192.38303149491549 92.053172420710325 114.48669368028641 75.097799427807331 162.0854621976614 303.57357806712389 165.10726054012775 56.769455652683973 69.852006539702415 77.128055319190025 101.8108363263309 170.50709291547537 131.49207419157028 84.153740555047989 27.058368392288685 21.050073221325874 126.07437228783965 60.38013669103384 33.163817286491394 7.6367280557751647 17.571440543979406 16.952193558216095 59.088569566607475 98.128543503582478
leaf_count=5542 993 483 567 720 1356 3377 1237 556 692 395 893 1486 727 368 312 512 1290 877 916 425 202 164 1734 281 154 38 136 97 283 460
internal_value=-3.7744e-06 0.00382517 -0.0156734 -0.0042567 0.0101872 -0.0131937 0.00773631 8.76612e-05 0.00435878 0.0101088 0.0116045 0.017781 0.00483662 -0.0189681 0.0108228 0.000439588 -0.0228079 0.00739371 0.00378744 0.00899751 -0.00219151 0.0127163 -0.0147394 0.00471493 -0.00374249 -0.00690615 -0.015478 0.0272744 0.0200424 0.00125158
internal_weight=3412.64 2743.1 669.536 1208.39 1534.72 592.864 1313.97 179.951 615.522 1121.58 1051.99 549.178 502.81 412.913 333.088 501.035 495.889 245.605 416.923 285.431 142.189 65.0606 227.885 173.647 113.267 169.722 87.8977 44.0106 143.242 167.981
internal_count=27273 17705 9568 9441 8264 5157 6908 1412 4284 5671 5188 2758 2430 3745 1499 3592 8566 1272 2599 1683 975 463 3024 1002 721 931 856 299 708 772
is_linear=0
shrinkage=0.03


Tree=61
num_leaves=31
num_cat=0
split_feature=35 14 35 27 6 36 10 25 33 25 25 25 0 27 21 25 36 22 17 25 21 21 31 2 7 22 16 47 22 25
split_gain=299.547 124.155 97.8441 67.7841 42.7449 53.5788 41.598 36.077 33.8781 32.0119 30.2036 29.6901 25.2743 21.8956 27.2587 21.552 20.6392 19.8723 20.9714 19.8286 19.0759 18.4705 20.2003 18.2749 31.1632 19.1504 18.175 19.5669 17.9088 17.9038
threshold=160.41054062727207 1.0000000180025095e-35 199.75637935897683 105.50000000000001 0.71666666666666667 0.19053375000000003 212.50000000000003 -0.91037613702198728 172.00428873060039 -0.22695468355932447 -0.72947329433276231 -0.93540483100319605 166.50000000000003 147.00000000000003 0.35109715011883508 -0.13052619222005143 0.10100874999999991 5.4583333333333348 7872.5000000000009 -0.84874750804349186 -1.277648337674621 0.017266905808210654 0.088500000000000009 175.50000000000003 -0.074999999999999942 5.791666666666667 2610.5000000000005 136.50000000000003 6.7083333333333348 0.5277851165098012
decision_type=2 2 2 2 2 2 2 2 2 2 2 2 2 2 2 2 2 2 2 2 2 2 2 2 2 2 2 2 2 2
left_child=1 16 4 28 5 8 17 13 20 10 -9 -7 -6 -8 -15 19 -1 18 -5 -13 -2 22 29 24 -10 -26 27 -12 -3 -17
right_child=2 3 -4 6 12 11 7 9 23 -11 26 15 -14 14 -16 21 -18 -19 -20 -21 -22 -23 -24 -25 25 -27 -28 -29 -30 -31
leaf_value=-0.029229220493200359 0.010490541736549756 -0.012330804623516113 0.024537410042879942 -0.007928723955436489 0.0097188270073337371 -0.0082971187389679589 -0.015904720673165253 -0.00073270648029612 -0.0089416401694475348 -0.0008782297585735266 0.018164383079418946 0.0052685085013094999 0.035305131438868563 -0.01541274381084206 0.062011228759796339 -0.008602853537440407 -0.011394943492101232 -0.019768635809694193 0.043568668593004463 0.021001890759696488 -0.013252890815103304 -0.00086060723751721997 0.024002166832484302 0.021095209485507624 0.024215511746101186 0.0029327351960630734 -0.01619316854837741 0.045726146320634542 -0.031159319117649856 0.014185679811671958
leaf_weight=281.74311515688896 33.836789850145578 94.446974530816078 271.6215583384037 27.714636951684952 82.301295474171638 81.799679800868034 131.40408893674612 85.061776526272297 158.29407534003258 368.06604060530663 102.14366640150547 104.79615259170532 60.556345328688622 8.0205780118703824 6.7410965561866751 52.792293936014175 75.86962316557765 142.79032438620925 8.4784225635230523 236.04322931915522 253.75927110016346 189.90587690472603 78.139163993299007 44.124323770403862 52.930183753371239 130.38802803307772 9.8531272858381254 30.248639494180679 90.757850285619497 72.545835696160793
leaf_count=6399 293 1219 1763 257 411 426 1206 447 754 2199 501 494 291 61 52 241 843 1551 56 1122 2249 871 348 184 243 598 59 142 1486 341
internal_value=5.51684e-05 -0.0101472 0.0078982 -0.00516717 0.00511589 0.00360483 -0.00182589 0.00131258 -0.00265746 0.00459359 0.0134188 0.00876903 0.0207347 -0.0119922 0.021635 0.0106791 -0.0254879 -0.0147638 0.00498189 0.016194 -0.0104327 0.00587182 0.0121287 0.00315158 0.000779082 0.00917583 0.0218274 0.0247572 -0.0216753 0.00459505
internal_weight=3367.17 1463.34 1903.83 1105.73 1632.21 1489.35 920.522 741.539 673.333 595.373 227.307 816.022 142.858 146.166 14.7617 734.223 357.613 178.983 36.1931 340.839 287.596 393.383 203.477 385.737 341.612 183.318 142.245 132.392 185.205 125.338
internal_count=27107 16478 10629 9236 8866 8164 6531 4667 4321 3348 1149 3843 702 1319 113 3417 7242 1864 313 1616 2542 1801 930 1779 1595 841 702 643 2705 582
is_linear=0
shrinkage=0.03


Tree=62
num_leaves=31
num_cat=0
split_feature=14 29 33 33 39 25 25 25 26 25 26 24 32 1 13 36 40 20 19 0 13 39 25 17 17 49 10 37 29 19
split_gain=224.942 144.046 97.5959 78.979 62.1557 55.9071 81.4648 65.4615 51.7433 37.7106 33.8918 24.171 23.6574 31.625 22.5064 22.3734 24.9228 23.6808 22.296 22.0273 28.9019 21.8239 21.7 21.2267 30.4589 21.0961 23.3121 26.476 21.0831 21.0807
threshold=78.500000000000014 0.83000000000000007 178.00068612435209 173.00393232681583 81.700000000000017 1.0000000180025095e-35 -0.77259657388510627 0.63405362205439475 0.097964660725097366 0.91037613702198772 0.38268343236508995 0.21563498982853821 0.18550000000000003 123.35714285714288 1.0000000180025095e-35 0.19053375000000003 7.4500000000000011 46.930769230769243 11.714285714285714 120.50000000000001 22.782046151794059 88.550000000000011 0.16280825711808983 7293.0000000000009 10842.500000000002 82.500000000000014 270.00000000000006 39.500000000000007 1.0350000000000001 4.4642857142857162
decision_type=2 2 2 2 2 2 2 2 2 2 2 2 2 2 2 2 2 2 2 2 2 2 2 2 2 2 2 2 2 2
left_child=3 -2 4 8 15 6 10 22 12 25 11 18 13 -1 -8 16 -3 -17 29 -4 -21 23 -7 28 -25 -9 -27 -28 -12 -6
right_child=1 2 19 -5 5 7 14 9 -10 -11 21 -13 -14 -15 -16 17 -18 -19 -20 20 -22 -23 -24 24 -26 26 27 -29 -30 -31
leaf_value=-0.022424130663050702 -0.014570552611627048 -0.02046443699567814 -0.0075559702651210028 0.0033450804438273142 0.021439742927441139 -0.0023833041297567285 0.023457385717572093 0.026560962273524478 -0.028075705177787711 -0.0028261009414384695 -0.0078263265664830564 0.017198406372170572 -0.015286109691540583 0.02663132553296672 0.0018236366191864226 -0.0028415117380378718 0.0050124492302428686 0.031406617980596935 0.035899266587114023 0.0083564176185432944 0.02997608174796423 0.01916615484971915 -0.020373195561857266 -0.028385537979983808 0.024871478628096192 -0.013923437772295294 0.047495589734660823 0.0082957829095548722 0.044495217765217282 -0.0112749874836247
leaf_weight=17.227463755756617 337.59593875333667 134.71021351963282 20.60859277844429 146.86278815567493 18.333746261894703 110.30974762886763 383.61096612364054 88.516031444072723 345.29515869170427 191.25521718710661 12.682268030941488 43.118816882371902 101.83010715246201 32.999418817460537 48.966493993997574 250.62651759758592 45.906297780573368 18.584767621010542 9.5462750941514951 76.903370402753353 210.082679733634 141.61420980095863 133.02590055391192 32.920948356389999 12.637575238943098 32.921095177531242 17.353401020169258 104.66741349548101 13.634235568344591 223.0405328720808
leaf_count=207 3448 1388 114 671 130 578 1849 403 7292 913 60 277 1051 306 285 1626 383 131 57 376 1372 655 1055 150 57 218 73 478 62 1505
internal_value=-4.65311e-05 0.00373843 0.00634538 -0.0159684 0.00399478 0.00673633 0.0114681 0.000168588 -0.0216667 0.00713841 0.00330285 -0.00330182 -0.00702456 0.00969637 0.0210184 -0.00586039 -0.0139972 -0.000369742 -0.00687892 0.0220845 0.0242318 0.0123725 -0.0122611 -0.00109236 -0.0133956 0.0149459 0.00818254 0.0142114 0.0199173 -0.00871191
internal_weight=3357.39 2713.17 2375.58 644.215 2067.98 1618.15 940.106 678.049 497.352 434.713 507.529 294.039 152.057 50.2269 432.577 449.828 180.617 269.211 250.921 307.595 286.986 213.489 243.336 71.875 45.5585 243.458 154.942 122.021 26.3165 241.374
internal_count=27170 17643 14195 9527 12333 8805 5087 3718 8856 2085 2953 1969 1564 513 2134 3528 1771 1757 1692 1862 1748 984 1633 329 207 1172 769 551 122 1635
is_linear=0
shrinkage=0.03


Tree=63
num_leaves=31
num_cat=0
split_feature=35 14 35 12 22 29 19 26 33 35 4 22 35 25 7 30 21 25 7 1 27 32 16 21 47 22 7 39 2 2
split_gain=291.128 114.631 86.9199 60.2716 41.5517 44.095 35.1065 31.0753 28.737 30.9714 27.6163 27.1497 26.846 25.8005 23.7012 24.2477 22.7033 43.3348 22.2531 24.9606 22.2369 19.2998 18.443 18.1884 24.7062 17.5558 22.0807 24.6131 18.9519 17.4336
threshold=158.40649095223588 61.500000000000007 188.79500614638286 35.500000000000007 5.541666666666667 0.81650000000000011 10.28571428571429 0.097964660725097366 148.00545906545992 167.00010064154569 4.1405313623578754 7.791666666666667 214.69028798354461 -0.98611507088852035 -0.15833333333333327 74.850000000000009 -1.6096915127218898 0.16280825711808983 0.67500000000000016 183.35714285714289 105.50000000000001 0.19500000000000003 423.50000000000006 -0.49963301577063951 130.50000000000003 4.6250000000000009 1.0000000180025095e-35 86.40000000000002 135.50000000000003 149.50000000000003
decision_type=2 2 2 2 2 2 2 2 2 2 2 2 2 2 2 2 2 2 2 2 2 2 2 2 2 2 2 2 2 2
left_child=1 7 6 4 14 -6 8 23 -2 -10 -11 -8 21 -7 -3 -16 17 -15 19 25 -18 -4 -17 24 -1 29 27 -27 -28 -12
right_child=2 3 12 -5 5 13 11 -9 9 10 18 -13 -14 16 15 22 20 -19 -20 -21 -22 -23 -24 -25 -26 26 28 -29 -30 -31
leaf_value=-0.0060258590515819251 0.010476200955224954 -0.0029893462536410105 0.0059677533190235386 -0.027925383176931867 -0.023822346697321882 -0.023634524580452818 0.018457405376986386 -0.031011387032710946 -0.0094136286645098363 0.02683706612397558 -0.0050836922644257087 -0.017410167553493706 0.030471153898542689 0.060804810491904726 -0.011632934806673214 -0.0078275215699620485 -0.029073903166245568 -0.018997290220753027 0.019582064758109526 0.017148686972729515 -0.0010797642262698273 0.020755212898159969 0.026749528419503846 -0.018374964356515706 0.060892343283275148 -0.023014320350280702 -0.0043559488204442127 -0.0040284225987482925 0.01495317813416153 0.021945350804614749
leaf_weight=18.57578651979566 297.37097129970789 103.30562750250101 141.44619907438755 95.249190252274275 112.51723375171423 49.94631602615118 202.69291896000504 248.30076480284333 243.74889202415943 39.859795928001404 36.796518288552761 20.162789940834045 131.94548317790031 13.283137537539007 22.919919334352016 15.756719432771204 26.065065454691648 10.063710257411001 55.466886095702648 67.486952178180218 454.36837001517415 183.44432167708874 95.544282600283623 67.768430914729834 5.7039682865142813 79.865162260830402 100.90732300281525 258.55836901068687 82.180100560188293 49.547418087720871
leaf_count=229 1385 748 719 1412 1551 543 1013 5956 2311 191 187 98 1004 75 155 93 398 65 261 299 2884 976 634 865 76 458 520 1397 427 249
internal_value=0.000321073 -0.0104894 0.00759325 -0.00535502 -0.00294807 -0.00678704 0.00416772 -0.0255004 0.00229203 -0.000115073 0.00283428 0.015149 0.0190664 -0.00328877 0.00780327 0.0160707 -0.0012288 0.0270385 0.00149024 -2.24258e-05 -0.00265577 0.0143553 0.0218284 -0.0104608 0.0114819 -0.00195388 -0.004032 -0.00856354 0.00434524 0.0105003
internal_weight=3330.85 1339.37 1991.48 999.02 903.77 666.244 1534.64 340.349 1311.79 1014.42 770.669 222.856 456.836 553.727 237.527 134.221 503.78 23.3468 730.809 675.342 480.433 324.891 111.301 92.0482 24.2798 607.855 521.511 338.424 183.087 86.3439
internal_count=27179 15684 11495 8558 7146 5516 8796 7126 7685 6300 3989 1111 2699 3965 1630 882 3422 140 3798 3537 3282 1695 727 1170 305 3238 2802 1855 947 436
is_linear=0
shrinkage=0.03


Tree=64
num_leaves=31
num_cat=0
split_feature=14 27 33 1 5 22 27 29 26 46 22 22 23 22 42 3 14 2 25 25 21 0 22 22 24 37 3 17 39 37
split_gain=198.333 134.118 97.0523 82.2806 53.364 48.7439 68.0031 49.4697 42.771 36.9303 28.9169 42.1673 27.4016 27.9594 26.1854 28.1715 30.0534 28.3096 25.462 42.5589 27.1362 24.6503 22.5921 24.976 22.9245 24.7201 22.5248 29.0449 22.622 27.2151
threshold=78.500000000000014 105.50000000000001 180.89236707025751 175.21428571428575 1.3 5.541666666666667 140.50000000000003 1.0450000000000002 0.16280825711809024 157.00000000000003 6.7083333333333348 6.6250000000000009 0.23294573643410851 6.2083333333333348 1.5000000000000002 187.50000000000003 301.50000000000006 108.50000000000001 1.0000000180025095e-35 -0.84874750804349186 0.7501204755312324 157.50000000000003 7.8750000000000009 5.791666666666667 0.19526212503504348 56.500000000000007 178.50000000000003 3688.5000000000005 98.050000000000011 48.500000000000007
decision_type=2 2 2 2 2 2 2 2 2 2 2 2 2 2 2 2 2 2 2 2 2 2 2 2 2 2 2 2 2 2
left_child=3 10 4 8 5 26 7 -7 12 -10 11 -2 13 21 15 16 -9 -18 19 22 -20 -1 23 -8 25 -25 -3 -28 29 -29
right_child=1 2 -4 -5 -6 6 18 14 9 -11 -12 -13 -14 -15 -16 -17 17 -19 20 -21 -22 -23 -24 24 -26 -27 27 28 -30 -31
leaf_value=0.0094087966407096456 -0.013363716555958534 0.015234187636304481 0.023789868465172039 0.0081190059856126439 0.035847067247867785 -0.012703915169344241 -0.033745941622183834 0.015813393833645547 -0.029201786073448418 0.014463305499500102 -0.03154198926304623 0.066745936511161549 -0.018879617042666028 -0.012412956692449802 0.020241352582527294 -0.017742569771970019 -0.02070017729632392 0.0042425613783009042 0.0047965408667536768 0.020543278005655183 -0.016133694693479989 0.066660611301173248 -0.020789574970784659 0.046479780753012762 0.0030464571477780548 -0.0053156328799259835 -0.014911485589444813 0.015045449222284799 0.024148532212530799 -0.014409791929849675
leaf_weight=31.913577787578106 114.21929815784097 340.6148781850934 233.06214867532253 111.05010990798473 43.932998023927212 437.28370413556695 12.231744177639483 103.24981655552983 311.51802795380354 17.883810069411993 95.073547881096601 5.2483988627791396 106.5218856818974 43.785784348845482 58.139300715178251 73.375614278018475 61.749384835362434 117.16137598827481 265.49283815920353 222.43635387718678 69.4984415397048 7.7494004964828482 32.77770659327507 24.493543691933155 127.83663634210825 12.010633572936056 59.020242936909199 59.530140213668346 59.245620205998421 51.913589850068092
leaf_count=340 1333 1836 1564 606 219 3413 74 567 6787 101 1517 43 1175 474 320 440 360 714 1339 1125 385 59 180 136 682 65 330 335 300 301
internal_value=-0.000135 0.00342805 0.00541037 -0.0152611 0.00348141 0.00281547 0.000155022 -0.00568049 -0.0202661 -0.0267945 -0.019268 -0.00931953 -0.00886512 0.00399051 0.00175649 -0.00131456 0.0030051 -0.0044334 0.00663016 0.0114367 0.000419188 0.021959 0.00170919 0.00597926 0.00912219 0.0297507 0.0103484 0.00306915 0.00933705 0.00131825
internal_weight=3310.02 2679.6 2465.06 630.423 2231.99 2188.06 1617.74 850.959 519.372 329.402 214.541 119.468 189.971 83.4488 413.675 355.536 282.161 178.911 766.778 431.787 334.991 39.663 209.35 176.573 164.341 36.5042 570.324 229.71 170.689 111.444
internal_count=27120 17578 14685 9542 13121 12902 9800 5814 8936 6888 2893 1376 2048 873 2401 2081 1641 1074 3986 2262 1724 399 1137 957 883 201 3102 1266 936 636
is_linear=0
shrinkage=0.03


Tree=65
num_leaves=31
num_cat=0
split_feature=35 14 33 12 18 25 48 29 26 33 6 30 35 23 47 25 25 25 25 38 50 26 26 39 19 12 16 47 6 35
split_gain=258.725 93.8709 78.0167 54.3695 41.1939 36.5726 35.536 34.8902 32.3431 26.3832 35.2714 26.1449 25.026 23.0803 27.3835 21.9349 27.9596 26.6688 19.5231 23.1411 20.7984 18.1863 18.1326 29.7721 15.9235 21.25 17.7818 18.4732 23.3778 19.531
threshold=157.00109140858837 124.50000000000001 193.79124139670853 35.500000000000007 72.214285714285737 -0.98611507088852035 243.50000000000003 0.84300000000000008 0.065403129230142673 155.46122641397309 0.45000000000000001 76.100000000000009 173.85315932902691 0.23154623154623152 124.50000000000001 1.0000000180025095e-35 0.58216583101416142 -0.72947329433276231 0.93540483100319627 25.600000000000005 138.50000000000003 -0.38268343236508956 0.52778511650980109 88.90000000000002 10.321428571428578 60.500000000000007 1475.5000000000002 98.000000000000014 0.58333333333333337 196.24563092757606
decision_type=2 2 2 2 2 2 2 2 2 2 2 2 2 2 2 2 2 2 2 2 2 2 2 2 2 2 2 2 2 2
left_child=1 8 4 5 6 -3 9 -7 13 -2 12 -9 -11 14 -1 17 -17 21 20 -20 -18 -13 24 -24 25 26 -6 -28 29 -29
right_child=2 3 -4 -5 22 7 -8 11 -10 10 -12 15 -14 -15 -16 16 18 -19 19 -21 -22 -23 23 -25 -26 -27 27 28 -30 -31
leaf_value=-0.011093861804935972 0.01021190943790087 -0.023495853209597583 0.027077941673103116 -0.028606470942317774 0.0098264066579800552 -0.012800739683598293 -0.016568500625133268 -0.014683456834870975 -0.030105413230403982 -0.011480738576046968 0.015566032338392894 -0.031716324768901835 0.0015357447517903198 -0.022965288843213739 0.038781389367270304 -0.018113488649505752 -7.4477386285271103e-05 0.020997148749386671 0.017617482243402795 -0.023695682115280978 0.026080833795429911 0.0051146743538611275 0.0029788084112188653 0.030574713658405885 0.015639714415118258 -0.018404897236502901 0.018049087154438974 -0.019008651940710983 0.035929620650338126 0.016829552572607511
leaf_weight=25.406400375068188 277.24377672746778 74.819172780960798 151.46727189421654 85.485168691724539 387.71573974192142 189.0341636352241 96.34329342097044 72.678040094673634 244.84498628228903 224.80482225865126 98.848500989377499 12.170244686305521 322.74238176643848 45.82827065512538 14.918745927512644 69.462611697614193 60.741421304643154 116.5636260099709 17.300633084028959 36.17027422785759 48.783769249916077 143.3319594040513 60.050967842340469 84.787586137652397 169.0213804282248 31.590868048369884 28.78927518427372 80.43780829012394 8.6742509901523572 15.64079014956951
leaf_count=258 1364 885 1156 1324 1984 2048 677 637 6126 2225 523 101 1475 533 150 613 331 602 117 212 250 998 335 488 843 191 145 420 43 86
internal_value=-0.000168944 -0.010865 0.00643261 -0.00595314 0.0047617 -0.00361941 0.000673461 -0.00165048 -0.0245552 0.00248792 -0.000835618 0.00201706 -0.00381958 -0.00861725 0.00784999 0.0044471 -0.00231683 0.0102137 0.0044845 -0.0102507 0.011706 0.00204789 0.0095666 0.0192322 0.00760334 0.0051226 0.00658099 -0.0028445 -0.00870306 -0.0130612
internal_weight=3295.7 1257.54 2038.16 926.541 1886.69 841.056 1019.98 766.237 330.998 923.639 646.396 577.203 547.547 86.1534 40.3251 504.525 232.459 272.066 162.996 53.4709 109.525 155.502 866.709 144.839 721.87 552.849 521.258 133.542 104.753 96.0786
internal_count=27140 15185 11955 8118 10799 6794 6264 5909 7067 5587 4223 3861 3700 941 408 3224 1523 1701 910 329 581 1099 4535 823 3712 2869 2678 694 549 506
is_linear=0
shrinkage=0.03


Tree=66
num_leaves=31
num_cat=0
split_feature=35 35 14 6 46 12 25 25 26 22 49 23 26 1 39 22 1 23 47 22 29 25 22 26 29 18 22 13 25 22
split_gain=234.372 91.9009 74.9987 48.7477 44.9473 36.7971 47.7438 44.678 38.8485 31.0822 30.3049 43.3216 29.5665 28.1038 29.1921 28.0049 26.5844 25.8758 34.4104 25.7784 25.3018 26.9321 25.0211 30.154 23.6588 23.5495 24.9465 22.2158 24.6754 38.8644
threshold=153.0008365287853 199.75637935897683 124.50000000000001 1.1500000000000001 96.000000000000014 62.500000000000007 -1.0000000180025095e-35 0.68322629814330826 -0.13052619222005143 8.0416666666666696 82.500000000000014 0.29948453608247422 0.097964660725097366 173.78571428571431 82.450000000000017 7.041666666666667 175.21428571428575 0.23154623154623152 124.50000000000001 6.1250000000000009 0.84300000000000008 -0.81241147629688981 5.541666666666667 0.41248606129204557 0.94950000000000012 70.500000000000014 7.291666666666667 9.8630354012191805 1.0000000180025095e-35 7.8750000000000009
decision_type=2 2 2 2 2 2 2 2 2 2 2 2 2 2 2 2 2 2 2 2 2 2 2 2 2 2 2 2 2 2
left_child=2 3 12 5 -4 6 9 16 10 20 -9 15 17 14 -10 -12 -8 18 -1 -20 -2 -22 -6 24 -24 -17 -27 28 -3 -30
right_child=1 27 4 -5 22 -7 7 8 13 -11 11 -13 -14 -15 -16 25 -18 -19 19 -21 21 -23 23 -25 -26 26 -28 -29 29 -31
leaf_value=-0.014689029743050769 -0.0077722032064878113 0.022005052868480215 -0.018808814114896329 0.03255594420636742 0.0083094145761914429 -0.010260720805295828 -0.014881138215158383 0.021164131427912552 0.029083892490656616 -0.011376380958541968 0.017655199835889632 -0.025836911613907689 -0.030405384736657975 0.014572540512893865 -0.01865167934172483 -0.026862106324514239 0.0030156055813911099 -0.024715010024140904 0.088786220765939033 0.011431331740266126 0.0063735137778818465 0.018002826707334156 -0.021322291564690916 0.010757523300377129 -0.0046023158208241518 -0.024772895191580411 0.02763909988534952 0.031078828742916367 0.008642423340075105 -0.062752130223491867
leaf_weight=23.774533472955227 61.17773075774312 91.67719841748476 201.13058963418007 49.124937511980534 146.32409197837114 180.72617567703128 239.07304137200117 136.85460490733385 11.882427893579004 61.458922125399113 120.23316525667906 37.297027811408043 208.72150592133403 39.535975161939859 117.16307178139687 28.138859119266272 108.0136342458427 44.657854367047548 5.3442820608615902 10.892247851938007 358.53039075434208 360.80053078010678 107.90486696362495 78.889780949801207 256.04798328131437 11.591414734721182 22.562341429293156 129.50765568763018 33.015907362103462 7.6069380640983573
leaf_count=286 370 543 2962 257 926 1197 2067 621 112 331 560 174 5426 190 1265 148 591 619 57 128 1891 1805 1076 434 1858 53 104 1053 174 37
internal_value=-6.94693e-06 0.00560509 -0.0114255 0.00335242 -0.00660101 0.00257861 0.00393735 -0.000981625 0.00453488 0.00902892 0.010135 0.00320394 -0.0243547 -0.00730361 -0.0140664 0.00924655 -0.00931899 -0.00925796 0.00817621 0.0405667 0.0106482 0.0122234 -0.00240868 -0.0059609 -0.0096043 -0.00700579 0.00965234 0.0222568 0.0134527 -0.00591319
internal_weight=3289.66 2205.97 1083.69 1944.16 790.297 1895.04 1714.31 872.346 525.259 841.968 356.677 219.823 293.39 168.581 129.045 182.526 347.087 84.6689 40.0111 16.2365 780.509 719.331 589.167 442.843 363.953 62.2926 34.1538 261.808 132.3 40.6228
internal_count=27315 13543 13772 11736 7256 11479 10282 5885 3227 4397 1660 1039 6516 1567 1377 865 2658 1090 471 185 4066 3696 4294 3368 2934 305 157 1807 754 211
is_linear=0
shrinkage=0.03


Tree=67
num_leaves=31
num_cat=0
split_feature=35 5 14 36 33 22 27 35 26 48 29 29 8 30 21 2 26 23 47 3 36 25 20 32 24 14 39 22 21 14
split_gain=228.332 77.2149 75.4382 59.1574 52.5285 41.9016 44.7384 30.6927 28.7431 27.9394 27.2417 25.983 24.0782 23.6399 22.3105 22.0726 21.8528 21.5927 20.8917 20.7438 20.4022 19.596 18.6207 19.6339 22.416 18.5163 18.2513 17.8884 17.7878 26.8055
threshold=153.0008365287853 0.70000000000000007 124.50000000000001 0.021408749999999952 167.73569192550488 5.541666666666667 140.50000000000003 214.69028798354461 0.065403129230142673 243.50000000000003 0.81650000000000011 1.0350000000000001 -0.23333333333333328 77.700000000000017 -0.35207785242112727 109.50000000000001 -0.88144907265856332 0.23154623154623152 124.50000000000001 118.50000000000001 0.29847499999999999 0.065403129230143062 46.261538461538471 0.19500000000000003 0.19253938832252088 312.50000000000006 94.850000000000009 7.8750000000000009 0.78012575346594215 289.50000000000006
decision_type=2 2 2 2 2 2 2 2 2 2 2 2 2 2 2 2 2 2 2 2 2 2 2 2 2 2 2 2 2 2
left_child=2 3 8 4 -2 13 11 9 17 10 -5 20 -6 16 -13 -3 21 18 -1 -15 -7 -4 28 24 -24 -16 -26 -9 -12 -30
right_child=1 15 5 7 12 6 -8 27 -10 -11 22 14 -14 19 25 -17 -18 -19 -20 -21 -22 -23 23 -25 26 -27 -28 -29 29 -31
leaf_value=-0.0097396025587496438 -0.021323534980755912 0.007163110973322403 0.038799869097761334 -0.014303871546521742 0.011118229670370608 -0.024794425590618258 0.0078266419415599486 0.028756328177903554 -0.029855275758518755 -0.006367443699957143 0.010703964875090422 0.012448124600417476 -0.0060836466524484545 0.050827312519582044 0.0056054581995249233 0.025850446698534639 -0.022078267600308153 -0.023372617309075028 0.036587828338215909 0.0088507728419824159 -0.0082461114842065798 -0.021798929007060205 0.043953551127510947 -0.016879222576247979 -0.012080162895034441 -0.01858519901014519 0.028270793578066031 -0.011396330377832529 0.018861905813245306 -0.0071650878386359867
leaf_weight=20.878945767879486 138.69358977675438 81.258086640387774 11.709391698241236 51.598155491054058 122.60779836028814 206.80326655134559 100.17569357901812 75.769632928073406 214.33444060385227 162.14261787384748 897.36740300431848 47.405318047851324 178.72246555611491 10.667912703007458 40.227112494409084 196.55498548224568 41.071579404175282 37.261839486658573 13.716966137289999 125.58905803784728 101.01278718560934 6.9007416628301135 11.393843624740837 53.168388679623604 36.257659234106541 93.395142216235399 12.836253285408018 10.933458045125006 48.688211675733328 124.73238172382116
leaf_count=223 2157 470 66 330 684 2815 616 588 5668 872 4538 299 1062 79 276 1226 358 463 135 867 1062 81 64 334 202 700 70 79 249 651
internal_value=0.000149007 0.00567343 -0.0112062 0.00353421 -0.0061172 -0.00638319 -0.0103766 0.00639644 -0.0243662 0.00531222 0.00684826 -0.0141153 0.000929222 0.00561336 -0.00505803 0.0204298 -0.010019 -0.0078085 0.00914065 0.0124836 -0.0194082 0.0163637 0.007781 -0.00373712 0.00790136 -0.011315 -0.00117613 0.0236208 0.00900591 0.000208294
internal_weight=3273.88 2202.72 1071.15 1924.91 440.024 784.958 589.019 1484.89 286.192 1398.18 1236.04 488.844 301.33 195.939 181.028 277.813 59.6817 71.8578 34.5959 136.257 307.816 18.6101 1184.44 113.656 60.4878 133.622 49.0939 86.7031 1070.79 173.421
internal_count=27284 13576 13708 11880 3903 7219 5768 7977 6489 7310 6438 5152 1746 1451 1275 1696 505 821 358 946 3877 147 6108 670 336 976 272 667 5438 900
is_linear=0
shrinkage=0.03


Tree=68
num_leaves=31
num_cat=0
split_feature=35 14 29 33 26 13 5 16 39 38 27 35 26 46 24 25 25 27 26 26 1 20 10 6 9 6 1 32 49 39
split_gain=208.588 128.668 72.3331 49.0315 46.3605 44.4679 34.7228 31.5776 35.2193 27.3756 27.3168 25.1513 24.9007 21.0467 20.5825 20.1545 29.6245 38.2716 23.0547 19.9924 19.8981 19.8509 17.7207 24.564 17.6215 17.4 16.8918 26.9123 20.6245 18.6918
threshold=175.00499586959049 78.500000000000014 0.83000000000000007 197.5328690895544 0.097964660725097366 6.82993002179649 1.3 798.50000000000011 85.050000000000026 26.650000000000002 140.50000000000003 164.72999033871187 0.41248606129204557 139.50000000000003 0.18533094812164577 -0.065403129230143187 -0.81241147629688981 141.50000000000003 -0.88144907265856332 -0.19509032201612822 118.78571428571431 49.626923076923084 270.00000000000006 0.38333333333333336 0.38000000000000006 0.31666666666666671 123.35714285714288 0.18750000000000003 82.500000000000014 82.450000000000017
decision_type=2 2 2 2 2 2 2 2 2 2 2 2 2 2 2 2 2 2 2 2 2 2 2 2 2 2 2 2 2 2
left_child=1 4 22 15 26 6 9 8 -7 -4 -10 -6 19 -13 -15 16 25 20 24 -11 -18 -20 -3 -24 -17 -2 -1 -28 29 -29
right_child=3 2 5 -5 11 7 -8 -9 10 12 -12 13 -14 14 -16 18 17 -19 21 -21 -22 -23 23 -25 -26 -27 27 28 -30 -31
leaf_value=-0.020474048428810662 0.00096230035889597427 -0.024148047651757248 -0.0016859404647222747 0.029089217983071857 -0.030275082181971075 -0.021664776712789633 0.040858022845969795 -0.015086473799006668 0.067779722597624437 0.0078265481437946992 -0.0094781985808187735 -0.020661117508930096 0.020268829915486206 0.0491439499869612 -0.0075619956696842136 -0.019832573642098648 -0.021456097485500595 0.029539022284718316 0.011207190921947597 -0.0064055178637212086 0.011947937363411657 -0.0089812707548748202 -0.013816015705195719 0.017591001288521309 0.004669510072797636 0.039861458106615594 0.026052645736219328 0.06131168788695876 -0.020639689304630837 -0.00042553405553171549
leaf_weight=41.343585684895515 176.73621863126755 119.33190633356571 630.01231065765023 118.39437092095613 246.31552671641111 11.610927887260916 20.806500695645809 204.41906847432256 11.920382186770441 363.19208508729935 5.7199435085058203 54.940350171178579 107.85992439091206 7.9302175939083126 15.623712059110401 55.484601303935051 17.096783354878426 145.44235970079899 259.44574168324471 116.65384111553431 145.83777774870396 51.921756371855736 144.53947572410107 25.606595192104578 49.038156300783157 9.9969894886016828 28.711258746683598 4.7054598554968861 42.400253418833017 19.433743122965097
leaf_count=581 782 1584 4231 1002 6563 124 99 1908 81 1913 44 618 490 57 144 237 74 818 1180 796 714 231 1538 201 217 48 284 56 443 194
internal_value=-0.000161286 -0.00533079 -0.00163298 0.0109971 -0.0194152 0.00106578 0.00333218 -0.0109098 0.017812 0.002658 0.043564 -0.0255675 0.00730959 -0.0105999 0.0127539 0.00861651 0.0127014 0.0183979 0.00373475 0.00436051 0.00833334 0.00782271 -0.0153145 -0.00901417 -0.0084018 0.00324605 -0.00470615 0.00227952 -0.00821226 0.0135691
internal_weight=3252.47 2223.08 1761.67 1029.39 461.404 1472.19 1238.52 233.67 29.2513 1217.72 17.6403 324.81 587.706 78.4943 23.5539 911 495.11 308.377 415.89 479.846 162.935 311.367 289.478 170.146 104.523 186.733 136.594 95.2507 66.5395 24.1392
internal_count=27252 21949 13009 5303 8940 9686 7529 2157 249 7430 125 7382 3199 819 201 4301 2436 1606 1865 2709 788 1411 3323 1739 454 830 1558 977 693 250
is_linear=0
shrinkage=0.03


Tree=69
num_leaves=31
num_cat=0
split_feature=14 29 1 33 27 26 21 25 25 26 25 21 46 16 26 38 38 6 25 5 26 37 48 15 25 39 21 39 21 10
split_gain=148.399 106.299 89.3771 79.3807 51.022 43.4725 31.2853 37.6999 44.8664 36.7613 33.6075 30.7622 27.8099 27.5941 27.3562 27.3052 26.9741 26.8792 24.6792 23.5352 22.8147 21.9258 30.3378 20.4067 19.7772 20.3965 19.1577 27.9854 18.8338 21.4485
threshold=78.500000000000014 0.83000000000000007 175.21428571428575 179.54978809656595 128.50000000000003 0.16280825711809024 0.7501204755312324 -0.95642797789208678 -0.065403129230143187 -0.72947329433276242 0.63405362205439475 1.4433502777192653 157.00000000000003 1156.5000000000002 0.29012925520284133 28.950000000000003 27.850000000000005 1.3166666666666669 0.097964660725097311 0.70000000000000007 -0.81241147629689003 46.500000000000007 181.50000000000003 802.50000000000011 -0.38268343236508934 105.15000000000002 0.72755383816166563 106.75000000000001 -1.277648337674621 270.00000000000006
decision_type=2 2 2 2 2 2 2 2 2 2 2 2 2 2 2 2 2 2 2 2 2 2 2 2 2 2 2 2 2 2
left_child=2 17 5 4 16 -1 7 -6 9 -9 21 13 -7 24 -11 -12 18 -2 20 -18 -3 22 -10 -13 25 -8 -5 -28 29 -22
right_child=1 3 -4 26 6 12 11 8 10 14 15 23 -14 -15 -16 -17 19 -19 -20 -21 28 -23 -24 -25 -26 -27 27 -29 -30 -31
leaf_value=-0.0079953595937134209 -0.014580172699602288 0.0081400811424830327 0.010396862740482812 0.026507499014429416 -0.0061012682466742634 -0.029017738305318525 0.01089789163282448 0.029077837216392073 0.028015409831691103 -0.009304020308601349 0.017122178348555641 0.0078352384284202294 0.0085321439650256504 -0.014717378142653136 0.014949969872974405 -0.00073216077111595975 0.0015193818549211929 0.049545486641596963 -0.019127721218475294 0.033797520641077272 0.056092220872092327 -0.012459337563680655 -0.0090662946414575025 0.053264207831629488 -0.0040888440871509526 0.065519868012718238 0.015104979968004596 -0.041195201157626642 -0.011590240244651332 -0.010957732125431056
leaf_weight=183.64373941347003 315.59358762949705 101.54523458704352 109.98988746479154 174.35775900632143 140.81588263064623 276.32929141074419 30.328159242868423 155.12699073553085 34.829104952514172 48.655462086200714 204.82342763990164 33.184443198144436 18.538527112454176 149.4858137331903 274.35820853710175 123.12870515882969 147.53645726293325 5.0396840870380393 127.54056696221232 22.599969506263733 7.2711207345128033 130.08575489744544 43.747080110013485 11.393330305814741 73.221711602061987 6.9137396663427344 52.396138653159142 8.3552836030721647 198.17529933527112 8.3680142909288406
leaf_count=2046 3476 619 595 1244 938 6776 178 814 219 280 954 173 105 902 1338 569 880 28 1207 109 46 775 268 57 397 39 359 45 1697 51
internal_value=-0.000311132 0.00273844 -0.0139153 0.00498801 0.00310928 -0.0195137 0.00615765 0.00841045 0.0104282 0.0171024 0.00446063 -0.00239048 -0.0266361 -0.00635495 0.0112792 0.010437 -0.00414935 -0.0134213 -0.00804496 0.00597946 -0.00351647 -0.0049373 0.00751578 0.02036 0.0049921 0.0224863 0.0214708 0.00682016 -0.00906455 0.0217135
internal_weight=3217.38 2628.88 588.501 2308.24 2073.13 478.512 1460.1 1155.57 1014.75 478.141 536.614 304.527 294.868 259.949 323.014 327.952 613.037 320.633 442.9 170.136 315.36 208.662 78.5762 44.5778 110.464 37.2419 235.109 60.7514 213.814 15.6391
internal_count=27184 17662 9522 14158 12510 8927 7901 6155 5217 2432 2785 1746 6881 1516 1618 1523 4609 3504 3620 989 2413 1262 487 230 614 217 1648 404 1794 97
is_linear=0
shrinkage=0.03


Tree=70
num_leaves=31
num_cat=0
split_feature=35 35 14 6 22 18 27 33 35 26 27 30 26 1 23 47 23 38 31 37 16 44 22 13 3 29 17 22 23 18
split_gain=210.892 74.8513 59.6582 57.5499 48.595 43.3216 38.3096 30.9338 41.9705 25.4584 26.0171 24.0005 23.8641 22.6655 21.6782 21.5991 32.3796 21.3234 23.693 20.1955 19.2854 31.3679 25.8475 19.9727 19.1031 21.684 20.6366 18.7333 18.5198 18.0752
threshold=151.0011518722616 208.70105001094154 124.50000000000001 1.0833333333333337 5.541666666666667 72.214285714285737 142.50000000000003 151.72310086259117 172.0032004779861 0.38268343236508995 108.50000000000001 77.700000000000017 0.16280825711809024 128.6428571428572 0.20304626660558867 130.50000000000003 0.20670914542728633 30.350000000000005 0.17900000000000002 42.500000000000007 1469.5000000000002 1.0000000180025095e-35 6.291666666666667 2.1743254304464581 140.50000000000003 0.87150000000000005 3446.5000000000005 5.6250000000000009 0.25326658747666725 73.642857142857153
decision_type=2 2 2 2 2 2 2 2 2 2 2 2 2 2 2 2 2 2 2 2 2 2 2 2 2 2 2 2 2 2
left_child=2 3 12 5 11 7 9 -2 27 17 -11 -4 13 -1 -13 -15 -17 18 -6 -7 22 -22 -21 -24 29 -26 -27 -9 -19 -16
right_child=1 -3 4 -5 6 19 -8 8 -10 10 -12 14 -14 15 24 16 -18 28 -20 20 21 -23 23 -25 25 26 -28 -29 -30 -31
leaf_value=-0.022202279050276243 0.0061519626501712141 0.024928738297271779 -0.010254011789178272 0.030301594338463616 -0.022250706683328948 0.014560868793884605 0.01218165819237612 -0.0023548788071511514 0.0012764955975726538 -0.022698313600418466 0.0096393775824458443 -0.0095409322326083946 -0.03093396351769661 -0.011062229174889478 0.057629402343504957 0.096624085526166303 -0.00059057262417715206 -0.012479285527959428 0.01478436714665392 0.017469408840473363 -0.011829317356299168 0.011897192633491815 0.0077864906480340466 -0.01026729757962149 -0.0092717490439140869 -0.0097423255838034305 0.039606797315405243 -0.017412158651031961 0.032462608481684238 0.0086608547637568832
leaf_weight=57.811757978051901 336.78558819741011 154.2799479663372 53.541071180254221 67.891364242881536 324.05782566219568 251.75303495302796 52.369600616395473 109.65055610984564 456.85745656490326 32.564242359250784 66.277930311858654 27.177211921662092 168.8649291023612 17.659691397100691 18.450209815055135 4.2723058275878412 7.3986350521445274 20.964458681643009 15.664973519742487 164.44729689136147 131.66392963007092 79.664265636354685 179.01594204455614 78.539917271584272 26.834790743887424 10.15563018620014 25.99620109796524 232.38956313952804 12.244460828602312 11.038678824901579
leaf_count=898 1792 1248 474 373 3873 1318 321 1133 2166 470 390 229 4934 256 134 49 123 145 157 914 724 422 940 485 223 56 151 2694 68 68
internal_value=-0.00019203 0.00483191 -0.0120046 0.00333623 -0.00743795 0.00241574 -0.0119848 -0.00146205 -0.00467551 -0.0146875 -0.00113513 0.00631217 -0.0243662 -0.0114327 0.0137486 0.00982683 0.0398133 -0.0182668 -0.0205046 0.00738751 0.0045176 -0.00287124 0.00821578 0.00226269 0.0206219 0.0109785 0.0258547 -0.0126061 0.0045558 0.0401841
internal_weight=3196.28 2242.94 953.345 2088.66 697.337 2020.77 524.143 1135.68 798.898 471.774 98.8422 173.194 256.007 87.1424 119.653 29.3306 11.6709 372.932 339.723 885.084 633.331 211.328 422.003 257.556 92.4755 62.9866 36.1518 342.04 33.2089 29.4889
internal_count=27228 14209 13019 12961 6759 12588 5424 7785 5993 5103 860 1335 6260 1326 861 428 172 4243 4030 4803 3485 1146 2339 1425 632 430 207 3827 213 202
is_linear=0
shrinkage=0.03


Tree=71
num_leaves=31
num_cat=0
split_feature=35 14 33 27 22 27 20 22 29 21 6 31 25 23 39 29 29 3 18 14 21 27 45 2 21 17 28 16 20 23
split_gain=195.007 86.6596 62.2355 50.0474 31.789 34.0348 35.4876 30.6676 29.1535 27.9893 26.1975 24.45 22.6627 29.7322 22.2425 21.8478 21.7409 21.5311 22.2379 39.6467 21.3813 32.7898 21.0167 29.8547 29.1432 22.7151 20.093 19.8135 23.3282 18.9981
threshold=158.40649095223588 1.0000000180025095e-35 195.8422620608242 105.50000000000001 6.291666666666667 124.50000000000001 43.761538461538471 5.541666666666667 0.94950000000000012 1.9329333344409647 0.2166666666666667 0.12200000000000001 -0.065403129230143187 0.29249530956848036 105.15000000000002 1.8050000000000004 1.0645000000000002 179.50000000000003 71.214285714285737 428.50000000000006 -0.27010534582786422 143.50000000000003 7.6500000000000012 153.50000000000003 1.0490994266219149 7979.5000000000009 0.0069900000000000006 1600.5000000000002 32.919230769230779 0.22082043343653249
decision_type=2 2 2 2 2 2 2 2 2 2 2 2 2 2 2 2 2 2 2 2 2 2 2 2 2 2 2 2 2 2
left_child=1 -1 4 -3 10 -6 11 -5 -9 -8 14 12 16 26 17 -4 -7 -2 27 -20 -10 -22 23 24 -18 -26 -14 -19 -29 -28
right_child=2 3 15 7 5 6 9 8 20 -11 -12 -13 13 -15 -16 -17 22 18 19 -21 21 -23 -24 -25 25 -27 29 28 -30 -31
leaf_value=-0.024123032915709171 0.010845892322735667 -0.020600800373531607 0.0294208762089803 0.0076372456359201802 -0.017809544279417219 -0.0042696800050151772 -0.011159015611538757 -0.015070984403765877 0.0095367971304665122 0.04686899117796494 0.020289805477159552 0.015505320877972536 -0.0042171215903699837 -0.028173827852719432 0.020005590271865974 -0.021123572434695766 0.021335260156672788 -0.014243245557476223 0.013824423676147864 -0.025483597342931475 -0.011246605079857397 0.011719078243610532 0.035862192443668929 -0.0075327297710195288 0.014247387784809029 -0.048924021719492457 -0.0053866200747868286 -0.018617857938580278 0.039987863105417555 0.037277704958420255
leaf_weight=278.52618007734418 227.75886188820004 157.70647802948952 117.0087408348918 211.12282684072852 79.419147055596113 100.1160316132009 187.72736612334847 196.94004364684224 120.24781581014395 6.8151216842234126 148.08819571882486 167.82704481109977 171.20333096385002 38.674436029046774 89.554024368524551 7.539905183017253 132.01236270368099 126.05481574311852 125.39233810082078 27.299037292599678 219.49675386026502 74.079805593937635 28.973216503858566 67.495462685823441 9.5057067722082156 9.2929047718644124 15.606368664652107 9.8285359367728251 13.393223155289887 21.770757906138897
leaf_count=7052 1254 2650 1034 1308 520 540 1366 1996 754 35 812 864 971 202 482 39 687 872 702 147 1609 452 147 366 50 47 83 51 70 107
internal_value=-0.000203086 -0.00938693 0.0057905 -0.00517672 0.00436634 0.000937257 0.00250994 -0.00219565 -0.00560152 -0.00889691 0.00899056 0.00542819 0.00256288 -0.00436887 0.00626023 0.0262171 0.00749486 0.00390316 -0.0013519 0.00667663 -0.00106951 -0.00543144 0.012256 0.00897376 0.0163622 -0.0178746 0.00015835 -0.00955387 0.0154386 0.0197876
internal_weight=3186.48 1258.12 1928.36 979.594 1803.81 1036.44 957.02 821.887 610.764 194.542 767.369 762.478 594.651 247.255 619.281 124.549 347.396 529.727 301.968 152.691 413.824 293.577 247.28 218.306 150.811 18.7986 208.58 149.277 23.2218 37.3771
internal_count=27269 15821 11448 8769 10375 5985 5465 6119 4811 1401 4390 4064 3200 1363 3578 1073 1837 3096 1842 849 2815 2061 1297 1150 784 97 1161 993 121 190
is_linear=0
shrinkage=0.03


Tree=72
num_leaves=31
num_cat=0
split_feature=35 35 15 1 19 29 33 22 22 25 29 26 46 10 25 21 10 37 22 46 10 26 48 7 21 47 38 50 35 3
split_gain=179.185 77.6451 52.4503 48.8581 43.7199 41.8451 38.3546 36.6003 31.9601 24.6325 22.8316 21.7962 20.1689 19.8835 25.6846 19.3713 18.8511 20.3781 22.7562 20.3978 18.77 18.4523 27.7488 18.3291 17.6144 23.451 22.9135 20.1104 17.0002 18.4946
threshold=147.00007254588155 176.00243257452425 138.50000000000003 145.07142857142858 10.28571428571429 1.1875000000000002 205.60855771946493 5.9583333333333348 6.6250000000000009 0.097964660725097311 0.96950000000000014 0.77259657388510627 131.50000000000003 232.50000000000003 -0.8814490726585632 1.3497239276507367 12.500000000000002 47.500000000000007 7.791666666666667 121.50000000000001 87.500000000000014 0.16280825711809024 157.50000000000003 -0.091666666666666632 0.6704366220588015 91.000000000000014 24.400000000000002 147.50000000000003 160.41054062727207 182.50000000000003
decision_type=2 2 2 2 2 2 2 2 2 2 2 2 2 2 2 2 2 2 2 2 2 2 2 2 2 2 2 2 2 2
left_child=2 3 -1 8 9 7 16 13 -2 10 -5 15 -11 -4 -15 -12 -3 -18 19 23 -21 22 -20 -19 26 -26 -10 -28 -14 -30
right_child=1 6 5 4 -6 -7 -8 -9 24 12 11 -13 28 14 -16 -17 17 18 21 20 -22 -23 -24 -25 25 -27 27 -29 29 -31
leaf_value=-0.025012750149251094 0.01259927866454191 -0.0080329105571686904 -0.020938558159327554 -0.011361042439238588 0.012874200040194276 0.0075626218284770806 0.030324539701778716 -0.018233874860650534 -0.014926231620251581 -0.018716731824986736 0.0048986874424608784 -0.017892157611981013 -0.021769881743821724 -0.018846332994118618 0.013744711656176826 0.044566577799467821 0.016172755259657754 -0.016294894451913573 -0.040523691029408601 0.033670593093401445 0.0098547841563861194 0.01417937104581291 0.0076129005451139519 0.010359559042831068 0.027851050325477716 -0.0196887953705084 0.014512453548966579 -0.015034782741378606 0.011752826464443273 -0.012894977791562266
leaf_weight=213.42266343533993 337.42015952244401 53.674257896840572 30.607459865510464 147.72047751024365 111.27388697117567 126.94351340457797 83.194534182548523 284.9628036916256 44.584175944328308 213.82128479704261 204.99518302828074 35.854858789592981 36.396177165210247 27.799494843930006 88.614614639431238 10.744724772870539 312.98553627729416 47.999743521213531 25.581867679953575 32.440861932933331 295.33003356307745 18.236076958477497 17.66790246963501 43.199404813349247 9.9254455156624299 67.147303704172373 119.55993030965328 24.185714211314917 65.451910901814699 45.63307349011302
leaf_count=5521 1869 261 396 1173 693 785 820 3757 315 2435 1240 342 627 295 642 65 1514 217 123 192 1427 90 85 220 56 403 686 152 460 410
internal_value=0.000170922 0.00420861 -0.0123912 -7.40726e-05 -0.00461256 -0.00753575 0.0109903 -0.0119798 0.00648693 -0.00718432 -0.00203965 0.00345658 -0.0128489 0.000183403 0.0058678 0.00707082 0.00905794 0.0102227 0.00632116 0.00882368 0.0123072 -0.0105996 -0.0211318 -0.00369374 -0.00130214 -0.0132883 0.00364738 0.0094715 -0.0042729 0.00160294
internal_weight=3177.38 2405.02 772.351 1474.71 871.892 558.928 930.31 431.984 602.823 760.618 399.315 251.595 361.302 147.022 116.414 215.74 847.116 793.441 480.456 418.97 327.771 61.4858 43.2498 91.1991 265.403 77.0727 188.33 143.746 147.481 111.085
internal_count=27271 15875 11396 10926 7445 5875 4949 5090 3481 6752 2820 1647 3932 1333 937 1305 4129 3868 2354 2056 1619 298 208 437 1612 459 1153 838 1497 870
is_linear=0
shrinkage=0.03


Tree=73
num_leaves=31
num_cat=0
split_feature=35 15 12 33 26 25 22 23 27 31 7 22 17 20 49 41 31 29 21 48 2 33 29 23 16 45 25 21 7 25
split_gain=167.101 95.9488 63.8725 61.1572 45.6009 41.2752 38.8178 33.5216 31.2621 32.2504 29.1227 27.0607 24.8178 24.5504 24.804 25.8464 30.0279 20.8289 20.367 24.8394 19.9055 19.0758 18.3902 25.4178 18.1031 23.6856 17.9961 17.9367 17.8227 17.212
threshold=165.00234464938856 117.50000000000001 34.500000000000007 199.93831092034711 0.097964660725097366 -0.95642797789208678 6.7083333333333348 0.23294573643410851 105.50000000000001 0.13450000000000004 -0.074999999999999942 4.6250000000000009 2884.5000000000005 60.357692307692318 82.500000000000014 1.0000000180025095e-35 0.042500000000000003 0.84300000000000008 0.018167911175551405 266.50000000000006 177.50000000000003 140.34435214386755 1.0100000000000002 0.15484515484515485 887.50000000000011 6.6500000000000012 -0.29012925520284083 1.3082276800861388 0.041666666666666657 -1.0000000180025095e-35
decision_type=2 2 2 2 2 2 2 2 2 2 2 2 2 2 2 2 2 2 2 2 2 2 2 2 2 2 2 2 2 2
left_child=1 4 5 10 7 21 12 13 -8 -10 11 -2 -7 14 15 -1 -17 28 -12 22 29 -3 -20 -24 -19 -26 -25 -23 -14 -13
right_child=3 2 -4 -5 -6 6 8 -9 9 -11 18 20 17 -15 -16 16 -18 24 19 -21 -22 27 23 26 25 -27 -28 -29 -30 -31
leaf_value=-0.015318385729891656 0.014788512334424433 -0.026516418302287226 -0.023758365401046613 0.029458746968586181 -0.029730442273753217 -0.0018224994996799647 -0.029931270502453741 -0.021806191276648734 -0.006788296108173328 0.019747882845217897 0.015272565666217134 0.0019992706835090523 -0.0099052837086236224 0.054572953583264756 -0.017031863585012925 0.004722140800455259 0.09523194300061856 0.035350659936459 -0.0029074790431308679 -0.027700328368178661 0.026244792503664769 -0.0090997813049089275 -0.037311306698513451 0.024460412567561089 -0.0082810821390123072 0.016735372924638635 0.0065537615459549366 0.046600950199286201 0.019610439713226589 -0.0077021535193495085
leaf_weight=7.9742435961961755 111.40538912266493 72.71800297871232 124.93307676911354 96.683900848031044 217.08406361192465 215.55286630615592 43.155406575649977 59.966860540211201 294.19840163365006 46.927286665886641 305.75461031496525 398.51229617372155 63.37302678078413 8.3818057551980001 27.260514374822378 6.5645980685949326 5.8628497533500195 34.573400236666203 118.01164240390062 19.12821464240551 22.223958939313889 81.975566703826189 8.1812268644571287 84.560378655791283 41.072878085076809 184.59567013755441 125.90819317474961 4.5628537051379672 24.793304264545441 279.02545386552811
leaf_count=92 584 992 1910 931 6496 1437 833 790 1923 277 1614 2048 592 94 306 68 55 205 637 97 97 737 44 449 274 997 662 40 207 1613
internal_value=-0.000449274 -0.0073817 -0.0035129 0.00646636 -0.0216427 -0.00120971 0.00116894 -0.00638384 -0.00617487 -0.00309077 0.00493794 0.00112508 0.00617505 0.010211 0.00144842 0.0257836 0.0513339 0.011114 0.00960442 0.00470424 -0.00106821 -0.0152915 0.00662196 0.0117551 0.0153695 0.0121658 0.0138298 -0.00566409 -0.00147831 -0.00200146
internal_weight=3134.92 1565.53 1232.43 1569.4 333.095 1107.5 948.242 116.011 384.281 341.126 1472.71 811.167 563.961 56.044 47.6622 20.4017 12.4274 348.408 661.544 355.79 699.762 159.256 336.661 218.65 260.242 225.669 210.469 86.5384 88.1663 677.538
internal_count=27101 18325 10424 8776 7901 8514 6745 1405 3033 2200 7845 4342 3712 615 521 215 123 2275 3503 1889 3758 1769 1792 1155 1476 1271 1111 777 799 3661
is_linear=0
shrinkage=0.03


Tree=74
num_leaves=31
num_cat=0
split_feature=35 36 35 35 14 6 12 11 24 5 12 4 27 18 3 30 21 8 26 3 19 21 24 12 36 23 46 0 35 4
split_gain=158.506 114.946 52.1596 38.9047 37.7775 31.2306 25.1734 34.1019 24.0439 23.1237 22.8233 22.0495 20.1174 17.8347 23.6961 18.3621 29.2074 17.541 16.7272 16.2821 15.784 14.7157 14.019 13.8602 13.6627 13.6484 13.5558 13.4435 15.3147 12.6504
threshold=167.44546927535251 0.10100874999999991 210.7355997599177 130.38566747279785 184.50000000000003 0.58333333333333337 34.500000000000007 29.500000000000004 0.18533094812164577 0.76666666666666672 35.500000000000007 5.0047976956565456 124.50000000000001 69.214285714285737 122.50000000000001 83.450000000000003 0.18414308803180571 -0.23333333333333328 -0.47114434510950048 159.50000000000003 9.4642857142857171 -0.012638785753575998 0.21466973886328722 12.500000000000002 0.29847499999999999 0.22570754716981131 129.50000000000003 143.50000000000003 176.5017866108484 5.1852097353916173
decision_type=2 2 2 2 2 2 2 2 2 2 2 2 2 2 2 2 2 2 2 2 2 2 2 2 2 2 2 2 2 2
left_child=1 4 5 8 -1 11 7 9 18 12 13 23 -6 14 24 -16 -17 22 -3 -7 27 -22 26 -2 -5 -14 -13 -19 -29 -26
right_child=2 3 -4 10 6 19 -8 -9 -10 -11 -12 17 25 -15 15 16 -18 20 -20 -21 21 -23 -24 -25 29 -27 -28 28 -30 -31
leaf_value=-0.026111634667791504 0.017304064036673925 0.050888066980256934 0.025202243974367839 -0.0080486187627301694 -0.026041664610050839 0.0045000836972551176 -0.023983881783149513 0.070466649354437944 -0.020074220791667211 0.026083868724896073 -0.019937303799926566 -0.0020783252483352293 -0.015932446306479657 0.0057502090702667473 -0.007113755539542542 -0.010529375177419732 0.031453749380525774 0.0059445945703791112 -0.0043561965784441187 0.024788848280983749 0.011939539333466268 -0.017058290929938207 0.021136839973960802 -0.0040630806092322985 0.072392425568177682 0.0035927296799460212 0.010997561536059597 -0.012539538348379866 -0.00067843330958352178 0.011987838694611338
leaf_weight=251.15363016724586 147.23330805078149 6.4012150764465359 132.13716065138578 5.6695431545376804 48.078667592257261 54.479670383036137 83.312131866812706 4.328623976558446 126.22230986878276 17.003894250839949 42.452107038348913 136.13759420439601 50.025547821074724 555.79499220103025 315.76837259531021 28.293621901422739 29.669239811599255 108.45492199808359 14.374548170715569 104.62371635437012 117.80088041722775 17.261659190058708 55.578625045716763 33.084725350141525 6.5170079506933671 86.67891289293766 148.3277253061533 175.00358336046338 221.25174691528082 6.1449083760380745
leaf_count=7213 726 71 1166 36 755 279 1282 35 1912 106 521 709 461 3150 2124 204 220 526 164 563 581 87 277 174 53 733 748 1132 1002 44
internal_value=4.33325e-05 -0.00623455 0.0073003 -0.000816921 -0.0176099 0.00548947 -0.010168 -0.0044948 -0.0151639 -0.0064424 0.00132584 0.00377171 -0.00955978 0.00229817 -0.00259767 -0.00426224 0.0111294 0.00199111 0.0142203 0.0179131 -0.000936692 0.00813534 0.00748618 0.0133828 0.0298035 -0.00361612 0.00475443 -0.00337569 -0.00593519 0.0461009
internal_weight=3129.26 1677.89 1451.38 1137.31 540.581 1319.24 289.428 206.116 146.998 201.787 990.31 1160.13 184.783 947.858 392.063 373.731 57.9629 979.817 20.7758 159.103 639.773 135.063 340.044 180.318 18.3315 136.704 284.465 504.71 396.255 12.6619
internal_count=27054 19084 7970 8499 10585 6804 3372 2090 2147 2055 6352 5962 1949 5831 2681 2548 424 5062 235 842 3328 668 1734 900 133 1194 1457 2660 2134 97
is_linear=0
shrinkage=0.03


Tree=75
num_leaves=31
num_cat=0
split_feature=36 33 29 33 22 39 15 26 22 7 10 5 26 10 26 33 49 21 1 22 19 16 1 27 0 16 37 21 17 4
split_gain=128.763 81.6318 76.0709 54.3917 47.7426 44.5841 39.6892 31.3734 29.83 29.4017 26.6848 24.8811 23.3372 33.6197 27.6525 24.7573 23.1536 23.1009 22.9855 21.7838 21.6738 23.4469 20.4376 20.4192 18.3766 17.8608 17.7304 17.2534 26.8851 19.7099
threshold=0.021408749999999952 166.87425700279391 0.81650000000000011 183.51350072163123 5.541666666666667 81.700000000000017 368.50000000000006 0.58216583101416164 6.4583333333333348 -0.074999999999999942 270.00000000000006 1.2333333333333336 -0.19509032201612822 212.50000000000003 0.38268343236508995 137.27839872707469 99.500000000000014 -0.35207785242112727 186.92857142857147 6.8750000000000009 11.321428571428578 815.50000000000011 155.6428571428572 127.50000000000001 110.50000000000001 375.50000000000006 42.500000000000007 -1.277648337674621 2841.5000000000005 7.0981687636150834
decision_type=2 2 2 2 2 2 2 2 2 2 2 2 2 2 2 2 2 2 2 2 2 2 2 2 2 2 2 2 2 2
left_child=1 6 8 4 16 19 -1 12 -2 18 -8 23 13 20 -14 17 26 -15 -3 27 21 -7 -23 -12 -5 -18 -4 28 -6 -29
right_child=2 9 3 24 5 7 10 -9 -10 -11 11 -13 14 15 -16 -17 25 -19 -20 -21 -22 22 -24 -25 -26 -27 -28 29 -30 -31
leaf_value=-0.026701458245573718 -0.002618291881920557 -0.010878629000099305 0.025747680786143375 -0.021472005258496039 -0.015468134033152208 0.013406878320337601 -0.022268745550337306 0.01853536515960719 -0.024907797914402566 0.0097547014819201507 -0.022598031670161202 0.0554450078063684 -0.011314303841643513 0.015210468750347646 0.0063439055435483994 0.012804957085720775 -0.027741024811003934 -0.0069342345281751721 0.028182068300138332 -0.01844955012260938 0.030560426353543859 -0.030101831268304072 -0.0040216819057236099 0.0040782532655297132 0.024861034868494447 0.005260813183277915 0.011392368016770543 0.0076370617511729464 0.065012178711512533 -0.016029356470314286
leaf_weight=247.89585091359913 113.03311184793711 164.67864794656634 111.35987834259868 7.3923312351107588 6.2098055854439718 27.291803933680058 82.271279960870743 115.3111033141613 102.99848508089781 166.70973213762045 35.129640631377697 5.7817055098712435 203.80477249622345 59.798521727323532 129.95154076814651 383.30496944487095 15.926104906946419 139.07759454846382 13.813196450471876 131.46979224309325 11.304670244455336 54.449647810310125 53.481416143476963 89.75469158962369 145.80041021853685 114.35511541366577 260.97656187042594 58.658976927399635 7.3162262365221977 66.709639403969049
leaf_count=7265 1095 1075 613 43 49 168 1232 592 1494 984 498 32 1509 298 604 1910 112 705 61 1225 66 407 346 670 1182 626 1405 431 46 515
internal_value=1.34869e-05 -0.0103087 0.00360264 0.00534483 0.00398676 0.00121889 -0.0185577 0.00374197 -0.0133112 0.000725209 -0.00899644 -0.000534127 0.00212049 0.00512746 -0.00444048 0.00835838 0.0119433 -0.000232929 -0.00771562 -0.00974555 -0.00767926 -0.011077 -0.0173343 -0.00354562 0.0225005 0.00104595 0.0157433 -0.00143386 0.0295424 -0.00498322
internal_weight=3126.02 806.035 2319.98 2103.95 1950.76 1448.14 460.833 1177.78 216.032 345.202 212.937 130.666 1062.46 728.709 333.756 582.181 502.618 198.876 178.492 270.364 146.528 135.223 107.931 124.884 153.193 130.281 372.336 138.895 13.526 125.369
internal_count=27258 11817 15441 12852 11627 8871 9697 6605 2589 2120 2432 1200 6013 3900 2113 2913 2756 1003 1136 2266 987 921 753 1168 1225 738 2018 1041 95 946
is_linear=0
shrinkage=0.03


Tree=76
num_leaves=31
num_cat=0
split_feature=35 14 35 13 36 33 25 22 26 37 20 22 27 27 1 21 30 30 25 25 45 21 20 24 7 9 39 28 7 26
split_gain=143.891 67.6375 67.1611 38.1472 33.9027 33.997 31.7262 28.5816 26.6642 26.0526 26.1077 24.2631 24.8339 23.9313 23.6768 23.1785 21.4611 21.245 19.8287 22.1972 24.4015 20.9872 19.6645 22.4644 19.224 22.0754 19.0781 18.0486 17.9503 17.9377
threshold=153.0008365287853 124.50000000000001 206.71358539088803 8.2650616362560179 0.021408749999999952 167.73569192550488 -0.95642797789208678 6.291666666666667 0.097964660725097366 29.000000000000004 44.0346153846154 6.7083333333333348 105.50000000000001 120.00000000000001 124.92857142857144 -0.34085213860122032 80.100000000000009 83.15000000000002 1.0000000180025095e-35 -0.68322629814330804 7.1500000000000012 -1.5251753490268432 45.711538461538474 0.21340823970037451 -0.074999999999999942 0.90000000000000013 97.90000000000002 0.0052050000000000004 0.42500000000000004 -0.88144907265856332
decision_type=2 2 2 2 2 2 2 2 2 2 2 2 2 2 2 2 2 2 2 2 2 2 2 2 2 2 2 2 2 2
left_child=1 8 4 6 5 -2 -3 -6 14 -9 13 18 -13 15 -1 -11 -15 -18 19 20 -8 -21 -16 -24 25 -7 -20 -14 -19 -26
right_child=2 3 -4 -5 7 24 11 9 -10 10 -12 12 27 16 22 -17 17 28 26 21 -22 -23 23 -25 29 -27 -28 -29 -30 -31
leaf_value=-0.023860083045480866 -0.016644519736686111 -0.018188017231715484 0.023123804406778685 -0.02518586849635544 0.0098693147541345696 -0.010754642332042076 -0.0075319568894488854 0.022343502152929913 -0.030229540230238838 0.013449411451682821 -0.014037462300434903 -0.029333943680751689 0.0098914322303947626 0.010398892125023474 0.050288527506058028 -0.032391289895649225 -0.011480432559045189 0.0016641718283439764 -0.0078613150525627569 0.064504003769299531 0.02799501574116104 0.017234963832614369 -0.016962906821346841 0.043236042036370659 -0.022730814185131312 0.017277797905416305 0.01685619234519169 -0.0095259490842054678 0.031293460575053812 0.012139761204343085
leaf_weight=41.359456736594439 138.73372120410204 101.01035211235285 157.56006291508675 75.170155715197325 629.87601847946644 141.3417024128139 67.847774121910334 49.675390150398016 162.52800355665386 13.581956490874289 100.84428134933114 38.082178607583046 63.616949178278446 258.03348751738667 7.1325012855231753 31.748197730630636 115.47184582427144 277.58717845380306 128.1469251550734 8.7401177659630758 22.287377119064331 78.774267625063658 22.133923053741459 6.3550513237714759 13.763683825731276 29.806811265647411 34.937320347875357 128.50392331182957 18.721075095236301 137.38958125934005
leaf_count=629 2286 1251 1373 1353 3320 904 557 258 5456 99 611 792 381 1340 85 221 607 1415 1013 45 113 496 296 75 78 134 216 996 96 748
internal_value=-7.06094e-05 -0.00952503 0.004344 -0.00506291 0.00282066 -0.00428524 -0.00277769 0.00501262 -0.0233651 0.00147146 0.000175032 -2.42528e-05 -0.00752987 0.00219598 -0.00867063 -0.0186625 0.00363331 -0.000621129 0.00505381 0.0119595 0.00146345 0.0226312 0.00913552 -0.00252349 0.00106979 -0.00580057 -0.00249566 -0.00307835 0.00363514 0.008836
internal_weight=3100.76 986.626 2114.13 747.117 1956.57 461.035 671.947 1495.54 239.509 865.663 815.988 570.937 230.203 715.144 76.9809 45.3302 669.814 411.78 340.734 177.65 90.1352 87.5144 35.6215 28.489 322.302 171.149 163.084 192.121 296.308 151.153
internal_count=27244 13754 13490 7213 12117 4150 5860 7967 6541 4647 4389 4609 2169 3778 1085 320 3458 2118 2440 1211 670 541 456 371 1864 1038 1229 1377 1511 826
is_linear=0
shrinkage=0.03


Tree=77
num_leaves=31
num_cat=0
split_feature=35 5 36 14 35 35 29 2 26 10 31 1 42 24 31 4 26 23 29 39 2 16 8 4 23 38 30 26 0 23
split_gain=132.772 60.4775 52.7979 50.7559 48.2166 34.4292 31.1699 29.7825 23.6864 23.68 25.9482 22.8676 22.4031 22.1211 36.7153 21.7121 20.6208 27.0683 23.1681 22.2801 21.0433 19.9847 19.114 18.4054 18.803 17.8359 17.7121 17.3268 22.5716 17.6281
threshold=147.32720846653442 1.1666666666666667 0.021408749999999952 47.500000000000007 167.44546927535251 220.16699776180201 1.0350000000000001 98.500000000000014 -0.97335555334614932 270.00000000000006 0.18300000000000002 123.64285714285715 1.5000000000000002 0.18533094812164577 0.036000000000000011 8.1652923919730096 0.52778511650980109 0.28841392969136825 0.79900000000000015 86.40000000000002 128.50000000000003 2544.5000000000005 -0.63333333333333319 11.468426219678358 0.1638244338831423 25.950000000000003 79.65000000000002 0.16280825711809024 127.50000000000001 0.23244068592905801
decision_type=2 2 2 2 2 2 2 2 2 2 2 2 2 2 2 2 2 2 2 2 2 2 2 2 2 2 2 2 2 2
left_child=3 2 4 27 8 7 9 25 -2 -5 13 -3 16 14 -11 -12 17 18 20 -19 -9 -18 -6 24 -24 -4 -8 28 -1 -30
right_child=1 11 5 6 22 -7 26 12 -10 10 15 -13 -14 -15 -16 -17 21 19 -20 -21 -22 -23 23 -25 -26 -27 -28 -29 29 -31
leaf_value=-0.023085436629112204 0.037111893708588077 -0.0033969662407205212 -0.028810908835807739 -0.024390204306729415 0.01562968193420354 0.02587103627107375 -0.0062962188124888298 0.0046286906078837481 -0.020669012593551521 0.069065276776630685 0.059013366858244182 0.031342720558064141 0.017819370484818329 -0.014425362865439224 -0.0041765971904947552 -0.0071801926158503223 0.015414718760643041 0.0053672202940249379 0.0052799019656367642 -0.014379779502177576 -0.038948085864023228 -0.016635002316398098 0.042288851270817204 -0.01140935863939432 0.0013620196157025505 0.0080290023432186119 0.0098835526077018197 -0.030672216136518514 0.037167732356119511 -0.020342826962695564
leaf_weight=41.225295174866915 5.7412866204977027 20.689449179917574 37.542033303529024 102.15282217040658 62.049048785120249 67.084453321993351 122.02229168266058 18.817460227757692 171.87370107509196 6.8121719285845748 8.4727366901934165 91.368256187066436 110.42037287354469 168.16499592736363 28.658266749233007 8.0609881468117219 192.19472440704703 80.631962414830923 1024.081243891269 138.91128296032548 19.773468151688576 18.439971506595612 9.9306267127394658 119.53844631835818 134.51571669057012 16.535154461860657 119.61854984983802 127.38607818074524 11.743850944563748 6.8824294302612534
leaf_count=766 57 132 283 1768 349 627 921 115 3183 58 66 618 585 2127 250 84 1009 469 5586 754 151 109 53 723 810 85 732 4467 179 146
internal_value=2.5927e-05 0.00354892 0.00246161 -0.010939 -0.00607543 0.00495707 -0.0064234 0.00409545 -0.018604 -0.0125155 -0.00692063 0.0249553 0.00483791 -0.00989363 0.0113977 0.0281719 0.00386643 0.00243234 0.00441393 -0.00713582 -0.0181193 0.0125436 0.000785818 -0.00274902 0.00444713 -0.0176051 0.00172092 -0.0244338 -0.0108704 0.0159638
internal_weight=3091.34 2340.14 2228.08 751.2 503.649 1724.43 563.963 1657.35 177.615 322.322 220.169 112.058 1603.27 203.635 35.4704 16.5337 1492.85 1282.22 1062.67 219.543 38.5909 210.635 326.034 263.985 144.446 54.0772 241.641 187.238 59.8516 18.6263
internal_count=27262 15698 14948 11564 5175 9773 6006 9146 3240 4353 2585 750 8778 2435 308 150 8193 7075 5852 1223 266 1118 1935 1586 863 368 1653 5558 1091 325
is_linear=0
shrinkage=0.03


Tree=78
num_leaves=31
num_cat=0
split_feature=14 33 2 27 26 5 23 32 25 25 25 27 26 26 23 25 1 28 13 0 32 25 0 37 27 32 23 15 40 13
split_gain=108.151 77.4017 59.3533 57.5788 48.0402 37.9481 32.1441 36.3767 32.0172 50.9866 51.5792 39.5983 31.8081 35.3933 28.818 28.4182 28.2264 27.1794 23.8002 22.4529 21.5775 20.3656 19.8931 19.6364 19.3689 19.1136 19.078 27.548 19.0206 19.02
threshold=78.500000000000014 186.54508360458559 167.50000000000003 105.50000000000001 0.16280825711809024 1.1666666666666667 0.21846590909090907 0.18200000000000002 -0.95642797789208678 1.0000000180025095e-35 0.63405362205439475 142.50000000000003 -0.81241147629689003 -0.3520614488341256 0.32197183098591559 0.16280825711808983 126.21428571428572 0.0073900000000000016 22.782046151794059 110.50000000000001 0.18200000000000002 0.95642797789208711 170.50000000000003 35.500000000000007 137.00000000000003 0.19050000000000003 0.29198717948717956 676.50000000000011 5.3000000000000016 40.65253183378843
decision_type=2 2 2 2 2 2 2 2 2 2 2 2 2 2 2 2 2 2 2 2 2 2 2 2 2 2 2 2 2 2
left_child=2 3 4 25 6 8 7 16 18 11 15 12 20 22 21 -11 -1 -9 -5 -3 -10 23 -14 -12 -25 -2 -27 -28 -20 -15
right_child=1 19 -4 5 -6 -7 -8 17 9 10 14 -13 13 29 -16 -17 -18 -19 28 -21 -22 -23 -24 24 -26 26 27 -29 -30 -31
leaf_value=-0.012378191650059347 -0.029150655922264044 -0.027066661509884928 0.0073235707173537725 -0.011008074828323831 -0.02576443294556004 0.024281061888062096 -0.014770708127161546 -0.018133243193046353 0.00024429573047669856 -0.0022547731049375776 0.026283231356661042 0.015954892250911901 -0.027078655974216728 0.0052471356949637549 -0.021781375229569553 -0.020171473331952933 0.058292596403476039 0.047438658348619586 -0.0081374692108772458 0.025033607270177546 0.018989389710485801 -0.0063167576057445033 0.00071392267003247934 -0.0032292108643889213 0.011708089189831206 -0.013286384499039267 -0.027539983883459861 0.0468744863997302 0.052673368640498923 -0.019425871537706977
leaf_weight=6.5359326042234924 59.130688715726137 7.0308435186743727 108.70119070634246 230.73131999000907 253.11354047805071 67.952726535499096 112.45847521722317 31.28279291279614 86.365076817572117 147.9480839818716 48.247532568871975 333.7542997226119 62.896480668336153 329.47080799564719 37.035969756543636 172.37080125510693 17.922947816550732 5.9213432949036351 8.2225703746080416 152.33239328116179 152.61886572465301 104.56861106306314 36.294083274900913 126.95763824880123 200.66037500649691 100.70751015469432 6.2757917828857925 11.114449463784693 8.9474340230226499 29.754314374178648
leaf_count=96 1071 42 588 1901 7008 360 1373 368 477 848 247 1749 582 1830 212 1601 140 71 52 1328 741 594 177 754 940 1523 119 114 53 184
internal_value=-0.000190892 0.0024116 -0.0124164 0.00104185 -0.0174442 0.00237835 -0.00527136 0.0120124 0.00166412 0.00300884 -0.00248701 0.00747217 0.00339557 -0.0012342 0.00336936 -0.0119289 0.0396634 -0.00672839 -0.00844511 0.0225806 0.0122445 0.00534941 -0.0170037 0.00860317 0.00592742 -0.015355 -0.00826079 0.0199825 0.0247065 0.00315524
internal_weight=3057.32 2521.39 535.936 2362.03 427.235 2184.8 174.121 61.663 2116.84 1868.94 837.789 1031.15 697.4 458.416 517.47 320.319 24.4589 37.2041 247.901 159.363 238.984 480.434 99.1906 375.866 327.618 177.228 118.098 17.3902 17.17 359.225
internal_count=27143 17499 9644 16129 9056 13302 2048 675 12942 10936 5196 5740 3991 2773 2747 2449 236 439 2006 1370 1218 2535 759 1941 1694 2827 1756 233 105 2014
is_linear=0
shrinkage=0.03


Tree=79
num_leaves=31
num_cat=0
split_feature=35 17 12 33 26 25 6 22 27 22 27 20 25 4 20 48 3 30 40 25 26 21 39 31 25 23 29 29 31 17
split_gain=114.687 78.9612 62.5651 49.8069 41.0337 40.0748 37.1974 32.4568 28.7725 24.0842 32.7001 25.4773 23.2079 21.8401 25.0763 21.1539 23.2153 21.0631 21.2419 21.003 37.8781 20.7756 20.3801 19.9321 23.1898 36.1718 19.241 19.1643 23.5336 19.132
threshold=161.00382856480954 1.0000000180025095e-35 34.500000000000007 202.78111889596332 0.097964660725097366 -0.97335555334614932 0.88333333333333341 6.7083333333333348 105.50000000000001 6.291666666666667 120.00000000000001 43.95000000000001 1.0000000180025095e-35 19.535772289620638 34.657692307692322 148.00000000000003 112.50000000000001 86.15000000000002 6.7500000000000009 -0.68322629814330804 0.25881904510252091 -1.5251753490268432 97.050000000000026 0.12200000000000001 -0.22695468355932447 0.29249530956848036 1.0645000000000002 0.84300000000000008 0.13100000000000003 5263.0000000000009
decision_type=2 2 2 2 2 2 2 2 2 2 2 2 2 2 2 2 2 2 2 2 2 2 2 2 2 2 2 2 2 2
left_child=1 4 5 6 -1 -3 9 12 -9 13 -11 23 19 14 -2 -10 -17 -13 -19 20 -7 -21 -14 24 26 -26 29 -22 -29 -12
right_child=3 2 -4 -5 -6 7 -8 8 15 10 11 17 22 -15 -16 16 -18 18 -20 21 27 -23 -24 -25 25 -27 -28 28 -30 -31
leaf_value=-0.0036874541395794775 0.018168687007879981 -0.017954704525097634 -0.026759037102582043 0.028468161496655254 -0.030021510223454083 -0.021258092560389786 0.021694388178799529 -0.02936721662152713 -0.017015767120794906 -0.024559473162315916 0.017444251665107983 -0.015945587115057842 -0.0053159404987307242 -0.010935843095805347 0.0049146243376635484 0.051584071767523818 -1.4656401479123443e-05 -0.0010442884935736307 0.052846477593107316 0.063854917857580254 -0.0067658890200767629 0.01767745884280772 0.013970983506743062 0.013100645452113167 -0.00042856877312751475 -0.030103250801256656 0.012131478799605914 0.029501876957747943 -0.010966220578829696 -0.01408002330159798
leaf_weight=77.819877754896879 181.37518381327391 107.46093733981252 90.210974793881178 77.739709906280041 169.83932393975556 36.978780154138803 100.11820587515831 39.9944152161479 69.074487106874585 46.251810222864151 23.334327042102814 122.00770537927747 190.18850963190198 53.999583624303341 438.76170067861676 7.1309844255447379 225.17047488130629 46.66443981602788 6.6569808460772029 8.7678598221391422 29.733488313853741 111.07996308803558 65.446017675101757 155.00614766031504 215.66201673448086 43.625283937901258 192.87126743048429 62.169280119240284 15.698028668761252 59.478731758892536
leaf_count=1137 967 1344 1656 861 6081 352 552 887 598 321 126 869 1449 315 2518 44 1452 297 42 51 261 711 380 802 1195 222 1023 335 96 319
internal_value=0.000152521 -0.00658037 -0.00300543 0.00514238 -0.0217949 -0.000768483 0.0040505 0.00139378 -0.00578364 0.00292352 -0.00025706 0.00106879 0.00610712 0.00721827 0.00881413 -0.00256719 0.00178359 -0.00911115 0.00653276 0.0123206 0.00456934 0.0215562 -0.000343019 0.00366504 0.000911758 -0.00551783 0.00695702 0.0135594 0.0213079 -0.00509524
internal_weight=3070.32 1306.76 1059.1 1763.55 247.659 968.893 1685.81 861.432 341.37 1585.7 911.559 865.307 520.062 674.136 620.137 301.376 232.301 175.329 53.3214 264.427 144.58 119.848 255.635 689.978 534.972 259.287 275.684 107.601 77.8673 82.8131
internal_count=27263 16834 9616 10429 7218 7960 9568 6616 2981 9016 5216 4895 3635 3800 3485 2094 1496 1208 339 1806 1044 762 1829 3687 2885 1417 1468 692 431 445
is_linear=0
shrinkage=0.03


Tree=80
num_leaves=31
num_cat=0
split_feature=35 5 18 15 30 10 25 35 36 22 22 50 50 25 4 22 39 21 49 7 25 23 15 47 38 15 46 11 28 21
split_gain=115.971 61.3664 45.2134 41.9184 31.2413 30.4724 31.4086 26.0893 30.7422 24.5664 24.5394 28.2129 27.6735 26.6464 32.1283 22.7194 27.2772 22.5699 21.7223 19.6485 19.0781 18.9588 27.6687 18.9288 19.8348 18.7174 19.6319 17.8226 17.4428 16.8953
threshold=145.00051595341924 0.76666666666666672 71.928571428571445 138.50000000000003 76.700000000000017 270.00000000000006 -0.91037613702198728 176.00243257452425 0.19053375000000003 5.791666666666667 7.791666666666667 127.50000000000001 139.50000000000003 -0.097964660725097436 17.450226346013675 5.6250000000000009 105.15000000000002 0.39588212987249705 82.500000000000014 -0.19166666666666662 -0.84874750804349186 0.29873826742575776 694.50000000000011 129.50000000000003 25.750000000000004 496.50000000000006 121.50000000000001 22.500000000000004 0.0057700000000000008 -0.77751976040649773
decision_type=2 2 2 2 2 2 2 2 2 2 2 2 2 2 2 2 2 2 2 2 2 2 2 2 2 2 2 2 2 2
left_child=3 2 7 -1 -5 -6 -7 8 15 19 13 20 -13 14 -4 16 27 -15 28 -8 -12 -9 -23 24 29 -19 -27 -2 -10 -11
right_child=1 -3 10 4 5 6 9 21 18 23 11 12 -14 17 -16 -17 -18 25 -20 -21 -22 22 -24 -25 -26 26 -28 -29 -30 -31
leaf_value=-0.023889131409301892 -0.010432575497398169 0.017534038970548518 0.015942269144431725 -0.02245417443574077 -0.017819557932163842 -0.016125308475712242 -0.0025196556566510304 0.0072201830467638938 -0.011265745876316903 0.013628016994528239 -0.020811057539748393 -0.033996696432748844 0.0073749770412035133 0.0070587317983561333 -0.0052578504197272839 -0.016403035749171124 0.035513390950016897 0.0083510790084781635 -0.0039730902617988277 0.033081253277102929 0.021286723894613179 -0.023361364392265573 0.022352726779185719 0.016638984342053111 0.0066302504367853369 -0.038018389668690124 -0.0066728916159552957 0.030531984847959256 0.017467046200787244 -0.026442168352329518
leaf_weight=170.85958892852068 91.971080528572202 238.95311993174255 410.05036592483521 89.190584443509579 91.581647017970681 66.02320684492588 19.647049628198147 304.55108105391264 23.400749668478966 11.264167953282593 12.281508497893808 41.674637159332633 21.612904427573085 263.27142853848636 75.772521879523993 267.17585547268391 15.292708486318586 40.115342583507299 307.33246854320168 46.028138719499111 35.627195030450821 43.514347448945045 15.383062817156313 47.191920446231961 57.023764204233885 25.147972125560045 59.430054973810911 9.6828686445951444 88.459584794938564 44.834312316030264
leaf_count=5231 1166 1618 2393 1380 1407 786 148 1506 139 151 66 264 129 1573 460 3576 137 243 1728 292 199 210 81 316 344 153 328 69 464 574
internal_value=9.97257e-05 0.00314357 0.0015381 -0.0111934 -0.0065646 -0.00282129 0.00192726 -0.00245679 -0.0054722 0.00724915 0.00626794 -0.00695885 -0.0199732 0.00795719 0.0126317 -0.0115912 -0.000552362 0.00208613 0.000149144 0.022553 0.01029 0.00420478 -0.0112477 0.000878747 -0.00578424 -0.0083854 -0.0163283 -0.00627115 0.0114097 -0.0182986
internal_weight=3034.35 2390.7 2151.75 643.644 472.785 383.594 292.013 1166.76 803.315 225.989 984.984 111.196 63.2875 873.788 485.823 384.123 116.947 387.965 419.193 65.6752 47.9087 363.448 58.8974 160.314 113.122 124.693 84.578 101.654 111.86 56.0985
internal_count=27131 16502 14884 10629 5398 4018 2611 9076 7279 1825 5808 658 393 5150 2853 4948 1372 2297 2331 440 265 1797 291 1385 1069 724 481 1235 603 725
is_linear=0
shrinkage=0.03


Tree=81
num_leaves=31
num_cat=0
split_feature=35 14 35 12 5 26 4 23 29 47 40 23 36 34 0 23 8 26 16 18 21 34 20 30 21 14 38 17 20 26
split_gain=121.757 67.8932 50.8309 43.9817 38.1587 36.9501 30.4788 28.2332 26.8996 25.4276 23.798 26.929 22.6714 19.9963 20.086 18.942 16.8588 16.4112 24.9238 16.2422 15.7804 15.7118 14.6871 18.703 15.9814 17.2669 15.6362 14.4232 15.8535 13.9342
threshold=160.41054062727207 1.0000000180025095e-35 214.69028798354461 35.500000000000007 1.1666666666666667 0.16280825711809024 4.6822216824098293 0.21596061666018912 0.84300000000000008 117.50000000000001 6.5000000000000009 0.19900990099009905 0.021408749999999952 149.96398084091896 167.50000000000003 0.33541666666666675 -0.36666666666666664 0.41248606129204557 1457.5000000000002 69.214285714285737 -0.93288194932983748 129.76915624755091 34.750000000000014 80.100000000000009 -1.5667040502015588 293.50000000000006 30.050000000000001 8431.0000000000018 32.419230769230786 -0.47114434510950048
decision_type=2 2 2 2 2 2 2 2 2 2 2 2 2 2 2 2 2 2 2 2 2 2 2 2 2 2 2 2 2 2
left_child=1 5 4 8 6 7 15 9 -3 -1 11 21 13 -8 -15 -2 -16 20 -19 -14 -10 -11 23 27 -24 -26 -25 -21 -29 -22
right_child=2 3 -4 -5 -6 -7 12 -9 17 10 -12 -13 19 14 16 -17 -18 18 -20 22 29 -23 24 26 25 -27 -28 28 -30 -31
leaf_value=-0.014510100242757531 0.01626670370535447 -0.011806502986935447 0.02559660335172732 -0.024736524102190894 0.023836160351291179 -0.030449865274250292 -0.018959571916744706 -0.019460228797007581 0.01097637419382699 -0.025341054909415239 -0.0052960140410501632 0.11418513249097342 -0.0022307587421827937 -0.013744436159184926 0.016519852505989502 -0.021322544562101194 -0.0025898838208188316 0.018526288706184359 -0.0079653961933739172 0.032060694927048251 0.0014720359313903663 0.052491858958719453 0.028451751616971954 -0.00031329829999300325 0.0090968418557151251 -0.0031470503270381953 0.017053515212181219 -0.022439977752776685 0.026542240993382277 -0.0084433709449554788
leaf_weight=14.62852046266198 180.16709757596254 197.32725858874619 99.586583517491817 82.593732507899404 79.205257046967745 153.16866558045149 76.847197603434324 53.745687022805214 77.280497271567583 3.1016205567866582 7.582562740892171 4.2390983384102583 333.55238462984562 84.052882650867105 61.71771852299571 12.080442253500221 122.45730741322041 95.188688984140754 47.17090006545186 53.827595785260201 254.39574621245265 4.8470796812325716 19.414068274199963 122.0473971888423 161.80733898282051 284.42922367155552 74.501411654055119 10.480925701558592 11.353766039013861 254.3248334005475
leaf_count=221 982 2488 1012 1558 475 5820 755 986 551 44 114 47 1789 840 335 67 705 531 261 278 1734 60 93 625 817 1464 371 53 62 2112
internal_value=-0.000145533 -0.00732648 0.00487569 -0.00389551 0.00363875 -0.0215869 0.00263015 -0.00601693 -0.0020113 0.0149436 0.0363864 0.060754 0.00110461 -0.0055728 -0.00168131 0.0138066 0.00386849 0.000654963 0.00975393 0.00325842 -0.00156834 0.0226831 0.00573947 0.0112627 0.00249349 0.00130305 0.00632256 0.0238458 0.00307711 -0.00349182
internal_weight=3037.12 1249.59 1787.53 1008.28 1687.94 241.313 1608.74 88.1446 925.688 34.3989 19.7704 12.1878 1416.49 345.075 268.228 192.248 184.175 728.361 142.36 1071.41 586.001 7.9487 737.862 272.211 465.651 446.237 196.549 75.6623 21.8347 508.721
internal_count=27250 16527 10723 9235 9711 7292 9236 1472 7677 486 265 151 8187 2635 1880 1049 1040 5189 792 5552 4397 104 3763 1389 2374 2281 996 393 115 3846
is_linear=0
shrinkage=0.03


Tree=82
num_leaves=31
num_cat=0
split_feature=35 35 14 6 2 22 27 2 29 2 24 25 6 1 39 23 32 39 30 6 36 46 47 32 25 25 25 21 10 49
split_gain=121.3 67.5814 47.6331 40.4987 38.4081 36.1031 42.3587 31.5909 28.5819 26.8528 25.1528 24.4375 23.8851 23.7662 23.1621 22.1386 32.0092 43.0867 29.1972 20.8345 20.0371 19.7753 19.434 20.2324 18.3419 35.9782 61.8717 26.9809 24.0023 20.5988
threshold=131.00386538286173 199.75637935897683 78.500000000000014 1.1500000000000001 109.50000000000001 8.0416666666666696 143.50000000000003 167.50000000000003 0.84300000000000008 140.50000000000003 0.20766968880176429 0.81241147629689026 0.45000000000000001 129.6428571428572 112.35000000000001 0.21846590909090907 0.18200000000000002 83.850000000000009 79.15000000000002 -0.21666666666666665 0.51222500000000004 146.00000000000003 68.000000000000014 0.14050000000000004 -0.93540483100319605 0.097964660725097311 0.63405362205439475 1.3310024500184563 117.50000000000001 83.500000000000014
decision_type=2 2 2 2 2 2 2 2 2 2 2 2 2 2 2 2 2 2 2 2 2 2 2 2 2 2 2 2 2 2
left_child=-1 2 7 4 13 8 -7 11 10 -8 -6 -2 14 22 20 16 -13 18 -18 -3 24 -9 -4 -24 27 -26 -27 28 -10 -28
right_child=1 19 3 -5 5 6 9 21 12 -11 -12 15 -14 -15 -16 -17 17 -19 -20 -21 -22 -23 23 -25 25 26 29 -29 -30 -31
leaf_value=-0.019021424470939571 -0.025305584215989434 0.0032493419060554939 0.035704018943266004 0.029282052844098974 -0.013388495228477029 -0.027854531785468251 0.022263910756937497 -0.0038787848367518606 0.015401824134774943 -0.015449700750950696 0.01137790589584574 0.029984100613511994 0.019955287713279809 -0.022533445302824803 0.03153856527016341 -0.01478604339365162 0.089730738656741402 -0.027270526880695908 -0.0084130423981650885 0.024090118853214618 -0.017081988858326024 0.023973126854649352 0.016734251521853236 -0.0092512256540605228 0.011438396786608339 -0.016201278976021308 0.016185473762898365 0.044793544351100015 -0.009161812676133866 0.00083955715025492428
leaf_weight=272.5755874812603 105.18892141990364 60.754217557609081 9.9915299192070943 48.10606761649251 132.84357677772641 68.653890825808048 37.109691642224789 66.203313615173101 43.123381718993187 29.731662407517433 50.091839134693146 28.573110511526465 101.31952261179686 77.130135986953974 27.827216751873493 128.48183831200004 4.567565852776168 32.129438390955329 5.0430502127856016 151.16818413883448 37.214684680104256 33.932377062737942 30.956462830305099 173.38915149122477 607.99693406373262 140.48970246315002 140.25368491560221 9.4122060760855657 189.81592640653253 178.09210146591067
leaf_count=6023 2827 421 86 276 995 520 182 397 308 170 401 314 542 793 146 1993 65 461 77 1336 169 157 224 1143 3143 1162 649 53 1328 879
internal_value=2.97838e-05 0.00192462 0.000562274 0.00235195 0.001717 0.00335886 -0.0114766 -0.00886878 0.00457707 0.00550808 -0.00658191 -0.0136718 0.00596406 -0.00836553 0.00491875 -0.00742019 0.00605789 -0.0106391 0.0422917 0.0181588 0.00434558 0.00570294 -0.00318619 -0.00525234 0.00496725 0.00665858 0.000313812 -0.00247477 -0.00456802 0.00763002
internal_weight=3022.17 2749.59 2537.67 2133.55 2085.44 1793.98 135.495 404.12 1658.48 66.8414 182.935 303.984 1475.55 291.467 1374.23 198.795 70.3132 41.7401 9.61062 211.922 1346.4 100.136 214.337 204.346 1309.18 1066.83 458.835 242.352 232.939 318.346
internal_count=27240 21217 19460 13169 12893 10647 872 6291 9775 352 1396 5737 8379 2246 7837 2910 917 603 142 1757 7691 554 1453 1367 7522 5833 2690 1689 1636 1528
is_linear=0
shrinkage=0.03


Tree=83
num_leaves=31
num_cat=0
split_feature=35 35 14 36 33 35 30 26 22 13 25 24 26 17 13 26 7 52 22 47 35 49 22 56 29 21 36 4 21 33
split_gain=108.584 58.5172 48.0219 35.4074 33.8979 33.3657 30.5719 29.4237 29.208 28.8595 21.4527 20.5712 18.1983 17.5872 26.5248 24.4832 17.0253 18.5764 18.5495 16.7404 15.5406 15.4424 15.3445 18.5486 20.9406 17.2778 17.142 16.1107 19.3491 15.444
threshold=145.00051595341924 178.00068612435209 101.50000000000001 0.10100874999999991 205.60855771946493 166.00469638784833 76.700000000000017 0.47114434510950071 5.791666666666667 12.010025062656643 -0.8814490726585632 0.21563498982853821 -0.97335555334614932 5221.5000000000009 0.59768240641154657 -0.38268343236508956 -0.19166666666666662 1.0000000180025095e-35 5.6250000000000009 111.50000000000001 133.95588275328285 80.500000000000014 4.791666666666667 1.0000000180025095e-35 1.2220000000000002 1.000207056808512 0.29847499999999999 7.0586117469709704 0.81255182113023572 141.90505278814123
decision_type=2 2 2 2 2 2 2 2 2 2 2 2 2 2 2 2 2 2 2 2 2 2 2 2 2 2 2 2 2 2
left_child=2 3 -1 5 11 12 -4 13 -7 22 21 -3 -2 14 15 16 -8 18 20 -9 -18 -10 -5 24 -24 27 -26 29 -29 -25
right_child=1 4 6 9 -6 8 7 19 10 -11 -12 -13 -14 -15 -16 -17 17 -19 -20 -21 -22 -23 23 25 26 -27 -28 28 -30 -31
leaf_value=-0.025566863715457765 0.033644310195506004 0.0055837846847384071 -0.02235762839202126 0.012011668527845801 0.029920882051117113 0.012229141238228346 -0.0055193649111085702 0.03740044828413118 -0.013660588597174153 -0.016899142443485778 -0.011076878087263497 0.020882856259823494 -0.017020926018073236 -0.015233473627918612 -0.029564377488938351 -0.015829237900066538 0.057777982411931848 0.04051499332212595 -0.0032529237073294181 0.0046598374757497131 0.0067418277304676878 0.028822096961879679 -0.0043094340323116638 0.021572337260443081 0.0043186698702477209 0.025799929916077512 0.040343715621238306 0.0026179169773035784 -0.027071957685129808 0.0022283136093230751
leaf_weight=158.24581704847515 5.6727662310004225 584.82612290978432 86.926876969635487 172.19901478663087 67.006677508354187 107.06890502199531 40.557501919567585 20.728590041399002 10.789529263973234 63.007433876395226 177.46403593569994 90.781990446150303 217.11253987625241 122.67402370274067 23.926938526332378 42.40406784042716 9.3874035105109233 22.826944246888161 39.387231778353453 40.772709783166647 11.743720524013041 22.234469018876553 402.91280988231301 77.842427413910627 40.508612357079983 38.348217651247978 15.996876709163187 197.67133771255612 20.936943009495735 70.720259845256805
leaf_count=5239 59 3036 1380 907 812 640 374 168 57 504 1212 483 4019 1536 466 410 66 189 371 317 65 116 2277 395 220 205 82 1073 115 402
internal_value=-0.000177817 0.00273191 -0.0113559 -0.000432214 0.00971285 -0.00671405 -0.00643651 -0.00269038 -0.000460264 0.00265644 -0.00694228 0.00766736 -0.0155863 -0.00642643 -0.000697171 0.0036079 0.0103335 0.0180218 0.00901686 0.0161167 0.0310006 0.0149487 0.0038596 0.00222462 -0.00190187 0.00689276 0.0150417 0.00485334 -0.000335921 0.0124405
internal_weight=3002.68 2383.1 619.582 1640.49 742.615 540.342 461.336 374.409 317.557 1100.14 210.488 675.608 222.785 312.908 190.234 166.307 123.903 83.3453 60.5184 61.5013 21.1311 33.024 1037.14 864.937 459.418 405.519 56.5055 367.171 218.608 148.563
internal_count=27195 16614 10581 12283 4331 6103 5342 3962 2025 6180 1385 3519 4078 3477 1941 1475 1065 691 502 485 131 173 5676 4769 2579 2190 302 1985 1188 797
is_linear=0
shrinkage=0.03


Tree=84
num_leaves=31
num_cat=0
split_feature=35 14 33 22 26 22 27 0 27 10 25 26 10 21 24 38 34 45 29 25 2 46 21 2 37 7 25 21 49 1
split_gain=97.6277 68.8692 47.1207 37.9276 34.5912 28.6966 28.6058 25.463 26.2323 24.2142 24.0763 22.0025 21.5219 19.3549 18.6562 22.4597 19.0984 18.5114 17.794 19.4563 25.392 18.7775 26.5328 22.0021 21.123 17.5419 17.478 17.3679 30.9109 20.2517
threshold=160.00085234582312 1.0000000180025095e-35 189.68797671968693 6.7083333333333348 0.097964660725097366 5.6250000000000009 105.50000000000001 120.50000000000001 219.00000000000003 1.0000000180025095e-35 -0.98611507088852035 0.88144907265856365 192.50000000000003 -0.49963301577063951 0.21563498982853821 26.650000000000002 149.96398084091896 6.5500000000000007 0.83000000000000007 0.93540483100319627 168.50000000000003 121.50000000000001 -0.081029202328514946 138.50000000000003 42.500000000000007 -0.62499999999999989 -0.19509032201612828 0.78012575346594215 79.500000000000014 146.50000000000003
decision_type=2 2 2 2 2 2 2 2 2 2 2 2 2 2 2 2 2 2 2 2 2 2 2 2 2 2 2 2 2 2
left_child=1 4 5 10 13 25 -5 -4 -9 -7 -3 14 -8 -1 18 -16 -17 -12 -11 21 -21 22 23 26 -25 -2 -20 29 -29 -19
right_child=2 3 7 6 -6 9 12 8 -10 11 17 -13 -14 -15 15 16 -18 27 19 20 -22 -23 -24 24 -26 -27 -28 28 -30 -31
leaf_value=0.019627715037537474 -0.024712583190061602 -0.020704835848542259 -0.021309317247998106 -0.029427116718852373 -0.029812110576067502 -0.041886105506081524 -0.024591070235032996 0.030282496902219944 -0.01319883843696228 -0.01860826946271989 -0.0076954322991017341 -0.01426228042464521 -0.0038485273794481162 -0.014276733112596906 -0.0042769659557547763 0.0024756329403073647 0.02722324733531372 0.012627164710756502 0.027187288658592247 -0.016444069078698123 0.037931351020462419 0.0058052515647608067 -0.014911262916320537 0.022740093650958439 -0.022870175272503179 0.010170805361992385 -0.00051356813669599898 0.040646975550292119 -0.014058539273861097 -0.0041354194794509368
leaf_weight=20.410941515117884 12.428754776716231 39.894149638712406 10.756095826625822 59.600491737946868 151.81274468824267 11.059368267655371 52.288284093141556 107.96256867051125 13.536029592156408 42.079128760844469 111.81649945117533 79.835311520844698 293.9656466897577 51.053393417969346 59.488712958991528 44.550283882766962 75.854611311107874 276.11304114758968 43.278025388717651 86.024805396795273 7.5378832072019568 538.50616064481437 111.46369459852576 11.391981940716503 34.703346718102694 453.64215214177966 38.104908235371113 9.7516705058515054 68.500392721965909 84.15081225335598
leaf_count=297 68 516 80 1466 6111 55 795 1097 80 264 1398 681 2138 816 338 239 439 1731 233 517 33 3000 636 64 214 2577 201 59 485 664
internal_value=-0.000193988 -0.00673195 0.00428045 -0.00334658 -0.0217524 0.00289266 -0.0103941 0.0214423 0.0253701 0.000407991 0.00150888 0.000842157 -0.00704268 -0.00445605 0.00195747 0.0107593 0.0181623 0.0031538 0.000213487 0.00114308 -0.0117085 0.00270277 -0.0042844 0.0050512 -0.0113546 0.00918965 0.0143685 0.00593145 -0.00681435 0.00871113
internal_weight=3001.56 1219.36 1782.2 996.081 223.277 1649.95 405.854 132.255 121.499 1183.88 590.227 1172.82 346.254 71.4643 1092.98 179.894 120.405 550.332 913.09 871.011 93.5627 777.448 238.942 127.478 46.0953 466.071 81.3829 438.516 78.2521 360.264
internal_count=27292 16476 10816 9252 7224 9559 4399 1257 1177 6914 4853 6859 2933 1113 6178 1016 678 4337 5162 4898 550 4348 1348 712 278 2645 434 2939 544 2395
is_linear=0
shrinkage=0.03


Tree=85
num_leaves=31
num_cat=0
split_feature=27 25 25 26 20 26 2 25 22 17 49 21 23 25 11 22 22 1 45 23 50 23 22 20 55 16 6 28 28 1
split_gain=79.6792 66.9076 82.5273 51.7901 48.791 48.193 66.4274 64.1973 33.7714 45.3385 31.3144 41.3457 41.2856 30.9786 30.0789 28.9297 25.8745 22.5981 22.1214 23.1737 21.4129 20.8657 27.0226 23.6981 24.7954 21.1008 20.4333 20.3226 20.0962 20.0187
threshold=105.50000000000001 -0.097964660725097436 -0.72947329433276231 0.38268343236508995 35.434615384615391 -0.13052619222005143 167.50000000000003 0.63405362205439475 6.3750000000000009 6113.5000000000009 83.500000000000014 0.6898304285815251 0.20396764252696456 0.16280825711808983 24.500000000000004 6.7083333333333348 6.6250000000000009 167.50000000000003 7.3500000000000005 0.33105022831050229 122.00000000000001 0.23896820246593123 8.0416666666666696 31.357692307692314 1.0000000180025095e-35 899.50000000000011 1.1166666666666669 0.0069900000000000006 0.0050950000000000014 136.50000000000003
decision_type=2 2 2 2 2 2 2 2 2 2 2 2 2 2 2 2 2 2 2 2 2 2 2 2 2 2 2 2 2 2
left_child=15 2 3 14 -4 7 -7 13 -6 28 20 18 -13 17 -2 16 -1 -3 19 27 -9 23 25 -5 -25 -23 -15 -12 -10 -27
right_child=1 5 4 21 8 6 -8 10 9 -11 11 12 -14 26 -16 -17 -18 -19 -20 -21 -22 22 -24 24 -26 29 -28 -29 -30 -31
leaf_value=-0.01159137425771745 -0.0095181956526998717 -0.006008255560594802 0.026288668217310292 -0.033358993395733547 0.01788539752574958 -0.018448420318255068 0.0094218535940171315 0.02916696070006156 0.042884363932309238 -0.013049693103065498 -0.0037305194752233609 0.026530240070485146 -0.027311227342702422 -0.020120203179918465 0.024325776991811147 -0.031095657831567904 0.048999697038677098 0.019231644755518307 0.019095208282797125 -0.043553382753334979 0.0092334276151428731 0.038991105121642347 -0.026784676240964127 -0.0063040718639024102 0.019517281751342274 -0.002837674346905501 0.036885725670671908 0.017866955089195294 0.0082348052829218973 0.021903454697171112
leaf_weight=116.3824285119772 397.93782959133387 171.59278329834342 202.04653163813055 15.793454587459562 180.3208209387958 319.05614742264152 100.64530846476555 65.196042418479919 17.010502554476261 111.52812400460243 123.21404775232077 14.84087513014674 69.164344936609268 173.26019311323762 24.178364999592304 86.22321379929781 5.7265690416097632 38.175755865871906 83.68593167886138 9.115922197699545 187.99608216807246 35.298920959234238 11.773295946419237 80.070082429796457 56.087998323142529 46.304896581918001 4.958934746682643 56.344032697379589 97.242051560431719 78.795143008232117
leaf_count=1952 3111 954 1290 81 1104 7401 549 370 102 828 744 90 399 1639 158 2206 68 188 430 72 993 191 63 428 301 252 30 291 587 408
internal_value=-3.48282e-05 0.00131264 0.0060785 -0.000608917 0.014272 -0.00324292 -0.0117586 0.000348088 0.00824342 0.000497907 0.00641627 0.000676286 -0.0175991 -0.00917746 -0.00752674 -0.017882 -0.00837489 -0.0013454 0.0063568 0.000635816 0.0144608 0.00839581 0.015515 0.0002806 0.00439734 0.0187665 -0.0183371 0.00310803 0.0137209 0.0127958
internal_weight=2979.97 2771.63 1354.39 746.24 608.148 1417.25 419.701 997.545 406.101 225.781 609.557 356.365 84.0052 387.988 422.116 208.332 122.109 209.769 272.36 188.674 253.192 324.124 172.172 151.952 136.158 160.399 178.219 179.558 114.253 125.1
internal_count=27280 23054 8904 4993 3911 14150 7950 6200 2621 1517 3389 2026 489 2811 3269 4226 2020 1142 1537 1107 1363 1724 914 810 729 851 1669 1035 689 660
is_linear=0
shrinkage=0.03


Tree=86
num_leaves=31
num_cat=0
split_feature=5 29 36 27 20 25 25 25 32 25 29 40 36 22 25 5 2 46 29 23 25 22 21 49 31 2 46 27 33 32
split_gain=78.4714 75.092 63.2107 45.7727 28.1763 25.0764 49.7058 30.5057 29.3431 28.8879 24.4393 22.0347 21.6798 25.6001 20.2673 19.8686 21.7361 19.8617 19.5848 24.6161 19.3738 19.092 18.8079 18.6676 18.627 17.4793 23.7609 17.3018 18.1283 17.7154
threshold=0.70000000000000007 0.81650000000000011 0.021408749999999952 127.50000000000001 48.765384615384619 1.0000000180025095e-35 -0.77259657388510627 0.63405362205439475 0.12700000000000003 0.93540483100319627 1.2220000000000002 10.900000000000002 0.10100874999999991 6.4583333333333348 -0.99465189230620688 1.3 109.50000000000001 157.00000000000003 0.93950000000000011 0.20670914542728633 0.16280825711808983 6.4583333333333348 0.78012575346594215 85.500000000000014 0.098000000000000018 165.50000000000003 140.50000000000003 140.50000000000003 163.99665819438721 0.24900000000000003
decision_type=2 2 2 2 2 2 2 2 2 2 2 2 2 2 2 2 2 2 2 2 2 2 2 2 2 2 2 2 2 2
left_child=1 21 3 -3 17 6 12 20 24 -10 11 22 13 -4 -14 16 -2 -5 19 -11 -7 -1 -8 -20 -9 -6 -27 28 -16 -29
right_child=15 2 5 4 25 7 10 8 9 18 -12 -13 14 -15 27 -17 -18 -19 23 -21 -22 -23 -24 -25 -26 26 -28 29 -30 -31
leaf_value=-0.0095820237475773996 -0.0041101768479080225 -0.026527319387262157 0.044093551943263337 -0.0028527413405838981 -0.026306468095062558 -0.0051030123589239718 0.009813816130274506 0.03685206834878399 0.0060333880891416392 0.047645600122952839 0.024689435595448846 0.029661056769112983 -0.026148277018601101 -0.00029080772191860885 -0.002209167320761755 0.027105751652977895 0.016067750776407829 0.021933777741302871 -0.0028157330347795533 -0.0044040260899722711 -0.025211337478982784 -0.02656227726770757 -0.0076416155701052235 -0.020708620547609378 0.0057298023300055567 -0.019987272726302394 0.025054287912515766 -0.00072513697104213866 -0.022120001112352506 0.017196068604419457
leaf_weight=126.88694663718343 70.081171588972211 105.81335185281932 19.460505086928606 335.42299009487033 73.970665948465466 131.46672614663839 274.9583160802722 31.269287634640932 279.46943403407931 10.914036381989716 112.77240700274706 39.835699927061796 29.451842755079269 27.271666545420885 203.92311734706163 80.061585523188114 149.45738964527845 30.851163541898131 107.88546484522521 25.609381936490536 63.687180463224649 114.45881752483547 68.762079566717148 101.85655765421689 38.286233570426702 25.441534295678139 16.534534223377705 150.75341546535492 50.65018717199564 72.961462676525116
leaf_count=1845 643 2556 138 3856 2326 740 1609 173 1520 72 706 235 254 229 1521 593 1070 163 704 196 555 2446 392 789 238 175 82 803 294 369
internal_value=-0.000152312 -0.00178736 -0.000198693 -0.00875327 -0.0048063 0.00253663 0.00557102 -0.00149916 0.00187883 -0.000558091 0.0124572 0.00880584 -0.000604379 0.0187286 -0.00241709 0.0143799 0.00963712 -0.000710944 -0.00803245 0.0120048 -0.0117603 -0.0177113 0.00630978 -0.0115621 0.0200451 -0.0176268 -0.00207508 -0.000904273 -0.0062417 0.00517013
internal_weight=2970.23 2670.63 2429.28 588.034 482.221 1841.25 1050.8 790.444 595.29 525.735 496.329 383.556 554.472 46.7322 507.74 299.6 219.539 366.274 246.265 36.5234 195.154 241.346 343.72 209.742 69.5555 115.947 41.9761 478.288 254.573 223.715
internal_count=27292 24986 20695 9158 6602 11537 6550 4987 3692 3281 2942 2236 3608 367 3241 2306 1713 4019 1761 268 1295 4291 2001 1493 411 2583 257 2987 1815 1172
is_linear=0
shrinkage=0.03


Tree=87
num_leaves=31
num_cat=0
split_feature=35 5 36 34 22 27 21 25 32 31 45 30 15 23 27 6 23 6 1 24 47 50 24 0 30 14 22 2 24 34
split_gain=84.259 57.578 42.4022 39.9866 31.2442 30.3917 31.3058 28.4029 25.5016 23.5469 21.4851 21.291 20.2901 22.8176 22.4556 21.7862 18.8462 18.5706 17.8847 17.8622 24.8997 16.8952 15.6574 16.7678 15.5365 19.7867 22.0442 18.3344 18.1297 14.554
threshold=131.00386538286173 1.1666666666666667 0.021408749999999952 157.42492210200649 6.2083333333333348 135.00000000000003 -0.64888311849892577 0.91037613702198772 0.20100000000000004 0.052500000000000005 7.5500000000000007 79.90000000000002 600.50000000000011 0.29249530956848036 142.50000000000003 -0.14999999999999994 0.34011567857880604 0.24999999999999997 123.35714285714288 0.20373573158076794 102.00000000000001 137.50000000000003 0.21563498982853821 177.50000000000003 77.700000000000017 177.50000000000003 5.6250000000000009 94.500000000000014 0.20296073803904743 118.49908119814522
decision_type=2 2 2 2 2 2 2 2 2 2 2 2 2 2 2 2 2 2 2 2 2 2 2 2 2 2 2 2 2 2
left_child=24 2 3 -2 10 6 18 12 -9 -8 16 -5 13 -7 -14 -15 17 -4 -6 29 -21 -20 23 -13 -1 -26 27 -27 -29 -11
right_child=1 -3 4 11 5 7 9 8 -10 19 -12 22 14 15 -16 -17 -18 -19 21 20 -22 -23 -24 -25 25 26 -28 28 -30 -31
leaf_value=-0.027351545598289527 -0.013120120747832757 0.022771117127074938 0.0038176688945254617 0.016119803687679984 0.026698159805470658 0.015826440755776799 -0.0025195989856982466 0.0049813911166015626 -0.019051519373634467 -0.0041238484302574185 0.017898134399050875 -0.011637466625653448 -0.0097689217018381048 -0.026879771926552404 0.0063025204820858112 0.011894219048899377 -0.01730950137831239 0.018298308578441679 0.016119463226658703 0.025672127732127174 -0.016818186975156715 -0.012260949758030028 0.017756224159433297 0.018849230211869166 -0.024995092703318709 0.062314904631015001 -0.011822394236805825 0.028509156356433921 -0.021722746544609109 -0.032624395314620823
leaf_weight=82.528427261859179 350.58588218688965 106.63312371075153 549.08247810602188 73.663146050646901 28.516857586801052 226.05770368874073 132.60129954107106 70.682511501014233 88.785490889102221 20.314707703888416 134.70851906016469 115.50774100422859 117.01212962716818 23.557359199970961 231.22593160718679 26.933496043086052 32.068511184304953 92.441895622760057 30.707246955484152 15.037361450493334 54.504646141082048 45.664842557162046 25.640002069994807 17.945533700287342 61.825441105291247 5.5778702050447491 83.610025759786367 13.021892346441748 11.041190102696417 83.575134878978133
leaf_count=2217 6320 779 3234 523 194 1269 871 425 547 190 790 857 694 135 1314 151 210 589 201 123 470 324 166 79 2241 46 1364 112 113 712
internal_value=-0.000298241 0.00127178 0.00037708 -0.00673409 0.00244993 -0.000631646 -0.00723077 0.00283087 -0.00843453 -0.0120688 0.00700158 0.00289975 0.00571508 0.0117661 0.000889815 -0.00636713 0.00479913 0.00592952 0.00686563 -0.0193135 -0.00739665 -0.000789063 -0.00328384 -0.0074282 -0.0166554 -0.0114867 -0.00395803 0.0178873 0.00551347 -0.0271438
internal_weight=2951.06 2693.45 2586.82 583.342 2003.48 1195.18 410.922 784.255 159.468 306.033 808.301 232.756 624.787 276.549 348.238 50.4909 673.593 641.524 104.889 173.432 69.542 76.3721 159.093 133.453 257.605 175.076 113.251 29.641 24.0631 103.89
internal_count=27260 21167 20388 7945 12443 7620 3085 4535 972 2366 4823 1625 3563 1555 2008 286 4033 3823 719 1495 593 525 1102 936 6093 3876 1635 271 225 902
is_linear=0
shrinkage=0.03


Tree=88
num_leaves=31
num_cat=0
split_feature=35 35 36 33 22 29 21 20 24 33 20 38 50 4 17 23 46 24 26 10 23 24 26 8 6 15 4 47 2 21
split_gain=95.3816 58.606 36.4088 31.6778 22.0159 22.3439 21.3379 24.1587 20.9282 18.4467 25.7883 17.743 21.7418 19.8711 18.4011 16.5105 18.2176 16.3815 15.6978 18.705 20.1265 17.4147 15.6842 15.2197 15.1573 15.0155 16.6319 14.9597 14.8786 16.4908
threshold=130.00371717873134 176.00243257452425 0.021408749999999952 205.60855771946493 5.541666666666667 1.2220000000000002 -1.6096915127218898 30.707692307692312 0.21563498982853821 167.73569192550488 37.080769230769242 25.850000000000005 110.50000000000001 4.2430177772197775 5221.5000000000009 0.31851119894598162 98.000000000000014 0.21680376028202111 0.13052619222005193 270.00000000000006 0.15287244401168451 0.19386157218916381 -0.97335555334614932 -0.29999999999999988 0.78333333333333355 408.50000000000006 14.285545141416753 88.500000000000014 115.50000000000001 -0.065550937766410938
decision_type=2 2 2 2 2 2 2 2 2 2 2 2 2 2 2 2 2 2 2 2 2 2 2 2 2 2 2 2 2 2
left_child=-1 2 9 8 25 6 7 -6 15 10 22 12 -8 14 -14 16 -3 -7 19 -12 -21 -22 -2 -11 28 -4 -27 -13 29 -18
right_child=1 3 4 -5 5 17 11 -9 -10 23 18 27 13 -15 -16 -17 24 -19 -20 20 21 -23 -24 -25 -26 26 -28 -29 -30 -31
leaf_value=-0.018095706607994439 0.048451816481910721 -0.019748675295739884 -0.0032028719719461307 0.028846573070086798 0.049035269921960292 0.0051525454294024308 0.029747247781450964 0.0006717798861645358 0.01857889776359244 0.011812192685784713 -0.028488561926197184 0.014448116943273999 -0.012637507340897657 -0.013047812751860713 0.031375243499747102 -0.011499425264255719 0.013736573341911577 0.036330890825347392 -0.026029575263133289 0.068197177601339976 0.022628460510710789 -0.014432322418890307 -0.0028053371009596141 -0.007333566232594544 0.023314514887021114 0.014132997948244706 -0.0050517330193587204 -0.0024814996442832278 0.0068551840572576546 -0.025983715733721154
leaf_weight=237.56352030858397 4.754267130047082 23.053371533751488 91.457838620990515 60.769922666251659 13.379782073199747 183.98929458111525 11.411886669695376 26.371698990464211 110.80836816132069 56.419133547693491 27.951761692762375 52.936574026942253 15.067802973091601 316.30543978884816 17.564575113356113 52.208148688077927 13.788578413426874 15.594275400042532 119.39490088075399 2.7728330977261058 15.244534645229576 37.450216203927994 80.06711976788938 106.01991614326835 45.848041757941246 230.09118334203959 48.819324813783169 363.00413389131427 532.73170757293701 25.543130494654179
leaf_count=5781 43 110 609 799 77 1055 84 173 587 385 455 321 117 2502 117 263 71 88 3954 34 237 522 1096 790 302 1256 310 2320 2667 125
internal_value=8.78331e-05 0.00169336 -0.00133997 0.00812793 0.00106868 -0.00121574 -0.00341721 0.0177541 0.006528 -0.00874328 -0.0132945 -0.00452277 -0.00938568 -0.0107469 0.0112811 0.00457759 0.00590297 0.00775762 -0.0190794 -0.00894149 0.00123893 -0.00348893 0.000598733 -0.000652181 0.00689036 0.00731944 0.0107689 -0.00029739 0.00553566 -0.0120636
internal_weight=2938.38 2700.82 1836.07 864.751 1385.99 1015.63 816.042 39.7515 803.981 450.075 287.636 776.29 360.35 348.938 32.6324 693.173 640.965 199.584 202.814 83.4193 55.4676 52.6948 84.8214 162.439 617.911 370.368 278.911 415.941 572.063 39.3317
internal_count=27250 21469 16545 4924 9029 6854 5711 250 4125 7516 6341 5461 2820 2736 234 3538 3275 1143 5202 1248 793 759 1139 1175 3165 2175 1566 2641 2863 196
is_linear=0
shrinkage=0.03


Tree=89
num_leaves=31
num_cat=0
split_feature=35 33 5 18 4 14 35 19 12 23 49 14 26 30 22 4 38 28 48 22 35 7 38 7 33 23 44 22 12 8
split_gain=79.2543 50.2701 35.731 28.5795 23.2412 30.5798 28.0926 20.009 19.8733 19.2504 18.9259 17.3071 19.2223 22.1876 16.9261 28.5389 17.6822 21.1266 16.0161 15.0276 14.1327 19.803 14.4076 13.5937 16.5574 13.5783 15.8186 13.3127 13.3065 13.1201
threshold=133.00071365887683 205.60855771946493 1.3 71.928571428571445 6.4473250076025073 443.50000000000006 172.51009944370512 -0.67857142857142339 62.500000000000007 0.34321041849575656 82.500000000000014 47.500000000000007 0.38268343236508995 77.700000000000017 7.1250000000000009 17.64417181146484 35.45000000000001 0.0035700000000000007 200.50000000000003 6.541666666666667 190.55169451237578 -0.1083333333333333 30.050000000000001 0.22499999999999998 156.40397419568555 0.18808962264150944 1.0000000180025095e-35 5.6250000000000009 23.500000000000004 -0.69999999999999984
decision_type=2 2 2 2 2 2 2 2 2 2 2 2 2 2 2 2 2 2 2 2 2 2 2 2 2 2 2 2 2 2
left_child=11 2 3 4 7 6 27 25 -7 10 18 -1 -13 -14 15 -5 17 -16 -9 -15 21 -19 -23 24 -8 26 -2 -6 -4 -26
right_child=1 -3 28 14 5 8 23 9 -10 -11 -12 12 13 19 16 -17 -18 20 -20 -21 -22 22 -24 -25 29 -27 -28 -29 -30 -31
leaf_value=-0.025930175224474508 -0.013370054973169992 0.028714672442811135 0.037439063502205577 0.0083925237840876878 -0.0047187949688409303 0.018035645156892443 0.01110575435209221 0.013777402820276459 -0.0261765126792349 -0.017892853359600228 0.003194708361828114 -0.014365167117113341 -0.026862329419286762 0.042209526676885607 0.022848126348169635 -0.0091804593993162539 -0.033207864960135891 -0.01367398112749015 0.051274137534839025 -0.0019117556402868802 0.014728122104009327 -0.0011962655436731267 0.02728823928185364 0.011965734064983751 0.010020840281432573 -0.015165768204094418 0.049194404470765021 -0.015470497629300731 0.010013330848453669 -0.01055333798353973
leaf_weight=87.633629163727164 6.8734379932284337 59.689721405506134 29.587705828249454 715.52851117216051 157.64382527023554 69.081529296934605 54.938058078289032 93.379369029775262 9.6266493331640941 28.56191853992641 283.27981898002326 161.13336068205535 10.124488350003956 15.138153143227102 31.032069951295853 93.264159196987748 14.352138482034205 125.51093226671219 10.79319437779486 12.053552784025667 34.722092241048813 95.713975518941879 18.16718302667141 63.607772812247276 32.363828524947166 74.459833286702633 6.0090050343424082 308.29049966856837 35.338106337934732 173.96773581206799
leaf_count=3450 90 803 172 4282 1648 443 278 735 79 184 2139 2719 213 131 167 608 74 805 84 144 218 643 94 316 158 1141 50 4217 240 868
internal_value=9.24529e-05 0.00172807 0.00108939 0.000514568 -0.0023919 -0.00535948 -0.00713722 0.00273489 0.0123676 0.00547759 0.00724202 -0.0148736 -0.00988558 0.00932762 0.00405007 0.0063573 -0.00179216 -0.000210922 0.018113 0.0232774 -0.00289496 -0.0055017 0.00354578 -0.000361628 -0.00339698 -0.0102428 0.0172546 -0.0118507 0.02289 -0.00729344
internal_weight=2911.87 2625.78 2566.09 2501.17 1372.88 869.52 790.812 503.357 78.7082 416.014 387.452 286.083 198.45 37.3162 1128.29 808.793 319.498 305.146 104.173 27.1917 274.114 239.392 113.881 324.877 261.27 87.3423 12.8824 465.934 64.9258 206.332
internal_count=27193 20536 19733 19321 12430 8007 7485 4423 522 3142 2958 6657 3207 488 6891 4890 2001 1927 819 275 1760 1542 737 1620 1304 1281 140 5865 412 1026
is_linear=0
shrinkage=0.03


Tree=90
num_leaves=31
num_cat=0
split_feature=35 5 35 36 0 34 22 25 26 20 15 29 26 3 2 17 46 17 37 40 24 23 25 29 23 17 25 28 22 27
split_gain=85.856 53.2687 42.9403 39.655 26.2457 26.05 23.0903 22.5361 25.0448 25.0566 21.4704 25.4186 27.6754 23.1978 24.024 22.1719 21.3133 20.3782 25.6563 24.0499 19.3796 18.4149 29.6694 17.4953 16.6079 16.4298 23.9416 18.3394 16.9285 17.9263
threshold=131.00386538286173 1.1666666666666667 176.00243257452425 0.021408749999999952 110.50000000000001 202.87482896301631 5.541666666666667 -0.4124860612920454 -0.95642797789208689 37.588461538461551 560.50000000000011 1.2435000000000003 0.29012925520284133 130.50000000000003 122.50000000000001 3844.5000000000005 146.00000000000003 2291.5000000000005 38.500000000000007 3.1500000000000008 0.18533094812164577 0.29249530956848036 -0.19509032201612828 0.96950000000000014 0.31851119894598162 7979.5000000000009 -0.77259657388510627 0.005425000000000001 4.791666666666667 124.50000000000001
decision_type=2 2 2 2 2 2 2 2 2 2 2 2 2 2 2 2 2 2 2 2 2 2 2 2 2 2 2 2 2 2
left_child=-1 2 3 7 -4 21 25 -2 9 -9 11 12 15 -14 -15 17 -10 19 -19 -8 -18 -6 24 -12 -23 26 -5 -27 29 -29
right_child=1 -3 4 6 5 -7 10 8 16 -11 23 -13 13 14 -16 -17 20 18 -20 -21 -22 22 -24 -25 -26 27 -28 28 -30 -31
leaf_value=-0.016783286900707912 0.0022769064352893861 0.022293475739106242 -0.030218207825471407 -0.014749276239546768 0.0083926675573085738 0.03104875899803157 -0.030876433121363064 0.060459553927528921 -0.018361949717535533 -0.015621450551017812 -0.014679001576310443 0.020377637891433521 0.055644970031591447 -0.014616755617107995 0.020651501023682066 -0.01888665030823463 0.027870935178331894 -0.014965448850724004 0.027828815445078283 -0.00010463354635604385 -0.013001286807361134 0.029148744615925429 -0.015745845272983301 -0.0022671091770436504 -0.0041186817915660296 0.04425095298223284 0.008160728455491947 0.00047609964091964815 -0.010089880757843818 0.044847689025302152
leaf_weight=241.50487153790891 108.46583913825452 109.08606524579227 15.984250009059904 48.819466341286898 618.34820133447647 39.223192349076271 25.710975646972656 7.1193076968193036 268.04568140953779 6.8598798960447311 140.41412211209536 65.48163690418005 10.176727291196583 24.982887931168079 52.133361283689737 67.827979937195778 17.48022723570466 17.030069995671511 42.397800134494901 158.54098998568952 23.073178611695766 27.094933487474918 77.349062263965607 370.42476381361485 25.589144267141819 19.542011875659227 233.37052449211478 15.480879571288826 21.013487327843904 16.462363727390766
leaf_count=5967 956 815 83 344 3158 542 200 63 5706 76 1194 411 74 160 262 606 161 111 252 1113 345 153 363 2204 139 107 1337 86 122 87
internal_value=0.000309083 0.00185877 0.000981166 -0.0016416 0.00672316 0.00751024 0.000923138 -0.00953785 -0.0135053 0.0245746 -0.00146211 0.00320383 0.000340032 0.0151703 0.00918501 -0.00385105 -0.0153041 0.000394182 0.0155207 -0.0045421 0.00486311 0.00623679 -0.00400091 -0.00570078 0.0132147 0.00746641 0.00415916 0.0201076 0.0105433 0.0240108
internal_weight=2915.03 2673.53 2564.44 1760.85 803.589 787.605 1329.81 431.044 322.578 13.9792 975.121 464.282 398.801 87.293 77.1162 311.508 308.599 243.68 59.4279 184.252 40.5534 748.381 130.033 510.839 52.6841 354.689 282.19 72.4987 52.9567 31.9432
internal_count=27197 21230 20415 15977 4438 4355 8670 7307 6351 139 6587 3189 2778 496 422 2282 6212 1676 363 1313 506 3813 655 3398 292 2083 1681 402 295 173
is_linear=0
shrinkage=0.03


Tree=91
num_leaves=31
num_cat=0
split_feature=35 14 26 22 29 33 33 22 17 25 32 42 21 1 38 33 23 21 37 32 49 4 17 25 7 2 31 22 45 29
split_gain=81.3309 58.7605 40.9007 39.8243 48.4583 29.2543 27.874 26.775 20.9938 30.7823 23.1118 21.9685 21.5693 20.3619 20.1883 19.7797 20.0517 19.2185 26.1104 19.0064 18.1725 16.7133 18.1734 29.0157 16.8556 16.6414 19.7607 16.497 16.2084 15.8477
threshold=176.00243257452425 1.0000000180025095e-35 -0.065403129230143228 5.4583333333333348 0.96950000000000014 167.73569192550488 205.60855771946493 6.2083333333333348 5490.5000000000009 -0.19509032201612828 0.23300000000000004 1.0000000180025095e-35 0.93866780261644267 121.35714285714288 35.45000000000001 189.68797671968693 0.31851119894598162 0.7501204755312324 34.500000000000007 0.19050000000000003 78.500000000000014 13.587052635524239 8558.5000000000018 -0.72947329433276231 0.80833333333333346 137.50000000000003 0.044500000000000005 7.3750000000000009 6.8500000000000005 0.93950000000000011
decision_type=2 2 2 2 2 2 2 2 2 2 2 2 2 2 2 2 2 2 2 2 2 2 2 2 2 2 2 2 2 2
left_child=1 2 19 21 8 -4 13 -7 9 10 12 -12 -5 -2 15 16 -15 -6 -19 28 27 22 23 -3 29 -24 -27 -11 -1 -23
right_child=6 3 5 4 17 7 -8 -9 -10 20 11 -13 -14 14 -16 -17 -18 18 -20 -21 -22 24 25 -25 -26 26 -28 -29 -30 -31
leaf_value=-0.010881293045889875 -0.014218312864532505 -0.0125896870307246 -0.024793482085603741 -0.017033913985778158 0.0029177869117113561 0.015235955606165938 0.027921162495239387 -0.019648949000198423 -0.019762244169644685 0.029561420305526262 0.0045065616183486874 0.050959946353693004 0.035633304097224559 0.0087601709984427966 -0.016794368433321476 0.027535765176475702 -0.010022944542845488 0.021430341274462219 -0.012280871410869972 -0.0039412698051699401 -0.017411097699080457 -0.023175043460488248 0.039805482028214038 0.011232986542253109 0.030966957324210342 -0.024109643287724476 0.025391068908409187 -0.029483646284707187 0.049078264753949004 0.0028958933388623423
leaf_weight=5.1649256311357048 39.801796287298203 56.048393309116364 208.00145279429853 32.403579272329807 665.62720559351146 36.638631775975227 57.602560237050056 40.819505356252193 177.08997638896108 14.047384563833477 19.623118849471211 16.5474265627563 7.8743748702108851 628.30804631114006 28.551665261387825 45.330119922757149 54.852824315428734 22.774310950189829 161.14387560449541 33.622051551938057 137.9558128118515 37.267879327759147 30.737034803256392 239.01690043136477 9.7759181261062604 10.220215294510128 19.773338444530964 5.0341482236981383 13.721273597329853 46.03070929273963
leaf_count=56 193 466 7671 349 4329 283 812 376 2304 165 210 100 64 3149 148 363 271 130 1170 314 1561 317 201 1461 56 67 103 87 97 309
internal_value=0.000166882 -0.0030783 -0.0144886 -0.000814662 -0.00354782 -0.018956 0.00793572 -0.00316409 -0.0119967 -0.00604759 0.00948224 0.0265575 -0.00612362 0.00645782 0.0075622 0.00853852 0.00723958 0.000544709 -0.00801315 0.00969864 -0.0136199 0.00684901 0.0098043 0.00668057 -0.0044323 0.0246272 0.00829017 0.0132915 0.0329581 -0.00890482
internal_weight=2901.41 2046.96 337.968 1708.99 1260.12 285.46 854.447 77.4581 410.576 233.486 76.4485 36.1705 40.278 796.844 757.043 728.491 683.161 849.545 183.918 52.5083 157.037 448.87 355.796 295.065 93.0745 60.7306 29.9936 19.0815 18.8862 83.2986
internal_count=27182 22246 8797 13449 10469 8330 4936 659 4840 2536 723 310 413 4124 3931 3783 3420 5629 1300 467 1813 2980 2298 1927 682 371 170 252 153 626
is_linear=0
shrinkage=0.03


Tree=92
num_leaves=31
num_cat=0
split_feature=35 36 33 34 22 29 25 49 37 21 3 47 36 22 20 47 46 15 7 21 2 29 20 36 23 29 3 26 21 25
split_gain=77.9248 47.8524 33.4936 31.1747 28.2923 25.4504 23.6868 20.9797 20.297 21.9996 37.7868 23.5186 22.4833 20.1727 18.8114 18.4874 23.3802 20.1173 19.7254 18.1381 17.4768 16.9128 16.843 20.5026 19.9298 19.0832 16.2231 16.0356 20.3493 18.2815
threshold=131.00386538286173 0.021408749999999952 195.8422620608242 156.38946644830449 6.291666666666667 0.79900000000000015 -0.4124860612920454 80.500000000000014 29.000000000000004 0.7501204755312324 175.50000000000003 98.000000000000014 0.33822499999999994 8.3750000000000018 46.123076923076937 110.50000000000001 96.000000000000014 2948.5000000000005 -0.074999999999999942 0.93866780261644267 101.50000000000001 1.1875000000000002 38.5346153846154 0.11189249999999991 0.34178139340842723 1.6865000000000003 116.50000000000001 0.38268343236508995 -1.1675877467333882 -0.60876142900872077
decision_type=2 2 2 2 2 2 2 2 2 2 2 2 2 2 2 2 2 2 2 2 2 2 2 2 2 2 2 2 2 2
left_child=21 3 4 6 14 -6 -2 -5 -7 12 11 -11 20 -13 15 18 -17 27 -3 -12 -10 -1 23 -22 -24 -25 -23 28 -18 -30
right_child=1 2 -4 7 5 8 -8 -9 9 10 19 13 -14 -15 -16 16 17 -19 -20 -21 22 26 24 25 -26 -27 -28 -29 29 -31
leaf_value=-0.019736048615937255 0.00089672065018367257 0.0085907342904673004 0.023662860540640498 -0.0085386899126089523 -0.023112309036525273 0.017717483069950361 -0.016742247497129603 0.0089132898595150559 -0.022888798809951323 0.025886490632407905 -0.0155077842223812 -0.024495130661390141 0.0082406194915140112 0.018477092968959 -0.0055630926311032959 -0.026432535741505218 0.025978636362541462 0.043007676100754996 0.025189492552086891 0.021954726926266124 0.013025355159708988 0.036287999991430377 -0.0099536792568140839 -0.00040046884447604233 0.040096925746671452 -0.04513546873817547 -0.0087107523607881931 0.015680884198528734 -0.013304811444667695 0.0039225402082182408
leaf_weight=201.58701934851706 94.634339304640889 173.01639956608415 72.053663082420826 102.07580110244453 40.7077232375741 59.075031332671642 246.34586731530726 154.62709291279316 32.393270794302225 9.5404385477304441 15.402722310274838 118.92176813259721 313.18130948022008 9.992860443890093 92.769222378730774 19.301085155457258 28.637996062636375 12.206000179052351 103.35197451710701 40.098852150142193 125.57410421967506 8.4836029950529319 170.17322047613561 190.12298475578427 6.4997923560440531 7.9889042526483527 29.123235709965229 103.31879038736224 70.979192391037941 240.26309145241976
leaf_count=5453 868 986 883 756 468 338 5477 1147 267 73 89 759 1677 55 625 169 158 59 604 235 797 62 1265 1077 38 34 521 527 515 1312
internal_value=5.74852e-05 0.00153823 0.00371065 -0.00592693 0.0029743 -0.00010969 -0.0118585 0.00196745 0.000762607 -0.000216677 -0.0093025 -0.017651 0.00187506 -0.0210475 0.00713465 0.00870833 0.00509939 0.00649077 0.0148665 0.0114677 -0.0018754 -0.0163057 -0.000472055 0.00359244 -0.00789701 -0.00242204 0.00211737 0.00539051 0.00222556 -3.62072e-05
internal_weight=2892.45 2653.25 2055.57 597.683 1983.52 1139.67 340.98 256.703 1098.97 1039.89 193.957 138.455 845.934 128.915 843.844 751.075 474.706 455.405 276.368 55.5016 532.752 239.194 500.359 323.686 176.673 198.112 37.6068 443.199 339.88 311.242
internal_count=27294 21258 13010 8248 12127 7172 6345 1903 6704 6366 1211 887 5155 814 4955 4330 2740 2571 1590 324 3478 6036 3211 1908 1303 1111 583 2512 1985 1827
is_linear=0
shrinkage=0.03


Tree=93
num_leaves=31
num_cat=0
split_feature=35 15 26 35 12 6 4 5 23 2 18 56 23 31 29 23 21 26 26 31 21 18 30 15 12 28 7 26 39 15
split_gain=67.6091 39.8956 36.9084 35.9064 32.9313 25.6227 27.8369 19.9803 19.5808 17.1823 17.5524 16.9695 22.8468 16.8347 16.1767 15.9801 15.6872 17.9511 20.5013 18.5449 17.0385 15.8185 14.7505 14.3701 13.9222 32.3047 19.941 17.3932 15.4409 14.0189
threshold=156.88584598880672 117.50000000000001 0.097964660725097366 210.7355997599177 35.500000000000007 1.1500000000000001 4.5642085303422038 0.70000000000000007 0.23154623154623152 178.50000000000003 72.357142857142875 1.0000000180025095e-35 0.19900990099009905 0.072500000000000009 0.83000000000000007 0.33105022831050229 -1.6096915127218898 0.29012925520284133 -0.19509032201612822 0.052500000000000005 -1.6877520426868824 66.500000000000014 76.700000000000017 747.50000000000011 64.500000000000014 0.0060900000000000008 0.25833333333333336 0.52778511650980109 88.90000000000002 820.50000000000011
decision_type=2 2 2 2 2 2 2 2 2 2 2 2 2 2 2 2 2 2 2 2 2 2 2 2 2 2 2 2 2 2
left_child=1 2 8 5 7 6 15 14 11 10 13 -1 -13 23 -3 -2 20 18 -18 -19 -16 -21 -9 -8 26 -26 27 -12 29 -29
right_child=3 4 -4 -5 -6 -7 9 22 -10 -11 24 12 -14 -15 16 -17 17 19 -20 21 -22 -23 -24 -25 25 -27 -28 28 -30 -31
leaf_value=-0.0076587679064394005 0.014970599548107045 -0.012828385750722213 -0.029376698459906994 0.020352000211630788 -0.02483823109760781 0.024081591278735388 -0.010891425571004955 -0.019955680452869176 -0.017483812563184434 0.032783824957084561 0.00083546268708231067 -0.0046858489880750543 0.058425943282280124 0.00057646352539755363 0.0066806583256023922 -0.02138756160592983 -0.0017828474576154845 0.022739831837053633 -0.018048374694819229 0.020014583347216269 0.060559075585231548 -0.0082423310216559326 0.023530308248754978 0.0046923674840183656 0.023323754267496048 -0.024368180385894389 0.0204663816243538 0.010922407353118771 0.026831209841393495 -0.034640954067147137
leaf_weight=19.513099255040288 167.41646383889019 127.6320652384311 116.38313145935535 101.22511845082045 59.988858563825488 45.329575810581446 288.21767085231841 7.6270657498389474 39.505946895107627 13.408371090888975 497.35760585404932 8.9323206357657927 10.798395894467829 484.34355599433184 20.715109886601571 10.769137581810353 327.78042863681912 45.256695369258523 87.68460108153522 23.360985640436411 6.2359197065234175 65.518886156380177 41.129997815936804 64.671547308564186 17.242657635360956 42.232832863926888 63.762444835156202 23.021741714328531 46.242958307266235 7.1362279579043379
leaf_count=278 984 1998 5639 1154 1390 290 2113 72 690 57 2628 109 127 3245 126 65 2435 236 996 174 46 433 287 380 103 301 363 151 309 37
internal_value=-0.000309229 -0.00656946 -0.0187161 0.0030629 -0.00363441 0.00206387 0.00147195 -0.00191434 -0.00279013 0.000175777 -0.000130369 0.0120686 0.0310067 -0.0030565 -0.00320834 0.0126661 -0.00106022 -0.00217145 -0.00525081 0.00733461 0.0208676 -0.000675298 0.0164634 -0.0080303 0.00338384 -0.0103847 0.00468258 0.00289595 0.0161253 -0.000624927
internal_weight=2880.44 1008.06 195.133 1872.38 812.931 1771.15 1725.82 752.942 78.7498 1547.64 1534.23 39.2438 19.7307 837.233 704.185 178.186 576.553 549.602 415.465 134.137 26.951 88.8799 48.7571 352.889 696.996 59.4755 637.521 573.759 76.4009 30.158
internal_count=27216 15036 6843 12180 8193 11026 10736 6803 1204 9687 9630 514 236 5738 6444 1049 4446 4274 3431 843 172 607 359 2493 3892 404 3488 3125 497 188
is_linear=0
shrinkage=0.03


Tree=94
num_leaves=31
num_cat=0
split_feature=35 6 35 18 4 14 46 1 36 23 49 2 25 19 24 21 21 49 2 6 24 19 17 39 23 50 55 18 2 24
split_gain=70.2766 41.5779 37.4373 29.3813 21.1954 22.9415 26.7757 22.2597 25.9622 23.3383 21.0067 20.6579 21.1722 18.7258 18.382 17.8766 24.0847 26.7937 25.0776 21.6521 17.7378 17.5509 17.4703 17.2454 17.0441 16.9842 15.9857 15.6988 16.8548 14.6085
threshold=131.00386538286173 1.0833333333333337 212.60622832896493 72.214285714285737 6.4049980289138277 413.50000000000006 131.50000000000003 182.78571428571431 0.021408749999999952 0.26944684528954194 82.500000000000014 161.50000000000003 -0.22695468355932447 -1.285714285714288 0.20722186076772933 0.78012575346594215 0.63945332146274803 113.50000000000001 97.500000000000014 0.2166666666666667 0.19526212503504348 -1.0000000180025095e-35 5633.0000000000009 89.050000000000011 0.22996794871794868 154.00000000000003 1.0000000180025095e-35 62.357142857142868 98.500000000000014 0.21563498982853821
decision_type=2 2 2 2 2 2 2 2 2 2 2 2 2 2 2 2 2 2 2 2 2 2 2 2 2 2 2 2 2 2
left_child=-1 2 3 4 10 7 25 8 -6 13 21 12 14 -10 22 16 17 18 26 -20 -14 -2 -12 29 -24 -7 -5 -23 -29 -16
right_child=1 -3 -4 15 5 6 -8 -9 9 -11 11 -13 20 -15 23 -17 -18 -19 19 -21 -22 27 24 -25 -26 -27 -28 28 -30 -31
leaf_value=-0.01567371766428402 -0.0055551603014153189 0.024621884296407763 0.0200768732271067 -0.032064538623659183 -0.016966698559115034 -0.0062880271924321742 0.02737102513319481 0.012057661001585262 0.039419756303310252 -0.014211359157599961 0.018596737835831895 0.025696948621488993 0.0019933867463547902 -0.0014545100030470481 0.028078973416424319 -0.0053317953039850553 0.02416028822813392 -0.015193097061278023 0.0047291832402795338 0.018753314621808161 -0.015853132967061215 0.044243884770648147 -0.028306828810301062 0.044438246730879365 0.0040737684139940935 0.035722378480838507 0.0082776063490330367 -0.032742921879641694 0.01577270858565874 -0.013347499623473603
leaf_weight=233.80969334580004 40.619463380426168 66.929388046264648 86.931293159723282 24.066790973767638 234.88914320245385 90.062968257814646 36.766295365989208 48.278063252568245 9.4242253676056844 157.34689139947295 23.752079047262669 22.041022326797247 78.512658204883337 311.27040165103972 13.631833191961052 158.04025262780488 57.766628004610538 58.191918907687068 626.1410630363971 117.01872219517827 136.62804528698325 15.763423649594186 27.103800360113382 16.694649733603001 30.060481425374746 8.5751383081078512 13.12380309216678 5.9904379155486813 93.971955042332411 15.187452949583529
leaf_count=6029 512 488 999 191 4022 709 193 221 77 1155 145 135 823 2027 96 972 339 405 3762 713 1556 168 180 104 185 53 83 60 624 92
internal_value=5.05565e-05 0.00145668 0.000841144 0.000156549 -0.002665 -0.0054573 0.00588795 -0.00748048 -0.00881859 -0.0047879 0.00215127 -0.00180695 -0.00365157 -0.000134538 0.00606148 0.00394637 0.00558645 0.00427966 0.00574936 0.00695967 -0.0093612 0.0113099 -0.00254758 0.0210927 -0.0115018 -0.00231397 -0.0179846 0.0172263 0.0125698 0.00653218
internal_weight=2858.59 2624.78 2557.85 2470.92 1416.57 896.613 135.404 761.209 712.931 478.042 519.957 363.612 341.571 320.695 126.43 1054.35 896.309 838.542 780.35 743.16 215.141 156.345 80.9164 45.5139 57.1643 98.6381 37.1906 115.726 99.9624 28.8193
internal_count=27118 21089 20601 19602 13137 8457 955 7502 7281 3259 4680 3316 3181 2104 802 6465 5493 5154 4749 4475 2379 1364 510 292 365 762 274 852 684 188
is_linear=0
shrinkage=0.03


Tree=95
num_leaves=31
num_cat=0
split_feature=35 33 5 18 1 14 4 22 26 28 46 22 24 21 10 4 35 22 22 3 30 22 17 30 10 24 17 37 45 30
split_gain=71.593 46.3638 32.6239 30.7328 20.0744 22.1552 19 23.8929 17.447 29.5125 24.5119 22.2037 17.5192 17.2833 20.1145 16.7277 19.898 20.4497 15.695 17.7814 22.9578 14.4674 14.4339 14.0897 13.6813 12.5036 12.4339 15.2588 13.7362 12.5904
threshold=133.00071365887683 205.60855771946493 1.3 71.357142857142875 183.35714285714289 78.500000000000014 17.450226346013675 6.6250000000000009 0.16280825711809024 0.0073900000000000016 146.00000000000003 5.291666666666667 0.18533094812164577 -1.8147435817652378 182.50000000000003 6.4049980289138277 172.51009944370512 8.0416666666666696 5.4583333333333348 118.50000000000001 77.700000000000017 5.4583333333333348 4072.5000000000005 73.700000000000017 87.500000000000014 0.21466973886328722 4870.5000000000009 56.500000000000007 7.6500000000000012 80.700000000000017
decision_type=2 2 2 2 2 2 2 2 2 2 2 2 2 2 2 2 2 2 2 2 2 2 2 2 2 2 2 2 2 2
left_child=18 2 3 4 5 8 7 -5 9 25 -10 -11 -12 -9 26 -7 21 -18 19 20 -1 -17 -21 -23 -8 -2 27 -15 29 -28
right_child=1 -3 -4 6 -6 15 24 13 10 11 12 -13 -14 14 -16 16 17 -19 -20 22 -22 23 -24 -25 -26 -27 28 -29 -30 -31
leaf_value=-0.022720026408959332 -0.01350688147390294 0.028475425332302146 0.021611462926600326 0.0087501577311109389 0.016346036460876002 0.0038008169215036514 0.015571991122063551 0.031628674341479424 -0.023094704183288944 0.060655531385155434 0.029558132697995843 -0.0014709969089346307 -0.010367461125403607 -0.030338838949181927 0.0023048793844049563 -0.00019257449733435189 0.0054823167801298532 -0.027643420112913993 -0.019534520114349956 -0.022832812323189698 0.049531619142596697 0.030282366179012588 0.0095600918819745053 -0.013881844300698228 -0.010694110610384135 0.012641650607771835 0.0066000440964101284 0.012852233509904972 0.029353276140206885 -0.021870100422156511
leaf_weight=5.4130387958139172 87.23668148368597 53.611945834010839 63.448686137795448 597.27457688190043 44.272225901484489 324.69315200857818 19.981427421793342 13.847445636987684 137.16607718169689 9.6402508560568112 13.739126069471238 9.9943260587751848 29.11832588352263 42.104638699442148 351.83403147011995 120.39855064079165 195.47548040002584 17.345704138278961 196.03447989933193 33.111175013706088 10.112513141706584 5.7606895305216304 18.722336642444134 252.07438630238175 121.63560296967626 19.397094490006566 25.005555529147387 8.2899217903614026 8.9259870126843435 29.691118091344833
leaf_count=121 886 812 424 3624 203 1973 120 85 3671 82 114 126 304 343 2043 856 988 87 5168 940 141 45 225 2271 822 168 207 63 53 240
internal_value=-0.000385928 0.00112501 0.00053867 -7.87329e-06 -0.00327945 -0.00400323 0.00339173 0.00475084 -0.010974 -0.00239441 -0.0169453 0.0304934 0.0028139 -0.000236579 -0.0012495 -0.00166227 -0.00466475 0.00266579 -0.0152597 -0.00271493 0.0244903 -0.00878558 -0.011173 -0.0127819 -0.0069049 -0.0086771 -0.0121423 -0.0231221 -0.00322209 -0.00896966
internal_weight=2865.36 2601.96 2548.35 2484.9 1266.31 1222.04 1218.59 1076.97 306.292 126.268 180.024 19.6346 42.8575 479.699 465.851 915.748 591.055 212.821 263.394 67.3591 15.5256 378.234 51.8335 257.835 141.617 106.634 114.017 50.3946 63.6227 54.6967
internal_count=27205 20610 19798 19374 11774 11571 7600 6658 5351 1262 4089 208 418 3034 2949 6220 4247 1075 6595 1427 262 3172 1165 2316 942 1054 906 406 500 447
is_linear=0
shrinkage=0.03


Tree=96
num_leaves=31
num_cat=0
split_feature=35 35 5 22 36 46 29 24 22 31 16 23 16 2 2 33 15 29 5 20 29 25 50 24 2 34 4 23 6 4
split_gain=65.5866 43.6966 35.7743 30.7363 25.8048 29.4604 20.7976 18.3916 17.431 19.2388 16.243 22.19 17.8558 15.4427 20.0575 15.2344 13.7628 18.0391 13.4948 12.9984 12.9102 12.8161 19.2284 12.9912 12.6112 12.3346 12.2919 15.5825 12.1566 16.7294
threshold=131.00386538286173 214.69028798354461 1.3 5.6250000000000009 0.33822499999999994 130.50000000000003 1.0450000000000002 0.21563498982853821 7.791666666666667 0.014500000000000001 1723.5000000000002 0.29249530956848036 1779.5000000000002 151.50000000000003 104.50000000000001 178.75538757517219 338.50000000000006 1.0350000000000001 0.70000000000000007 30.530769230769238 1.7445000000000002 -0.22695468355932447 139.50000000000003 0.20431354359925788 102.50000000000001 153.44848894822573 4.4739243945790221 0.2137002341920374 0.24999999999999997 19.879839030254463
decision_type=2 2 2 2 2 2 2 2 2 2 2 2 2 2 2 2 2 2 2 2 2 2 2 2 2 2 2 2 2 2
left_child=16 2 3 28 5 6 19 13 10 -10 11 26 -12 14 -8 -15 -1 18 -18 24 -3 22 23 -16 -5 -9 -7 -28 29 -2
right_child=1 20 -4 4 -6 8 7 25 9 -11 12 -13 -14 15 21 -17 17 -19 -20 -21 -22 -23 -24 -25 -26 -27 27 -29 -30 -31
leaf_value=-0.02537988124303573 0.004810907866797995 0.026392895145427822 0.021910309167135943 -0.029981259520285023 0.0036487385470693689 0.025307211963582148 -0.023851948323326683 -0.00030550543644022616 -0.032374657857650646 -0.0019230638642744671 0.058533470582740867 -0.011838480775624811 0.010824196686830139 -0.020675489509881528 0.0049614114667010127 0.018400729421892578 -0.019907767970134545 0.0051873625489937524 0.027065604444768288 -0.016153434862266336 -0.015775420357091244 -0.0068246587968709338 -0.0082389112877291164 0.029944390867165695 0.017500916676097943 0.02205750341187173 -0.0087010319460135727 0.008816785196936806 0.014619165326215633 -0.01617370541101941
leaf_weight=81.808709228411317 566.18140786513686 73.94991672411561 67.395515989512205 5.6855342052876976 489.5969868991524 26.900608360767365 37.605138842016459 63.726324019953609 24.180841609835625 72.792769469320774 8.5477716103196126 76.178298944607377 29.672221917659044 93.286125995218754 44.939299836754799 9.1550469771027547 92.426437778398395 47.416131667792797 4.9998642131686202 271.17053018137813 6.5074579343199721 144.09630359522998 49.587279170751572 31.738105081021786 19.646558821201324 33.040519297122955 61.206109685823321 172.04838578775525 104.14804630540311 35.417594611644745
leaf_count=3342 4289 973 448 63 2641 238 250 612 231 614 46 600 164 835 293 40 2176 410 86 3307 49 1640 327 203 181 200 476 1424 724 260
internal_value=-0.000140162 0.00120224 0.000507859 -8.46196e-05 -0.00220068 -0.00444759 -0.00793692 -0.00423291 0.00150388 -0.00976926 0.00444079 0.00230302 0.0227146 -0.00700554 -0.00362363 -0.0170392 -0.0155854 -0.00991735 -0.0172466 -0.0142372 0.0228305 -0.000732495 0.00621903 0.0155547 0.00611015 0.00747774 0.00647339 0.00420258 0.00520246 0.0035507
internal_weight=2845.05 2618.4 2537.94 2470.55 1764.8 1275.2 803.677 507.174 471.527 96.9736 374.553 336.333 38.22 410.407 307.966 102.441 226.651 144.842 97.4263 296.503 80.4574 270.361 126.265 76.6774 25.3321 96.7668 260.155 233.254 705.747 601.599
internal_count=27142 21128 20106 19658 14385 11744 7951 4400 3793 845 2948 2738 210 3588 2713 875 6014 2672 2262 3551 1022 2463 823 496 244 812 2138 1900 5273 4549
is_linear=0
shrinkage=0.03


Tree=97
num_leaves=31
num_cat=0
split_feature=35 14 22 34 6 26 26 30 25 25 31 25 26 21 46 25 21 22 47 27 22 21 31 31 6 25 49 21 42 26
split_gain=69.1337 43.8606 30.3529 29.2462 25.0185 24.5405 23.0392 26.9753 20.9215 30.2035 20.8214 19.9903 34.0391 28.8576 28.3136 27.0242 22.7917 24.0092 29.5183 22.4822 26.8491 25.4301 21.8944 20.9842 20.6996 18.1675 18.0768 21.4909 17.3956 17.2585
threshold=154.79732859408958 101.50000000000001 6.7083333333333348 208.37556923557196 1.1500000000000001 0.16280825711809024 0.29012925520284133 77.700000000000017 -0.68322629814330804 0.097964660725097311 0.16350000000000001 -0.065403129230143187 -0.84874750804349175 0.017266905808210654 96.000000000000014 0.68322629814330826 -0.85373845625177858 7.041666666666667 136.50000000000003 135.00000000000003 6.4583333333333348 -0.081029202328514946 0.067500000000000018 0.072500000000000009 0.31666666666666671 -0.19509032201612828 104.50000000000001 -0.075682396154792927 1.0000000180025095e-35 -0.29012925520284111
decision_type=2 2 2 2 2 2 2 2 2 2 2 2 2 2 2 2 2 2 2 2 2 2 2 2 2 2 2 2 2 2
left_child=1 5 6 4 11 -1 8 -8 -3 -10 -4 12 14 15 -2 23 17 29 -19 20 24 -22 -23 -13 -14 -16 27 -18 -9 -17
right_child=3 2 10 -5 -6 -7 7 28 9 -11 -12 13 19 -15 25 16 26 18 -20 -21 21 22 -24 -25 -26 -27 -28 -29 -30 -31
leaf_value=-0.007149372911525639 -0.023207734912704395 -0.015915649353530542 -0.013135116287150731 0.029012269149948172 0.024329500722385853 -0.030001723335750328 -0.011485215767715417 0.036761267265999466 0.016386435923770142 -0.0055899395887327921 0.017385458961915921 -0.013455527264434714 -0.0024208463170993012 -0.0062509914051374401 0.025334800168490636 0.023092559825943625 0.028413242253686074 0.002970719507770656 -0.052675557189161372 0.0059843154207050555 -0.0035012332936992315 -0.01091346863682509 -0.050682589801559444 0.0066792991817354371 0.024738179101135439 0.007378236588986696 -0.0081345652650704463 -0.0020278601721612625 0.0089158017825147883 -0.0052864594940493235
leaf_weight=74.521085418760777 15.193156337365506 79.080120822414756 277.88506525196135 37.788083221763372 45.922368429601192 99.272226544097066 28.793435458093882 37.356317792087793 83.067451162263751 169.36189870163798 20.830389764159918 101.13028563000262 110.09422470629215 464.85436033643782 126.34456415474415 39.6801962479949 103.36747596971691 20.359246306121349 13.703614536672829 458.09165823273361 68.839653698727489 25.061155760660768 25.231350965797901 84.805080454796553 31.720535699278116 86.102971345186234 19.718546252697706 25.93092617765069 44.461811684072018 36.09059539809823
leaf_count=1404 93 1077 3542 613 325 5223 241 266 590 1494 171 760 683 3274 798 208 681 131 89 2599 470 173 197 647 191 474 141 170 267 290
internal_value=1.49986e-05 -0.00678006 -0.00358537 0.00322038 0.00269305 -0.0202998 0.00140796 0.0131991 -0.00255413 0.00167799 -0.0109559 0.00214499 0.00519432 -0.00103072 0.0152777 0.00442686 0.0106774 0.000291095 -0.0202798 0.00198522 -0.00503121 -0.0154698 -0.0314644 -0.00428543 0.00378465 0.0181258 0.0182797 0.0223395 0.0219198 0.00968248
internal_weight=2854.66 914.63 740.836 1940.03 1902.24 173.793 442.121 110.612 331.509 252.429 298.715 1856.32 946.679 909.64 227.641 444.786 258.851 109.834 34.0629 719.039 260.947 119.132 50.2925 185.935 141.815 212.448 149.017 129.298 81.8181 75.7708
internal_count=27282 14275 7648 13007 12394 6627 3935 774 3161 2084 3713 12069 5678 6391 1365 3117 1710 718 220 4313 1714 840 370 1407 874 1272 992 851 533 498
is_linear=0
shrinkage=0.03


Tree=98
num_leaves=31
num_cat=0
split_feature=27 25 25 20 26 1 25 25 26 49 23 21 37 27 31 24 37 21 20 50 21 21 23 40 24 46 13 36 23 32
split_gain=52.5392 56.4111 70.8161 43.6837 35.4068 56.618 48.6189 38.9114 28.6596 26.2449 46.9649 28.8846 43.1009 25.2154 23.9156 23.5242 22.1509 27.0762 19.9314 19.7437 20.5627 24.416 21.1668 19.6521 19.6456 25.5061 19.3918 19.2862 18.5642 18.4853
threshold=105.50000000000001 -0.16280825711808972 -0.77259657388510627 35.242307692307705 -0.065403129230143228 175.21428571428575 0.63405362205439475 0.16280825711808983 0.38268343236508995 83.500000000000014 0.30358412743564217 0.78012575346594215 29.000000000000004 142.50000000000003 0.060500000000000005 0.21680376028202111 55.500000000000007 0.11880296658214107 31.503846153846158 136.00000000000003 0.59893173922203446 -1.312672233882221 0.22713159780272266 6.6500000000000012 0.18533094812164577 146.00000000000003 24.028622121555308 0.19053375000000003 0.25384979862591805 0.19050000000000003
decision_type=2 2 2 2 2 2 2 2 2 2 2 2 2 2 2 2 2 2 2 2 2 2 2 2 2 2 2 2 2 2
left_child=29 2 8 -4 6 24 7 14 19 15 11 -11 -13 16 -3 -8 23 -18 27 -2 21 22 -21 -5 25 -6 -9 -10 -22 -1
right_child=1 4 3 13 5 -7 9 26 18 10 -12 12 -14 -15 -16 -17 17 -19 -20 20 28 -23 -24 -25 -26 -27 -28 -29 -30 -31
leaf_value=-0.029559152447848094 0.00015693065425661807 -0.011894065821675428 0.026214237486258785 0.01209498979167067 -0.018254553351942596 0.0080101415045661303 0.0086319692176032546 -0.023795715780975307 0.025384393255047637 0.0078047111397292349 -0.03025807641008545 0.031152468545966532 -0.02983358154941225 0.021654837857582005 0.0066038654799682062 0.034787297581867535 0.028094359843672031 -0.038818303145833753 0.010029426492418088 -0.020978936326851768 -0.014341255459902896 -0.024045129392985302 0.050845295029190198 -0.0050571152028954878 -0.022596505655312984 0.027206369591290053 0.0025774029646521875 -0.02313082406922936 0.020992001836416873 -0.0088806032483528131
leaf_weight=56.780071752145886 225.64931037649512 102.77557425573468 173.08580177649856 178.95181440189481 27.716136762872338 98.772796781733632 238.17251919209957 139.46285091713071 8.6034367419779283 264.41629347205162 40.513344265520573 12.737996511161326 43.455107755959034 92.655216757208109 158.72496308758855 34.829052597284317 6.5395725704729584 19.974359985440969 238.71854329481721 6.0997429154813272 26.727567413821816 114.20202701166272 6.9602599889039993 89.592504091560841 206.89555453695357 17.114207204431295 30.32568433880806 32.011035069823265 24.891105767339468 123.52639204636216
leaf_count=1557 1679 533 1221 1126 869 556 1342 1445 47 1584 254 69 292 672 903 196 42 119 1281 58 243 1006 43 671 6091 152 242 157 191 2653
internal_value=0.000106404 0.00117081 0.00582762 0.0137195 -0.002924 -0.0111804 -0.000199885 -0.00796038 -0.000654701 0.00508251 -0.000228925 0.00364795 -0.0157061 0.00808847 -0.000683851 0.0120836 0.00376956 -0.0218933 0.00672216 -0.00575253 -0.0131665 -0.0196025 0.0181932 0.00637512 -0.0187123 -0.000684665 -0.0190977 -0.0124907 0.00277198 -0.0155196
internal_weight=2840.88 2660.57 1244.66 560.799 1415.91 350.499 1065.41 431.289 683.863 634.124 361.123 320.609 56.1931 387.713 261.501 273.002 295.058 26.5139 279.333 404.53 178.881 127.262 13.06 268.544 251.726 44.8303 169.789 40.6145 51.6187 180.306
internal_count=27294 23084 8556 3851 14528 7668 6860 3123 4705 3737 2199 1945 361 2630 1436 1538 1958 161 1485 3220 1541 1107 101 1797 7112 1021 1687 204 434 4210
is_linear=0
shrinkage=0.03


Tree=99
num_leaves=31
num_cat=0
split_feature=35 5 25 25 22 29 25 50 2 20 23 29 31 1 25 17 50 23 37 20 15 20 31 23 36 46 24 46 49 22
split_gain=58.3689 41.228 29.5665 43.8985 38.9506 37.0862 42.4298 32.3762 31.491 25.5993 29.1807 28.3762 25.1534 24.9324 24.1929 21.9308 21.127 20.3075 19.1061 18.8888 29.101 18.608 18.5207 18.3309 17.9033 17.8112 18.629 26.5215 21.2532 18.5607
threshold=126.00106295819079 1.1666666666666667 -1.0000000180025095e-35 0.63405362205439475 8.0416666666666696 0.83000000000000007 -0.72947329433276231 122.00000000000001 102.50000000000001 49.626923076923084 0.20101010101010103 0.93950000000000011 0.096500000000000016 171.07142857142858 -0.22695468355932447 8255.5000000000018 136.00000000000003 0.29249530956848036 49.500000000000007 42.87307692307693 829.50000000000011 35.60384615384617 0.088500000000000009 0.23745594898472897 0.19053375000000003 160.50000000000003 0.21563498982853821 121.50000000000001 83.500000000000014 7.041666666666667
decision_type=2 2 2 2 2 2 2 2 2 2 2 2 2 2 2 2 2 2 2 2 2 2 2 2 2 2 2 2 2 2
left_child=-1 2 4 13 5 -2 16 12 -8 17 11 -11 -6 -4 15 -10 -7 25 -16 -18 24 -9 -20 -23 -21 26 29 -28 -29 -5
right_child=1 -3 3 9 7 6 8 21 14 10 -12 -13 -14 -15 18 -17 19 -19 22 20 -22 23 -24 -25 -26 -27 27 28 -30 -31
leaf_value=-0.017188853295532311 -0.008924428046770988 0.020593379852881382 -0.015722839002116407 0.0073032861665631114 0.049592922785763834 0.0071241238648488067 -0.0072760047241394038 0.00049429605824909389 0.028013317152530737 0.054574174210956221 -0.015385539963050933 -0.0025346582961763417 -0.008034998554302758 -0.00024322347565404565 0.017269174885886519 0.010069260628516038 -0.0073305035019650766 -0.0075702512315229224 -0.014719322208924208 -0.02199839152483226 0.069903408599857941 -0.0098353410372280358 0.015716230779668598 -0.043880614227502245 0.018598415760791624 0.030319657945538907 0.042733694718580122 0.029095094911442292 -0.011336411747932635 -0.0063514095495250484
leaf_weight=154.59153196588159 141.62767566740513 99.194156939163804 269.75433335267007 290.78988653607666 10.418375631794335 346.56361331604421 55.214373836293817 23.786120094358921 183.10909634083509 10.271168997511266 129.32880212180316 25.382562348619103 16.344084896147251 143.20864119753242 80.041818760335445 94.294991375878453 236.70033776015043 103.96730691194534 48.316164523363113 14.622517600655554 6.0100543275475493 24.093042371794581 27.367547919973731 36.50968879647553 25.179640207439661 26.730516780167818 26.633534139022231 18.952354872599244 27.399049079045653 128.39920093491673
leaf_count=4660 1473 804 3823 2237 74 2151 401 174 1226 101 2246 393 117 932 522 641 1567 787 276 135 38 166 165 324 157 142 182 146 197 1028
internal_value=0.000673276 0.00171345 0.000977306 -0.00245817 0.00398769 0.00549305 0.00732674 -0.0129609 0.0139523 0.00169591 -0.00877764 0.0149574 0.0153773 -0.0103683 0.016669 0.0219719 0.00216939 0.00447971 0.00714278 -0.00391237 0.0135276 -0.0220227 -0.00365227 -0.030725 0.00351034 0.00690395 0.00557331 0.0194561 0.00546071 0.00311564
internal_weight=2824.8 2670.21 2571.02 1200.82 1370.2 1259.05 1117.42 111.151 488.344 787.854 164.983 35.6537 26.7625 412.963 433.13 277.404 629.076 622.872 155.726 282.513 45.8122 84.3889 75.6837 60.6027 39.8022 518.905 492.174 72.9849 46.3514 419.189
internal_count=27285 22625 21821 12214 9607 8752 7279 855 3231 7459 2740 494 191 4755 2830 1867 4048 4719 963 1897 330 664 441 490 292 3932 3790 525 343 3265
is_linear=0
shrinkage=0.03


Tree=100
num_leaves=31
num_cat=0
split_feature=35 6 25 25 26 26 39 11 26 2 49 21 23 29 22 40 25 2 2 23 20 30 32 26 3 22 41 21 50 22
split_gain=52.0757 42.9052 37.2915 50.73 48.4584 34.8865 36.102 31.0503 27.7659 27.1171 27.0814 30.4997 26.9874 26.6278 25.8208 25.1249 23.8475 23.2644 22.1872 20.1793 19.9341 19.6129 19.4659 21.8993 19.1615 18.8045 17.7281 18.9573 17.6411 21.0285
threshold=125.59400418832914 1.1500000000000001 -1.0000000180025095e-35 0.63405362205439475 -0.81241147629689003 0.38268343236508995 88.90000000000002 16.500000000000004 -0.13052619222005143 168.50000000000003 84.500000000000014 0.6898304285815251 0.20396764252696456 0.83000000000000007 6.541666666666667 7.5500000000000007 -0.19509032201612828 107.50000000000001 170.50000000000003 0.17316341829085458 33.503846153846162 80.700000000000017 0.19800000000000004 -0.98611507088852035 171.50000000000003 6.4583333333333348 1.0000000180025095e-35 -0.40520094743326773 122.00000000000001 6.791666666666667
decision_type=2 2 2 2 2 2 2 2 2 2 2 2 2 2 2 2 2 2 2 2 2 2 2 2 2 2 2 2 2 2
left_child=-1 2 4 18 13 7 14 24 10 19 28 15 -13 -2 -7 20 17 -15 22 -10 25 -14 -4 -24 -6 -12 27 -16 -5 -30
right_child=1 -3 3 8 5 6 -8 -9 9 -11 11 12 21 16 26 -17 -18 -19 -20 -21 -22 -23 23 -25 -26 -27 -28 -29 29 -31
leaf_value=-0.017337991875675619 -0.0097769936985093436 0.027953237577220097 -0.023224704460538294 0.024086171835190115 -0.019838210873083417 0.0067544158509455976 0.013755608913251442 0.018101298115212834 0.017005084006181562 0.016493656151165381 0.0030159164872178871 0.026467921308427057 -0.033901278475391698 0.0013882607426774448 0.0067241892295162083 0.019595134352217752 0.0073534770210499836 0.028490583339525664 0.0050633694525241257 -0.014632927302787625 0.0031582071714449326 0.0026799163349886064 0.0042041525419117933 -0.015925787875967747 -0.0045719916546964794 -0.041106997822619888 -0.0036965987173462073 -0.038326294810445485 0.014231481015703042 -0.006640831429422493
leaf_weight=143.16400266066194 40.49681594222784 51.779262255877256 140.90270851738751 74.464943829923868 96.25741351954639 153.2683410551399 257.97164951078594 43.867709953337908 19.261155536398292 35.507583267986774 15.072603940963743 10.063271816819904 49.406793540343642 35.512320328503847 10.941903322935103 66.632891222834587 162.93130872398615 145.67354483529925 59.875407099723816 185.67896386422217 137.16383552923799 17.677452899515629 74.960252244025469 135.70412314869463 313.47647620365024 19.134163241833448 92.915417358279228 31.811437994241714 121.63336997851729 66.530520264059305
leaf_count=4535 346 408 1773 418 1174 968 1636 348 332 174 92 63 313 219 109 360 874 1033 298 3792 841 102 448 2247 2163 119 694 286 662 377
internal_value=0.000224396 0.00117344 0.000632649 -0.00316839 0.00400694 0.000524072 0.00562118 -0.00562038 0.00115468 -0.0073928 0.00471841 -0.00121314 -0.0174795 0.0130422 -0.00166387 0.00411059 0.0157482 0.0232153 -0.0117475 -0.0115913 -0.00198892 -0.0243639 -0.0146169 -0.00877697 -0.008198 -0.0221316 -0.011154 -0.0269063 0.0118138 0.00685541
internal_weight=2809.74 2666.57 2614.79 1229.67 1385.12 1000.51 546.909 453.602 818.228 240.448 577.78 315.151 77.1475 384.614 288.937 238.003 344.117 181.186 411.442 204.94 171.371 67.0842 351.567 210.664 409.734 34.2068 135.669 42.7533 262.629 188.164
internal_count=27204 22669 22261 12411 9850 7378 3693 3685 7645 4298 3347 1890 478 2472 2057 1412 2126 1252 4766 4124 1052 415 4468 2695 3337 211 1089 395 1457 1039
is_linear=0
shrinkage=0.03


Tree=101
num_leaves=31
num_cat=0
split_feature=35 33 36 0 22 27 21 14 25 29 39 24 4 22 13 7 1 27 23 21 20 46 25 14 10 1 33 6 27 39
split_gain=61.1988 40.8514 30.9186 30.5968 22.2011 25.7327 27.441 21.4911 22.1363 21.3626 18.9895 28.0553 23.6987 18.6693 18.2096 18.042 17.7187 17.6182 17.6081 25.7333 17.5011 17.1592 15.9648 21.7794 17.7337 15.5402 15.35 15.3267 15.4091 15.2054
threshold=128.57648804226463 205.60855771946493 0.021408749999999952 167.50000000000003 6.2083333333333348 137.00000000000003 -1.0135141753930097 218.50000000000003 0.97335555334614954 1.2350000000000003 88.90000000000002 0.20766968880176429 6.1576618884511491 5.6250000000000009 1.3771789437259405 0.058333333333333307 119.21428571428572 139.50000000000003 0.29249530956848036 0.73475716197273266 49.626923076923084 166.50000000000003 0.95642797789208711 311.50000000000006 217.50000000000003 162.21428571428575 178.00068612435209 0.24999999999999997 167.00000000000003 103.00000000000001
decision_type=2 2 2 2 2 2 2 2 2 2 2 2 2 2 2 2 2 2 2 2 2 2 2 2 2 2 2 2 2 2
left_child=13 2 3 7 27 6 16 8 21 10 12 -12 -8 -1 25 -11 -6 20 22 -20 -10 -2 23 29 26 -9 -25 28 -4 -7
right_child=1 -3 4 -5 5 18 9 14 17 15 11 -13 -14 -15 -16 -17 -18 -19 19 -21 -22 -23 -24 24 -26 -27 -28 -29 -30 -31
leaf_value=-0.0020146160534969875 -0.027022115714078698 0.028382390134208305 0.0031652643746978453 0.0023443169940001343 0.040370712032091784 0.010599535325825856 -0.0039316087397514091 0.0089812238589727176 0.070340628930271806 -0.00053706803354233777 -0.013196739255004006 0.01746685619295513 -0.024055513647876954 -0.023155941876820289 -0.015940462808576101 0.040173738391547018 0.0037598321739791443 -0.015458444141532074 0.00048533365939765216 -0.031115484974355883 -0.0055520877359013553 0.047617151003266085 -0.0068326105439274372 -0.016361842510654818 0.0070764419092667055 -0.019714518856607435 0.016982399991914643 0.015690751134618881 0.020233004565383253 0.029807975316115856
leaf_weight=53.758755916729569 117.22693610563874 47.839094888418913 629.28370871394873 254.57336883991957 13.78714510053396 153.64838830381632 84.065966809168458 85.564558949321508 4.8435027748346346 47.645551193505526 69.367445750162005 42.433450549840927 142.06855341047049 125.60922024957836 73.787651460617781 11.325163725763558 62.217462189495564 13.563102554529904 114.83638618886471 28.05197424441576 4.8854561056941748 1.9592711776494969 75.953770058229566 61.528401978313923 202.5324302688241 20.1523975469172 14.640278697013853 129.81369546242058 50.575999420136213 48.899188384413719
leaf_count=1288 4372 807 3762 1544 102 842 687 757 109 278 458 295 1372 3987 951 66 417 379 658 169 176 9 540 389 1082 178 100 831 306 263
internal_value=3.42958e-05 0.00120306 0.000684118 -0.00542484 0.00246243 -0.000175864 -0.00557559 -0.0115557 -0.0202163 -0.00873821 -0.0116424 -0.00150686 -0.0166247 -0.0168659 -0.00460766 0.00782085 0.010839 0.00630808 0.0034744 -0.0058917 0.0352652 -0.0254092 0.00588248 0.00789926 0.00244123 0.00337759 -0.00981577 0.00628011 0.00446282 0.0153605
internal_weight=2786.44 2607.07 2559.23 576.556 1982.67 1173 472.911 321.983 142.478 396.906 337.935 111.801 226.135 179.368 179.505 58.9707 76.0046 23.2921 700.091 142.888 9.72896 119.186 557.202 481.249 278.701 105.717 76.1687 809.673 679.86 202.548
internal_count=27174 21899 21092 8475 12617 7718 3675 6931 5045 3156 2812 753 2059 5275 1886 344 519 664 4043 827 285 4381 3216 2676 1571 935 489 4899 4068 1105
is_linear=0
shrinkage=0.03


Tree=102
num_leaves=31
num_cat=0
split_feature=35 33 20 12 5 37 23 4 36 43 49 40 39 24 31 35 35 3 22 20 39 18 26 29 0 29 36 26 16 22
split_gain=50.3294 39.2614 40.0051 39.4239 24.0565 23.4592 32.1108 21.5806 20.9428 18.0144 17.4729 16.711 16.4501 34.3382 18.9843 33.3182 16.3627 15.9221 20.8151 19.534 17.1339 21.5211 14.9296 26.4886 14.6938 14.5205 15.0777 20.4688 14.3127 20.4884
threshold=125.59400418832914 178.00068612435209 46.519230769230781 35.500000000000007 1.1666666666666667 39.500000000000007 0.20396764252696456 4.2430177772197775 0.11789249999999991 1.0000000180025095e-35 89.000000000000014 7.4500000000000011 98.050000000000011 0.21563498982853821 0.07400000000000001 169.46538110021103 166.00469638784833 178.50000000000003 3.7083333333333335 38.5346153846154 78.700000000000017 60.071428571428577 0.25881904510252091 0.87150000000000005 124.50000000000001 1.1895000000000002 0.021408749999999952 0.52778511650980109 2544.5000000000005 6.3750000000000009
decision_type=2 2 2 2 2 2 2 2 2 2 2 2 2 2 2 2 2 2 2 2 2 2 2 2 2 2 2 2 2 2
left_child=-1 2 3 4 7 6 22 11 -8 24 -11 -2 17 14 -14 -16 -5 19 -19 28 -21 -22 23 -4 -3 26 -20 -28 -9 -30
right_child=1 9 5 16 -6 -7 8 12 -10 10 -12 -13 13 -15 15 -17 -18 18 25 20 21 -23 -24 -25 -26 -27 27 -29 29 -31
leaf_value=-0.017381058107505089 0.0059076610093692777 -0.0088811043291223638 0.079303716758500384 -0.020236262577445291 0.027713868590682693 -0.017805108431159521 -0.020473713287065643 0.0082547287568454381 0.0026746798024193494 -0.0065257824958559691 0.023593488616453943 0.028039765002406642 -0.0019380757160922528 0.026558547846091365 -0.0038703759112452048 0.022563458495948551 -0.0041717434442492558 0.046608105278168534 -0.015264361901083136 -0.01550473055060542 0.049898744682487936 -0.0011305202452550538 -0.0023837319070687565 0.010936429312369794 0.019485587482657749 -0.015790566226890967 -0.0018487890197006578 0.02976213132459803 0.014384906827126835 -0.028032495662234678
leaf_weight=139.57493127323687 84.611950177699327 17.578961949795485 7.8102075140923288 85.852801891043782 33.6442562174052 165.38276345748454 65.86106638237834 365.81688241939992 73.79590830206871 71.080151543021202 21.824707318097353 47.854346625506878 271.98670689202845 62.718965191394091 77.142142640426755 95.008140914142132 168.4708891697228 5.7749893926084033 63.938741175457835 79.540765354409814 6.6877187425270668 228.27246054820716 12.057970279827712 13.030021412298082 172.82316202297807 106.57778595201671 180.71670954301953 19.519546017050743 16.811495468020439 23.464945521205664
leaf_count=4531 614 120 67 1648 204 3121 1297 2529 469 441 174 307 1892 416 540 489 969 36 780 764 150 1741 192 94 1421 789 1105 108 82 127
internal_value=0.000111029 0.00104006 -0.000227425 0.00136902 0.00295716 -0.00976671 -0.00200424 0.00246181 -0.00830986 0.0115726 0.000725576 0.0140532 0.00149636 0.00596045 0.00299855 0.0107643 -0.00965271 -0.000569535 -0.00556103 0.00204273 -0.00356371 0.000527251 0.0242194 0.0390161 0.0168339 -0.00649683 -0.00270199 0.00136531 0.00638276 -0.0104078
internal_weight=2785.23 2645.66 2362.35 2024.41 1770.09 337.938 172.555 1736.44 139.657 283.307 92.9049 132.466 1603.98 506.856 444.137 172.15 254.324 1097.12 376.528 720.594 314.501 234.96 32.8982 20.8402 190.402 370.753 264.175 200.236 406.093 40.2764
internal_count=27217 22686 20530 15290 12673 5240 2119 12469 1766 2156 615 921 11548 3337 2921 1029 2617 8211 2818 5393 2655 1891 353 161 1541 2782 1993 1213 2738 209
is_linear=0
shrinkage=0.03


Tree=103
num_leaves=31
num_cat=0
split_feature=25 29 25 25 26 39 22 1 22 2 26 14 26 23 23 48 17 23 32 11 26 4 23 17 24 20 49 22 30 22
split_gain=53.3492 42.9118 45.9222 41.8199 52.6562 31.4711 31.1602 30.2893 29.7068 26.6861 32.0978 25.0755 24.6647 23.0343 22.6337 22.117 21.6752 21.5962 27.911 21.5748 29.5671 21.2794 20.6691 21.1844 20.3219 19.5182 19.443 19.3086 23.4494 20.9292
threshold=-1.0000000180025095e-35 0.83000000000000007 -0.77259657388510627 0.58216583101416142 -0.32143946530316164 81.700000000000017 5.6250000000000009 176.6428571428572 6.791666666666667 156.50000000000003 0.097964660725097366 276.50000000000006 -0.99465189230620688 0.32197183098591559 0.15737874097007223 69.500000000000014 9559.5000000000018 0.23294573643410851 0.12700000000000003 16.500000000000004 0.29012925520284133 5.0935252993709073 0.26624472573839658 4870.5000000000009 0.17206290471785382 34.750000000000014 85.500000000000014 6.2083333333333348 76.700000000000017 7.9583333333333348
decision_type=2 2 2 2 2 2 2 2 2 2 2 2 2 2 2 2 2 2 2 2 2 2 2 2 2 2 2 2 2 2
left_child=1 6 19 7 13 8 11 12 16 10 17 21 -2 14 -5 -12 -4 18 -6 20 -3 -1 23 -10 -20 -7 -15 28 -16 -29
right_child=3 2 5 4 9 25 -8 -9 22 -11 15 -13 -14 26 27 -17 -18 -19 24 -21 -22 -23 -24 -25 -26 -27 -28 29 -30 -31
leaf_value=0.042248630706992182 -0.004206770573574826 -0.0075680885327762274 0.018317083594340818 -0.024952693480555444 0.036237563254297847 0.023862208441300492 -0.019078678428483674 0.0035791745345925283 0.021137866199702603 0.0053035279487426415 0.060070162327170482 0.022184670713969058 -0.022200871214507357 0.010617030228785735 -0.011094729715532289 -0.029746681799930244 -0.014112828466606027 -0.013822962410400333 0.05188914558478349 0.021765975585148058 0.0057265787127021373 -0.024380452840072571 -0.038566301021422493 -0.020329332298867207 -0.0063402893166283501 0.011015339073171272 -0.037901588785786901 0.00069392191023720583 0.022295728062784965 0.024979070463184989
leaf_weight=4.2063816338777569 100.47255485877395 309.095080293715 76.861098196357489 16.670404639095068 18.117724532261491 167.75397846847773 114.22519241832197 84.619085520505905 18.049298092722893 108.47929690778255 1.63755184970796 38.457805175334215 218.60009797569364 11.79451894387603 21.258439045399427 85.453088185749948 23.533920953050256 159.3165208529681 4.7071802206337443 38.525110336020589 291.6581091042608 25.681838285177946 21.487831205129623 25.561002412810922 98.345563782379031 298.38664157595485 17.583328938111663 207.18247410841286 139.40402033738792 36.772710286080837
leaf_count=37 615 2576 487 123 146 1193 1794 472 117 748 61 331 4346 75 170 4194 224 1509 33 304 1557 268 261 233 875 1993 145 1392 824 233
internal_value=4.04221e-05 0.00401237 0.00596697 -0.0042987 -0.000784297 0.0116972 -0.00955236 -0.0123446 0.000452672 -0.00773416 -0.0115858 0.00641429 -0.0165656 0.006558 0.00836046 -0.0273951 0.0106509 -0.00659714 0.00293885 0.000295817 -0.0011149 -0.0139391 -0.0151983 -0.0030779 -0.0032074 0.0156798 -0.0187142 0.00979111 0.0178363 0.00444159
internal_weight=2783.9 1453.48 1270.91 1330.41 926.723 631.634 182.571 403.692 165.493 476.057 367.578 68.346 319.073 450.666 421.288 87.0906 100.395 280.487 121.17 639.278 600.753 29.8882 65.0981 43.6103 103.053 466.141 29.3778 404.618 160.662 243.955
internal_count=27336 11375 8945 15961 10528 4508 2430 5433 1322 7566 6818 636 4961 2962 2742 4255 711 2563 1054 4437 4133 305 611 350 908 3186 220 2619 994 1625
is_linear=0
shrinkage=0.03


Tree=104
num_leaves=31
num_cat=0
split_feature=35 36 25 33 26 25 25 29 31 37 39 10 4 26 4 6 33 25 32 4 24 31 27 10 16 29 16 17 12 31
split_gain=48.2118 46.7981 33.4082 27.3163 21.1522 24.5916 30.4411 20.8898 19.9116 21.5973 17.8986 17.4647 17.0392 16.7627 16.254 15.4639 14.8263 14.709 14.1119 16.1424 19.2197 15.904 14.8522 13.6864 14.3931 13.5706 15.1435 24.5756 12.9116 12.6555
threshold=172.51009944370512 0.10100874999999991 -0.47114434510950071 205.60855771946493 0.41248606129204557 -0.58216583101416131 -0.13052619222005143 0.85450000000000015 0.060500000000000005 49.500000000000007 106.75000000000001 12.500000000000002 4.6822216824098293 0.097964660725097366 11.617366310013294 0.58333333333333337 167.73569192550488 -0.97335555334614932 0.19500000000000003 6.9793982539228674 0.19315973571706183 0.036000000000000011 137.00000000000003 157.50000000000003 4470.5000000000009 0.93300000000000016 750.50000000000011 5726.5000000000009 39.500000000000007 0.18300000000000002
decision_type=2 2 2 2 2 2 2 2 2 2 2 2 2 2 2 2 2 2 2 2 2 2 2 2 2 2 2 2 2 2
left_child=1 2 7 8 5 10 -7 -1 9 -2 25 -10 -11 18 17 16 -15 -9 -4 20 21 -20 -23 -8 29 -3 27 -27 -19 -25
right_child=3 4 13 -5 -6 6 23 14 11 12 -12 -13 -14 15 -16 -17 -18 28 19 -21 -22 22 -24 24 -26 26 -28 -29 -30 -31
leaf_value=-0.020399136125826545 0.0074792262431930363 -0.022464798604039833 -0.022423139751360711 0.027902286394748951 0.0080258753743221722 0.014121428491598793 -0.028479782476511378 -2.8146826013953683e-05 -0.013750829078363894 0.018330158079524036 0.037848080269134297 0.0081927769121755995 -0.0096077029385959797 -0.028401154551838888 -0.0075150159497807505 0.02335528616019926 -0.003855713472256122 0.034175702642040735 0.093201810949543148 -0.012743732514944456 -0.0036833894993076885 -0.025027076391560071 0.040975024302843825 -0.0026665248622101609 0.038446617254056834 -0.012976919922795366 -0.010348982187012886 0.053598690714808314 -0.01103306899498209 0.023092261685044586
leaf_weight=33.1592355389148 145.85797795653343 74.162878077477217 48.063052857294679 43.211326230317354 227.95668441615999 123.00769341364503 16.26888713799417 32.689149810001254 33.596408098936081 20.657949294894934 5.714485526084899 610.99074232578278 218.41083960235119 143.34053043276072 46.783476470038295 5.517379578202962 26.568186551332474 33.675802925601602 2.6850763186812392 59.414086971431971 27.272893683984876 3.8484311178326589 7.9674604572355747 589.54030088894069 7.0561162773519746 10.177053749561312 132.73997479863465 8.2458033487200719 6.3031231705099335 16.68582714907825
leaf_count=633 767 1073 880 763 1414 787 245 372 172 111 29 3287 1135 6951 478 72 368 207 34 788 462 102 80 4353 38 77 1191 61 78 123
internal_value=-0.000166138 -0.00332462 -0.0112704 0.00480487 -0.000187675 -0.00209745 0.000534527 0.000310091 0.00380928 -0.00158749 -0.0106358 0.00702953 -0.00712729 -0.016698 0.00618051 -0.0229757 -0.0246081 0.01498 -0.00921547 -0.00278394 0.0113484 0.0380335 0.0192027 -0.0021384 -0.0013944 -0.0120272 -0.00679242 0.0180467 0.0269527 -0.00192068
internal_weight=2761.57 1688.84 477.288 1072.73 1211.56 983.599 752.559 152.611 1029.51 384.927 231.04 644.587 239.069 324.677 119.452 175.426 169.909 72.6681 149.251 101.188 41.7739 14.501 11.8159 629.551 613.282 225.326 151.163 18.4229 39.9789 606.226
internal_count=27131 20896 11505 6235 9391 7977 5546 1768 5472 2013 2431 3459 1246 9737 1135 7391 7319 657 2346 1466 678 216 182 4759 4514 2402 1329 138 285 4476
is_linear=0
shrinkage=0.03


Tree=105
num_leaves=31
num_cat=0
split_feature=27 33 19 22 4 46 46 5 22 29 51 27 32 4 7 22 2 21 15 21 48 22 21 26 2 29 38 32 26 26
split_gain=46.8652 37.7248 31.5705 23.4192 21.7247 25.2789 28.3435 22.3824 19.6786 32.3476 26.9514 25.0552 24.963 24.4529 22.0188 21.7841 19.1044 22.4977 23.294 18.6192 17.9243 17.1157 16.752 14.5523 16.2851 14.4356 16.1026 14.6687 13.6181 13.7152
threshold=105.50000000000001 205.60855771946493 -0.53571428571428459 6.7083333333333348 4.2430177772197775 100.50000000000001 118.50000000000001 1.5000000000000002 6.4583333333333348 0.94950000000000012 1.0000000180025095e-35 124.50000000000001 0.24900000000000003 17.64417181146484 -1.0000000180025095e-35 7.8750000000000009 137.50000000000003 0.017266905808210654 349.50000000000006 0.035432849918907251 142.50000000000003 6.6250000000000009 0.017266905808210654 -0.065403129230143228 175.50000000000003 0.75500000000000012 27.050000000000001 0.056000000000000008 0.29012925520284133 -0.68322629814330815
decision_type=2 2 2 2 2 2 2 2 2 2 2 2 2 2 2 2 2 2 2 2 2 2 2 2 2 2 2 2 2 2
left_child=3 2 23 21 5 -4 -7 8 13 12 15 -12 -10 14 25 16 17 18 -11 -16 -21 -1 -18 -2 -25 -6 -27 -28 29 -22
right_child=1 -3 4 -5 7 6 -8 -9 9 10 11 -13 -14 -15 19 -17 22 -19 -20 20 28 -23 -24 24 -26 26 27 -29 -30 -31
leaf_value=-0.0095203107041205784 0.0051764397767393644 0.027934157775625343 0.055502641659690086 -0.029767950603609573 -0.027901548344646452 -0.014054728933812734 0.015440349256295461 0.025804921186658152 -0.021111761170333133 -0.028444508311632869 -0.016593329573512727 0.0039571216702018169 0.00015825115344870048 -0.010347145180151056 0.019828100930817188 -0.02523380287614671 -0.019140842979993074 -0.02860161277252276 0.027089587028161225 0.027206227602698706 0.0068442700524725094 0.042621715485164906 0.023585354311644529 -0.018399537487416302 0.016013113625159177 -0.0023386940850445592 -0.034144522448297743 0.0078586082014937501 0.019253770048642208 -0.017258247894441393
leaf_weight=97.820812117308378 38.033360432833433 44.513320159167051 10.076954382471738 63.1756657268852 13.429873564280568 37.507778458297253 123.39634535741061 30.0698860026896 131.92269892897457 9.6959611969068664 56.994948953390121 674.17041216883808 79.253942288458347 108.39918447379023 133.3129071071744 60.446591094136238 10.242925019934772 35.261638671159744 17.773953605443239 23.12225899938494 36.689173467457294 5.0282004307955495 31.415277158841491 140.11548359785229 12.806771591305731 326.75978372339159 6.680539794266223 337.59499778039753 21.706450583413243 48.133158688433468
leaf_count=1900 302 810 109 2184 113 317 858 214 1625 110 546 4609 695 770 1010 433 113 262 125 152 255 58 197 3862 55 2696 39 2367 168 314
internal_value=-0.000127997 0.000861418 0.000379013 -0.0155321 0.00132854 0.0115961 0.00852052 0.000523123 0.000159896 -0.00263327 -0.000138914 0.00233472 -0.0131661 0.00308863 0.00463516 -0.0110591 -0.0026898 -0.0130674 0.00717731 0.0119965 0.00385349 -0.00658526 0.0128774 -0.011322 -0.0154323 0.00179366 0.0024286 0.00694702 -0.00142113 -0.00687464
internal_weight=2765.55 2599.53 2555.01 166.025 2364.06 170.981 160.904 2193.08 2163.01 1107.18 896.002 731.165 211.177 1055.83 947.429 164.836 104.39 62.7316 27.4699 262.964 129.651 102.849 41.6582 190.956 152.922 684.465 671.035 344.276 106.529 84.8223
internal_count=27268 23126 22316 4142 18097 1284 1175 16813 16599 8715 6395 5155 2320 7884 7114 1240 807 497 235 1899 889 1958 310 4219 3917 5215 5102 2406 737 569
is_linear=0
shrinkage=0.03


Tree=106
num_leaves=31
num_cat=0
split_feature=27 33 25 25 10 25 26 2 49 23 25 21 38 28 21 39 27 21 12 18 27 49 26 33 33 32 29 23 9 21
split_gain=50.5272 42.0989 32.1271 38.4771 39.1794 30.2106 27.9767 34.6192 24.1886 31.4348 22.2432 21.8566 20.9654 20.6885 20.5246 19.8342 19.5134 19.2567 19.127 18.8313 18.4159 18.3027 17.639 22.0091 19.3251 17.3868 17.1387 16.5909 16.2866 15.7177
threshold=105.50000000000001 191.81505566045851 -1.0000000180025095e-35 -0.81241147629688981 237.50000000000003 0.63405362205439475 -0.065403129230143228 156.50000000000003 82.500000000000014 0.30358412743564217 -0.22695468355932447 0.37318019520632512 25.750000000000004 0.0036850000000000003 1.3310024500184563 85.700000000000003 129.50000000000003 1.2740862455853774 16.500000000000004 68.785714285714292 110.50000000000001 81.500000000000014 -0.98611507088852035 168.78191975840741 144.97576340416799 0.19050000000000003 0.96950000000000014 0.20396764252696456 0.26000000000000006 -0.9754314671924893
decision_type=2 2 2 2 2 2 2 2 2 2 2 2 2 2 2 2 2 2 2 2 2 2 2 2 2 2 2 2 2 2
left_child=25 2 3 13 -5 22 8 -8 21 11 12 16 17 -2 18 27 20 -6 -15 -20 -10 -7 24 -24 -4 -1 -9 -13 -12 -26
right_child=1 -3 5 4 10 6 7 26 9 -11 28 15 -14 14 -16 -17 -18 -19 19 -21 -22 -23 23 -25 29 -27 -28 -29 -30 -31
leaf_value=-0.030527585009763013 0.014356448745569551 0.020156000862180654 -0.01582448680348493 -0.0026352404086048701 0.010338395725808584 0.0078905547526720403 -0.019188277261329715 0.035725757087082297 0.028684379083348113 -0.025835460316971062 -0.0025562465502411242 0.045007120554595215 0.022754757808565135 -0.0085346534258598523 0.020822773238303376 -0.014829079060345446 0.013489064788837844 -0.034510088714790728 -0.01321611229019091 0.014692069385280634 -0.012699900112788164 0.037430408844228089 -0.023905609494475608 -0.0063557180561799789 0.034942311891418255 -0.0097042240987465084 -0.00059417189374203188 -0.0033928558101657051 0.023837565526995126 0.0010922722621829427
leaf_weight=53.05378820002079 58.35063299909234 93.680303927510977 54.134506579488516 213.03951448109001 109.97983906418085 204.03028943762183 130.87233251705766 13.319279696792362 10.622701149433849 42.198790732771158 108.34154970850796 8.956132788211109 210.23734864965081 409.8028657361865 26.777326870709658 97.486311299726367 142.78019632771611 8.3694070763885957 30.65947980992496 69.071878602728248 57.555882720276713 19.949465245008469 128.01385025307536 130.21011435985565 13.87698609381914 113.41709757596254 63.586112923920155 17.366207681596279 25.069174701347947 72.971599370241165
leaf_count=1600 317 1223 370 1521 645 1120 4367 82 65 252 612 56 1270 2988 191 560 728 49 266 424 434 104 3363 805 70 2642 477 124 174 392
internal_value=-0.000516574 0.00052314 -0.00022702 0.00310383 0.00800037 -0.00372787 -0.000391249 -0.00985359 0.0028913 -0.00175027 0.0128998 0.00135367 0.017084 -0.00245862 -0.00431142 -0.00861061 0.00721459 0.00690423 -0.00567048 0.00606649 -0.0059305 0.0106763 -0.0104694 -0.0151147 -0.00191461 -0.0164832 0.00607393 0.0141197 0.00254386 0.00683714
internal_weight=2737.78 2571.31 2477.63 1269.7 675.037 1207.93 808.724 207.778 600.946 376.966 461.997 334.767 328.587 594.662 536.312 123.809 210.959 118.349 509.534 99.7314 68.1786 223.98 399.207 258.224 140.983 166.471 76.9054 26.3223 133.411 86.8486
internal_count=27291 23049 21826 8457 4271 13369 8369 4926 3443 2219 2750 1967 1964 4186 3869 740 1227 694 3678 690 499 1224 5000 4168 832 4242 559 180 786 462
is_linear=0
shrinkage=0.03


Tree=107
num_leaves=31
num_cat=0
split_feature=35 5 20 45 21 21 46 50 23 37 24 23 19 30 15 26 47 25 33 30 24 25 25 20 30 25 50 16 23 4
split_gain=42.9837 29.43 27.1207 25.6549 19.909 19.8642 21.897 17.2955 16.4643 17.4015 16.4561 15.9185 17.79 15.8377 16.4685 17.2128 15.5714 15.1552 14.9206 14.5324 22.972 18.5933 26.5351 26.5402 20.4302 18.4941 36.6822 22.2304 18.0501 17.3836
threshold=130.00371717873134 1.4333333333333333 46.261538461538471 6.5500000000000007 1.9329333344409647 0.78012575346594215 157.00000000000003 117.50000000000001 0.1437177280550774 39.500000000000007 0.21388443017656497 0.30262878948484212 6.1428571428571432 77.250000000000014 338.50000000000006 0.41248606129204557 121.00000000000001 -0.38268343236508934 212.31926128118764 80.100000000000009 0.21778656126482207 -0.097964660725097436 -0.91037613702198728 35.057692307692321 82.800000000000011 -0.77259657388510627 136.00000000000003 1375.5000000000002 0.15737874097007223 11.867939999697482
decision_type=2 2 2 2 2 2 2 2 2 2 2 2 2 2 2 2 2 2 2 2 2 2 2 2 2 2 2 2 2 2
left_child=13 2 3 16 8 6 18 17 9 -4 -10 12 -9 -1 -15 -16 -2 -7 19 25 21 22 -21 -24 -25 26 27 -5 -23 -27
right_child=1 -3 4 5 -6 7 -8 11 10 -11 -12 -13 -14 14 15 -17 -18 -19 -20 20 -22 28 23 24 -26 29 -28 -29 -30 -31
leaf_value=-0.028254411529461891 -0.0036336254783942224 0.024288157575750764 0.059651284155904184 0.0004634140573290413 0.034970561250442976 -0.0032753059641441912 0.02147136728543295 0.0072594427623998616 -0.012179342530159464 -0.0098450645899576979 0.0051106502101558567 -0.022292757881848677 -0.010254264820594409 -0.022524254973553409 -0.0069114825117215914 0.026463193381558437 -0.024502997547949219 -0.04110697354299829 0.027708659896899614 -0.0068903333860839584 0.017558785990054979 -0.032937753905491536 0.019256848444336411 -0.012721890194764902 0.0094881799880423192 0.012848116850338237 -0.014832875362434505 0.026664797664616741 -0.0039669900443781323 -4.9719291997020323e-05
leaf_weight=48.265364179387689 117.27614255528897 47.909223234280944 5.5810346500948054 82.484227588400245 9.0268829120323044 18.657408867031336 63.215691469609737 152.20716376230121 282.27399287931621 5.9150857478380203 59.455897074192762 27.971514011733234 78.186962457373738 47.417745258659124 76.122768299654126 15.96875601261854 43.584760086610913 18.890280744060874 21.79413203522563 142.46305478364229 65.719381050206721 19.475078269839287 124.01333682611585 61.01526181679219 92.438762796111405 372.71478405874223 94.834840137511492 44.097110997885466 365.43855570070446 125.6647064331919
leaf_count=1806 1105 427 47 565 57 130 368 1140 4029 125 841 193 504 2286 1463 201 725 137 428 972 448 164 738 414 559 2640 651 286 2759 1017
internal_value=0.000216299 0.0012414 0.000789188 0.00207924 -0.00678863 0.00302064 0.00428619 -0.00413479 -0.00795152 0.0259671 -0.00916501 -0.00133271 0.00129733 -0.0135957 -0.0083593 -0.000902179 -0.00940457 -0.0228811 0.00359943 0.00325184 0.000642429 -0.000758949 0.00360265 0.00899558 0.000631984 0.00640254 -0.000810702 0.00972864 -0.00551435 0.00960238
internal_weight=2730.08 2542.31 2494.4 2132.14 362.253 1971.28 1675.37 295.913 353.226 11.4961 341.73 258.366 230.394 187.775 139.509 92.0915 160.861 37.5477 1612.15 1590.36 870.563 804.844 419.93 277.467 153.454 719.796 221.416 126.581 384.914 498.379
internal_count=27225 21469 21042 15943 5099 14113 12009 2104 5042 172 4870 1837 1644 5756 3950 1664 1830 267 11641 11213 6054 5606 2683 1711 973 5159 1502 851 2923 3657
is_linear=0
shrinkage=0.03


Tree=108
num_leaves=31
num_cat=0
split_feature=27 6 20 3 39 22 21 22 7 21 16 4 48 31 34 22 32 31 22 22 17 25 12 25 21 22 29 25 21 28
split_gain=39.5554 31.7538 29.0263 30.1534 28.4299 32.4056 26.9859 25 20.443 24.7145 18.5603 20.5124 18.1626 17.8742 17.9255 16.2593 16.0614 16.0178 16.8386 20.2532 17.3532 15.7313 18.3399 17.9924 16.7512 16.6892 17.8366 16.7507 23.4103 19.507
threshold=105.50000000000001 1.0833333333333337 46.400000000000006 116.50000000000001 81.700000000000017 6.541666666666667 1.9329333344409647 6.7083333333333348 -0.1083333333333333 0.4152173736354392 714.50000000000011 13.705648469493754 226.00000000000003 0.11400000000000002 133.73471568972235 6.6250000000000009 0.19800000000000004 0.044500000000000005 7.9583333333333348 6.8750000000000009 94.500000000000014 -0.98611507088852035 16.500000000000004 0.097964660725097311 1.3937622303844885 4.541666666666667 0.89050000000000018 -0.81241147629688981 0.78012575346594215 0.0036850000000000003
decision_type=2 2 2 2 2 2 2 2 2 2 2 2 2 2 2 2 2 2 2 2 2 2 2 2 2 2 2 2 2 2
left_child=7 2 4 12 5 10 -5 15 21 13 -2 -12 -4 17 -15 16 -1 -10 19 20 -19 22 -6 24 25 -23 -27 29 -29 -28
right_child=1 -3 3 6 8 -7 -8 -9 9 -11 11 -13 -14 14 -16 -17 -18 18 -20 -21 -22 23 -24 -25 -26 26 27 28 -30 -31
leaf_value=-0.027960316316621707 -0.017004612242541749 0.023432811339730467 -0.0086874068232569764 -0.010148299794380464 -0.019185251006957834 -0.017096292743719918 0.040679927303810398 -0.029236497323355197 0.015266767737215621 -0.00046487390629880031 0.010770288046106476 -0.014068484324734867 0.059620099710398645 -0.01486495538705467 0.028934808309701354 0.041404752674132871 -0.00053665506980610212 -0.024779104650364751 0.028825715664164191 -0.011002416911116661 0.010341705938550596 0.016877723000758498 0.02826438787906578 -0.0046323533500889757 0.033284554917859484 -0.017209873988226928 0.016946449203152147 0.012486364110419805 -0.010420477544606444 -0.0070689750298079277
leaf_weight=25.562317904084921 39.560452288947999 53.543189398944378 5.1811706265434614 366.06458658725023 59.602385062724352 142.03047462925315 8.6799460444599372 62.088547828607261 175.73475668858737 273.25718407798558 139.21371580660343 37.11918050982058 8.525831460952757 8.9285765346139652 69.409364080056548 5.3750482592731705 69.691108359023929 12.891919431276618 20.763377381488681 79.851712110452354 147.79562411271036 72.306373623199761 7.4446755014359942 299.52079905290157 16.490857848897576 40.829976380802691 35.67839827388525 215.72626885026693 48.479207313619554 178.5338002666831
leaf_count=592 584 438 183 6155 511 1544 58 2234 1255 1919 1042 315 137 62 520 64 1347 191 127 601 920 440 53 2697 110 312 186 1335 296 1061
internal_value=-0.000125474 0.000787394 0.000295109 -0.00723343 0.00167658 -0.00602117 -0.00886587 -0.0144222 0.00324168 0.0068294 0.00131008 0.00549172 0.0349652 0.0106903 0.0238183 -0.00508391 -0.00811013 0.00828815 0.00355449 0.00126276 0.00738815 0.000334558 -0.0135787 0.00137622 0.00433877 0.00347703 0.0015821 0.00321844 0.00825973 -0.0030089
internal_weight=2725.88 2563.16 2509.62 388.452 2121.17 357.924 374.745 162.717 1763.25 788.633 215.893 176.333 13.707 515.375 78.3379 100.628 95.2534 437.037 261.303 240.539 160.688 974.613 67.0471 907.566 608.045 591.554 519.248 478.418 264.205 214.212
internal_count=27289 23052 22614 6533 16081 3485 6213 4237 12596 5595 1941 1357 320 3676 582 2003 1939 3094 1839 1712 1111 7001 564 6437 3740 3630 3190 2878 1631 1247
is_linear=0
shrinkage=0.03


Tree=109
num_leaves=31
num_cat=0
split_feature=5 35 25 26 25 26 1 26 34 29 20 30 23 22 48 48 49 22 23 15 4 22 25 2 31 26 46 4 26 13
split_gain=39.9209 36.1572 24.4763 30.7304 28.0332 25.7931 24.9891 26.3276 19.9218 19.6862 19.4982 18.2572 18.8999 19.4723 26.1543 24.854 20.2807 19.7345 27.203 17.0956 17.0862 17.0641 17.0351 17.4598 16.1974 15.6887 23.006 15.2328 16.5007 16.7693
threshold=0.76666666666666672 130.00371717873134 -1.0000000180025095e-35 -0.81241147629689003 0.63405362205439475 -0.38268343236508956 171.07142857142858 -0.98611507088852035 155.68410211784968 0.83000000000000007 49.626923076923084 85.100000000000009 0.29249530956848036 7.041666666666667 195.00000000000003 247.50000000000003 100.50000000000001 7.8750000000000009 0.20396764252696456 663.50000000000011 6.6884975720337652 8.0416666666666696 -0.19509032201612828 123.50000000000001 0.088500000000000009 0.22695468355932452 157.00000000000003 5.4044426149315532 -0.98611507088852035 24.028622121555308
decision_type=2 2 2 2 2 2 2 2 2 2 2 2 2 2 2 2 2 2 2 2 2 2 2 2 2 2 2 2 2 2
left_child=1 -1 3 9 6 8 7 24 -5 19 11 12 13 16 17 -16 25 18 -15 -3 -19 -7 23 -11 -4 -6 -27 -8 -29 -30
right_child=-2 2 4 5 10 21 27 -9 -10 22 -12 -13 -14 14 15 -17 -18 20 -20 -21 -22 -23 -24 -25 -26 26 -28 28 29 -31
leaf_value=-0.014146448707599513 0.011889298789759414 -0.027618911683082007 -0.013925134480723654 -0.021647324574141993 0.013540610105440755 0.0030361390729422306 0.039913678481372179 -0.025274521831613047 0.0085864618634110407 0.0085675631416671106 -0.0098260664841627356 0.014566340206434478 -0.012905380201999687 0.034915984636258286 0.028137735408839078 -0.030678409285399943 -0.011079750516663347 0.027357878687932564 -0.032902691602785319 0.013112691493588662 -0.024355261042713246 -0.013008310537970663 0.0059922155331257367 0.029495424744898257 0.0092854721052975982 -0.027718108354375381 0.028515366589171705 0.01994160073263164 -0.010786423765040241 0.030773701598811435
leaf_weight=177.02475365437567 231.12927760649472 20.600738713517785 71.80958746932447 77.758428690955043 206.94805273972452 720.67106001917273 7.1596963666379443 125.25719564780593 25.507306173443794 65.676545703783631 140.65000703372061 94.6630765395239 81.001631586812437 5.108284479007124 25.928168009035289 7.6091423183679572 45.212581666186452 13.35874889418483 51.396270121447742 15.442597893998025 8.6384310917928797 64.048720713704824 156.1007090434432 81.172817334532738 42.196057250723243 19.531873929314319 8.6801551524549705 23.565156899392605 100.39630074054003 8.5980129502713663
leaf_count=5626 1967 156 439 744 1250 5132 40 2829 143 421 2343 729 610 44 189 67 321 97 401 136 74 507 844 605 248 435 47 116 717 53
internal_value=-1.00194e-05 -0.00111812 -0.000116047 0.0027875 -0.00339092 -0.000148918 -0.00996537 -0.0158322 -0.0141687 0.0104572 0.000133776 0.00261267 0.00019676 0.00292723 -0.0075995 0.0142913 0.00714585 -0.0170138 -0.026271 -0.0102848 0.00687382 0.0017117 0.0129507 0.020257 -0.00532833 0.010682 -0.0100326 0.000122336 -0.0023096 -0.00725799
internal_weight=2722.84 2491.71 2314.69 1226.98 1087.71 887.986 378.982 239.263 103.266 338.993 708.726 568.076 473.413 392.412 112.039 33.5373 280.373 78.5017 56.5046 36.0433 21.9972 784.72 302.95 146.849 114.006 235.16 28.212 139.719 132.559 108.994
internal_count=27330 25363 19737 8688 11049 6526 4442 3516 887 2162 6607 4264 3535 2925 872 256 2053 616 445 292 171 5639 1870 1026 687 1732 482 926 886 770
is_linear=0
shrinkage=0.03


Tree=110
num_leaves=31
num_cat=0
split_feature=27 35 20 23 1 21 7 10 50 32 23 14 1 1 17 26 20 20 39 2 7 12 23 23 23 35 31 14 23 21
split_gain=43.0443 30.5509 22.0191 17.5951 30.9508 17.6301 17.3771 16.7782 16.539 16.1742 20.8439 27.0735 15.1146 14.6533 32.4702 14.624 21.0004 20.7051 17.3826 17.0766 17.5709 19.2008 17.0636 17.0628 14.5492 16.0395 14.5253 20.6467 17.7246 16.5183
threshold=105.50000000000001 199.75637935897683 39.165384615384632 0.17492860057119544 134.35714285714286 1.4318793857497918 -0.1083333333333333 270.00000000000006 118.50000000000001 0.19050000000000003 0.29198717948717956 343.50000000000006 183.35714285714289 164.35714285714286 974.50000000000011 -0.097964660725097436 57.753846153846162 48.288461538461547 97.90000000000002 96.500000000000014 0.024999999999999953 78.500000000000014 0.21226533166458075 0.23294573643410851 0.21466973886328722 156.46826482611627 0.13450000000000004 416.50000000000006 0.24478940512375158 0.6252945300313727
decision_type=2 2 2 2 2 2 2 2 2 2 2 2 2 2 2 2 2 2 2 2 2 2 2 2 2 2 2 2 2 2
left_child=9 2 -2 4 -4 12 -3 -6 -9 -1 -11 -12 15 14 -7 16 18 19 24 -17 -21 22 -22 -18 25 -5 27 -26 -29 -28
right_child=1 6 3 5 7 13 -8 8 -10 10 11 -13 -14 -15 -16 17 23 -19 -20 20 21 -23 -24 -25 26 -27 29 28 -30 -31
leaf_value=-0.028923328459454008 0.0031684396271600287 0.0045916604004756422 -0.01616056673802083 0.018663552260523315 -0.0097526281070249212 -0.017899093450842143 0.024202241421202718 -0.0043678654096641354 0.037427328329691451 -0.01416207829167397 -0.027187777380186299 0.044618004496094835 0.01576975677470523 -0.0074527923487711896 0.041653401701648884 -0.033036766499919455 0.050498766359438237 -0.019148885931497037 0.0054393378116732102 -0.0077402133759894021 -0.013332701107398393 -0.041409059678232732 0.020582286525489876 -0.0061936801133599135 -0.016307793211394861 -0.0064898010679431276 0.016209694738157976 -0.025212400406959014 0.015693701108923055 -0.033679436243199468
leaf_weight=49.301963649690151 1209.6573565304279 88.544074442237616 27.4127894686535 37.82267989218235 11.993667460046707 11.252573668025432 75.142823625355959 10.473986498080192 40.552321729250252 92.641289617866278 6.4904886707663563 12.34611616656184 30.952614959329367 21.026711016893387 25.630421666428447 17.353352082893252 11.142538700252773 132.91009576246142 153.26555453054607 208.18819970916957 16.546431641094387 5.3804348334670058 57.441070877015591 7.5510620065033427 209.75325877219439 54.479050993919373 32.116597695276141 11.824099350720642 36.407132096588612 6.319088250398635
leaf_count=1622 8056 772 336 328 114 178 988 121 344 2224 229 133 141 126 157 220 71 3968 896 2661 161 40 586 69 1717 328 231 123 248 42
internal_value=0.000237912 0.00118907 0.000326856 -0.00259181 0.0100531 -0.00365172 0.0136865 0.02153 0.0289291 -0.0147684 -0.00830677 0.0197527 -0.00456127 0.0123202 0.0234917 -0.00520666 -0.0019923 -0.00930912 -0.00309263 -0.00497139 -0.00316909 0.00876844 0.0129209 0.0284468 -0.00646195 0.00390691 -0.00969297 -0.0122524 0.00535697 0.00736153
internal_weight=2711.92 2551.14 2387.45 1177.8 90.4328 1087.36 163.687 63.02 51.0263 160.78 111.478 18.8366 1029.45 57.9097 36.883 998.501 560.681 437.82 541.987 304.909 287.556 79.3679 73.9875 18.6936 388.722 92.3017 296.42 257.984 48.2312 38.4357
internal_count=27230 23022 21262 13206 915 12291 1760 579 465 4208 2586 362 11830 461 335 11689 4053 7636 3913 3668 3448 787 747 140 3017 656 2361 2088 371 273
is_linear=0
shrinkage=0.03


Tree=111
num_leaves=31
num_cat=0
split_feature=45 6 20 21 4 2 26 25 25 25 25 20 27 50 21 21 16 30 6 27 1 33 2 1 32 17 15 21 48 42
split_gain=41.1779 36.9225 25.0177 23.3747 17.6901 17.4331 18.2687 17.3786 44.3293 36.4706 20.522 28.7305 22.8867 19.1021 24.8771 27.9499 40.159 17.3051 18.6884 16.8616 16.6984 16.5464 15.8414 15.8243 15.2345 24.4597 15.0375 14.8366 22.2655 14.5496
threshold=6.5500000000000007 0.35000000000000003 46.261538461538471 1.9329333344409647 4.2792522670497295 171.50000000000003 0.88144907265856365 0.097964660725097311 0.58216583101416142 -0.77259657388510627 -0.19509032201612828 35.242307692307705 124.50000000000001 136.00000000000003 0.59893173922203446 -1.312672233882221 1295.5000000000002 77.700000000000017 1.3500000000000003 127.50000000000001 177.07142857142858 189.68797671968693 116.50000000000001 156.21428571428575 0.20100000000000004 6419.5000000000009 420.50000000000006 0.074667915860383918 243.50000000000003 1.0000000180025095e-35
decision_type=2 2 2 2 2 2 2 2 2 2 2 2 2 2 2 2 2 2 2 2 2 2 2 2 2 2 2 2 2 2
left_child=17 2 4 -4 19 6 7 9 20 13 11 -11 -12 -6 15 16 -15 22 26 -2 -9 27 -1 24 -14 -26 -19 -3 -29 -13
right_child=1 21 3 -5 5 -7 -8 8 -10 10 12 29 23 14 -16 -17 -18 18 -20 -21 -22 -23 -24 -25 25 -27 -28 28 -30 -31
leaf_value=-0.029266652552671038 -0.010663759552720073 0.015561115273860402 -0.0092268422396822695 0.037554141986034809 0.0019126304266277167 0.011788410378052894 -0.016874915729681667 -0.023645692735894723 0.00081991712300008817 0.027657141288962489 0.026171334752603432 -0.0024138386399351463 -0.01837691463094555 0.048374465629112962 0.0075080562474503666 -0.020659817421758625 -0.038769187827044749 -0.019926120851790376 0.041948277065265063 0.016248043045890795 0.0061394325716505127 0.029560942697304249 0.004292413219117712 0.012670886563235707 0.0085030082105476863 -0.03339164375392429 -0.0023570887461457973 0.0055984717971110046 -0.032920065886429914 0.016152837201717552
leaf_weight=63.520315616391599 24.881906512193382 127.11176309175789 319.61054568272084 8.9397215507924539 283.11603727005422 109.55855130031705 58.280517690815032 112.64305810350925 388.04318007826805 91.952338835224509 29.345306908711791 79.69307753443718 59.329258542507887 12.24408930912614 53.812592029571533 138.28579822927713 6.5247807390987864 63.116646640002728 6.019533544778823 114.12571979314089 19.482233874499798 37.073942232877016 15.45707916934043 49.410459671169519 71.640256609767675 14.161204788833855 139.70899674110115 117.12962131761014 14.251108129508792 71.195423243567348
leaf_count=1804 221 890 5473 56 1992 550 1128 1405 3069 672 193 564 310 81 381 1027 43 1616 32 780 117 567 257 279 362 72 1913 832 97 488
internal_value=-0.000140655 0.00114081 -0.000248313 -0.00784386 0.00115121 0.000281641 -0.000544542 0.0001091 -0.00430271 0.00249983 0.00850461 0.0145266 0.00193724 -0.00317936 -0.00999275 -0.0159987 0.0176513 -0.0108456 -0.00626558 0.0113892 -0.0192407 0.0110543 -0.0227271 -0.00183346 -0.00682445 0.00128342 -0.00789528 0.00829635 0.00120318 0.00639535
internal_weight=2699.67 2411.84 2116.28 328.55 1787.73 1648.72 1539.16 1480.88 520.168 960.711 466.727 242.841 223.886 493.983 210.867 157.055 18.7689 287.823 208.845 139.008 132.125 295.566 78.9774 194.541 145.131 85.8015 202.826 258.492 131.381 150.889
internal_count=27271 21649 19263 5529 13734 12733 12183 11055 4591 6464 2940 1724 1216 3524 1532 1151 124 5622 3561 1001 1522 2386 2061 1023 744 434 3529 1819 929 1052
is_linear=0
shrinkage=0.03


Tree=112
num_leaves=31
num_cat=0
split_feature=29 5 27 36 22 22 23 37 4 25 25 56 19 22 2 40 21 21 11 22 54 47 17 3 28 2 19 38 25 18
split_gain=33.6719 30.4039 23.2726 38.4395 36.1197 22.0257 19.0723 19.4129 17.7279 16.2853 21.8914 24.0598 20.0361 21.3056 16.0322 15.7734 18.4756 15.4361 15.1908 15.3243 15.5013 14.693 16.3558 17.971 21.025 14.6122 16.543 14.4786 14.0597 15.9444
threshold=0.78150000000000019 0.76666666666666672 129.50000000000003 0.021408749999999952 6.7083333333333348 6.3750000000000009 0.25282181357006978 34.500000000000007 4.5642085303422038 -0.065403129230143187 -0.81241147629688981 1.0000000180025095e-35 10.28571428571429 7.041666666666667 172.50000000000003 10.900000000000002 1.1121822042708918 -1.4621465260768429 22.500000000000004 4.6250000000000009 1.0000000180025095e-35 91.000000000000014 10842.500000000002 193.50000000000003 0.0063100000000000005 154.50000000000003 -0.82142857142857284 25.150000000000002 0.065403129230143062 76.500000000000014
decision_type=2 2 2 2 2 2 2 2 2 2 2 2 2 2 2 2 2 2 2 2 2 2 2 2 2 2 2 2 2 2
left_child=5 2 3 -2 28 -1 7 -6 25 10 18 15 14 27 -11 16 -12 -9 19 20 -10 22 23 -21 -25 26 -4 -14 -5 -30
right_child=1 -3 8 4 6 -7 -8 17 9 12 11 -13 13 -15 -16 -17 -18 -19 -20 21 -22 -23 -24 24 -26 -27 -28 -29 29 -31
leaf_value=-0.0021437022318952924 -0.017377236700471348 0.012077499611396843 -0.020135854513444709 0.008029763745023762 0.029584360971933617 -0.026408950378963444 -0.022712021815773226 0.030849365234096406 0.028553989883216807 -0.0056139790186689655 0.0041840081500021786 0.022030128066793823 0.050798297007754879 -0.010204210013966359 0.01129092756453908 0.024288741462146501 -0.026461924346477907 -0.011141774602596835 0.029791409700773895 -0.046584715254388204 -0.014255200260225318 -0.00059853125881181065 0.021047505009154359 0.02243260807070447 -0.026161817959960542 0.024706762476682728 0.0095235668862262545 0.012947207489186601 0.00098564619090397531 -0.026428616477470298
leaf_weight=67.911377649754286 155.53503100108355 209.21763556543738 18.338487536646426 285.15972791239619 13.007620591670273 66.14318564068526 77.69996078684926 7.5826974026858798 26.019745402038097 568.61103526130319 132.99666329845786 105.02867620065808 9.8416578192263824 32.765093848109245 54.472640335559845 27.961143903434277 19.400543620809913 100.63058562204242 13.43157174810767 17.991005070507526 9.8881501927971822 258.05651278421283 7.9783125370740882 11.285597085952757 22.364651098847389 48.438425410538912 137.20674854144454 65.916570816189051 108.7266281042248 22.14494320191443
leaf_count=832 4562 1789 382 2104 131 1747 1020 44 140 6145 878 808 59 183 260 193 117 1025 99 103 60 1611 41 57 116 291 996 353 998 150
internal_value=0.000377685 0.00114521 0.000170713 -0.0041044 -0.000724643 -0.0142232 -0.0112074 -0.00370778 0.00224626 0.00102598 0.00446871 0.0106851 -0.00204594 0.00979311 -0.00412036 0.00399339 0.000135631 -0.00794385 -0.000380938 -0.00160788 0.0166986 -0.00372302 -0.017014 -0.0231825 -0.0096872 0.0104803 0.00592049 0.0184621 0.00430245 -0.00381839
internal_weight=2701.75 2567.7 2358.48 770.487 614.952 134.055 198.921 121.221 1587.99 1384.01 652.403 285.387 731.607 108.523 623.084 180.358 152.397 108.213 367.016 353.584 35.9079 317.676 59.6196 51.6413 33.6502 203.984 155.545 75.7582 416.031 130.872
internal_count=27294 24715 22926 10034 5472 2579 2220 1200 12892 11223 4223 1996 7000 595 6405 1188 995 1069 2227 2128 200 1928 317 276 173 1669 1378 412 3252 1148
is_linear=0
shrinkage=0.03


Tree=113
num_leaves=31
num_cat=0
split_feature=6 35 26 22 27 31 9 23 23 35 10 35 56 10 19 36 26 16 27 4 39 17 36 4 24 56 31 22 34 32
split_gain=33.9619 32.6375 24.3024 23.1556 19.6419 19.3319 19.0147 17.5761 16.6277 14.2694 16.2078 14.1679 15.9612 13.5301 17.6355 13.3871 19.3842 21.8632 16.3456 16.3578 15.921 15.4833 14.9143 13.9177 13.8637 14.1533 13.0323 12.9539 12.3745 11.6142
threshold=0.24999999999999997 122.76115809092154 0.88144907265856365 5.791666666666667 127.50000000000001 0.21050000000000002 0.90000000000000013 0.30602006688963218 0.13408239700374533 214.69028798354461 7.5000000000000009 185.78131718230409 1.0000000180025095e-35 222.50000000000003 5.607142857142855 0.021408749999999952 0.52778511650980109 1889.0000000000002 127.50000000000001 5.0047976956565456 82.450000000000017 11500.500000000002 0.24872499999999995 4.4739243945790221 0.2120167815403057 1.0000000180025095e-35 0.10500000000000001 7.8750000000000009 167.87432663635485 0.11650000000000001
decision_type=2 2 2 2 2 2 2 2 2 2 2 2 2 2 2 2 2 2 2 2 2 2 2 2 2 2 2 2 2 2
left_child=1 -1 6 7 5 -5 9 -2 -4 10 -3 12 13 -6 -15 18 29 22 -12 20 23 -21 -18 -20 25 -24 -22 -11 -10 -17
right_child=3 2 8 4 11 -7 -8 -9 28 27 15 -13 -14 14 -16 16 17 -19 19 21 26 -23 24 -25 -26 -27 -28 -29 -30 -31
leaf_value=-0.019267112180638164 0.020309362284944895 -0.020752213424631863 0.047186478202453079 -0.012355288819628994 -0.015586823661110624 0.040023136739865059 0.019766510899231347 -0.015893082548599523 -0.018845305225351699 0.022675475729700183 -0.024427417812793933 0.020990902662094621 0.014436543012326272 -0.016806858463847569 0.015945604938102011 0.0076871079443529304 0.024588309570382619 -0.035797085365116589 0.085463469944843523 -0.0084566850504137932 -0.011117411404806519 0.027929885761904017 -0.010311024064213664 -0.005637134780838448 0.024002477349523224 0.012200388668330732 0.020361011964290212 -0.019105446834255985 0.015831257674567539 -0.0016225589061375798
leaf_weight=90.487205352634192 132.01694359630346 35.685702638700604 2.9296155720949164 89.155497060157359 47.783419162966311 5.8535714829340568 41.128194484859705 12.541874275542794 107.50848218426108 38.440969929099083 37.578408959321678 52.152311664074659 70.857026624493301 21.086388219147921 44.057334408164024 132.8540323805064 55.271561136469245 8.1966730654239637 3.4567665634676805 235.71787234675139 21.998486946336925 10.053609684109686 51.056684970855713 2.1047927001491189 28.525972235947847 47.607637852430344 23.505137678235769 7.2434408701956263 9.3775992915034276 1217.9450199846178
leaf_count=3528 1097 259 26 1200 323 56 206 119 2129 539 922 596 496 248 242 907 327 55 66 3836 635 72 304 48 172 284 283 79 52 8140
internal_value=-0.000156887 -0.00172329 -0.000965094 0.00710726 0.00271241 -0.00874496 -0.000175082 0.0170808 -0.014031 -0.000604001 -0.0010037 0.0073436 0.00337828 -0.00362613 0.00525014 -0.000617154 0.000564372 0.00949282 -0.00604874 -0.00364787 0.0116518 -0.00686109 0.0117114 0.0553814 0.00596746 0.000564639 0.00523111 0.0157836 -0.0159526 -0.000701924
internal_weight=2684.18 2208.67 2118.19 475.504 330.946 95.0091 1998.37 144.559 119.816 1957.24 1911.56 235.936 183.784 112.927 65.1437 1875.87 1541.46 190.659 334.415 296.837 51.0652 245.771 182.462 5.56156 127.19 98.6643 45.5036 45.6844 116.886 1350.8
internal_count=27246 22869 19341 4377 3161 1256 17134 1216 2207 16928 16310 1905 1309 813 490 16051 10189 1142 5862 4940 1032 3908 1087 114 760 588 918 618 2181 9047
is_linear=0
shrinkage=0.03


Tree=114
num_leaves=31
num_cat=0
split_feature=35 33 6 12 25 26 11 26 25 26 23 32 29 1 26 24 23 23 56 37 19 23 22 50 34 31 24 29 31 49
split_gain=33.4187 29.0944 23.9767 19.2589 23.3377 36.4272 25.7737 31.9198 21.3941 30.6734 26.6273 27.7967 29.0112 24.0444 27.2414 21.9015 20.7967 20.498 20.1974 19.2383 18.8121 18.5259 18.3722 18.3588 17.959 20.4709 17.8828 17.8743 17.3728 17.3553
threshold=126.00106295819079 205.60855771946493 1.1500000000000001 64.500000000000014 -0.16280825711808972 -0.81241147629689003 16.500000000000004 0.38268343236508995 0.68322629814330826 -0.32143946530316164 0.23453443877551022 0.16100000000000003 0.94950000000000012 181.21428571428575 -0.98611507088852035 0.21340823970037451 0.15094936708860762 0.23244068592905801 1.0000000180025095e-35 49.500000000000007 4.7142857142857126 0.22713159780272266 6.541666666666667 130.50000000000003 155.68410211784968 0.05000000000000001 0.18533094812164577 1.2100000000000002 0.055000000000000007 83.500000000000014
decision_type=2 2 2 2 2 2 2 2 2 2 2 2 2 2 2 2 2 2 2 2 2 2 2 2 2 2 2 2 2 2
left_child=26 2 3 4 5 -2 7 20 13 29 11 28 18 14 16 21 -6 -18 -13 -19 27 -14 23 -5 -16 -26 -1 -7 -11 -10
right_child=1 -3 -4 22 8 6 -8 -9 9 10 -12 12 15 -15 24 -17 17 19 -20 -21 -22 -23 -24 -25 25 -27 -28 -29 -30 -31
leaf_value=0.010612151947850619 0.015182872454870121 0.025866627211499727 0.02238771031414882 0.020192998151068779 -0.040604035550979072 -0.00038126548195256097 0.022540766692681836 0.005468051368452782 0.016313041231386893 0.044635486473064097 -0.011725426560289911 0.0091418288319315647 -0.025096351493119118 0.013739630650908658 -0.022387676465033434 0.022257743135409867 0.011343316535549911 0.0038836901272691253 0.07236433245726287 -0.018280915818834658 -0.008766363890855302 0.011752186793082599 -0.018184491629329006 -0.010213722583799599 -0.030461209281840804 0.0025393019841814853 -0.019755196198009826 0.046773590076937308 0.0095603817201119039 0.0024185160000549208
leaf_weight=20.18265166785568 211.49351209402084 40.24341719225049 43.105138041079044 28.341800705529749 10.665270525962113 22.001980790868405 47.336450451985002 431.63477724790573 133.94021957553923 17.814109096303582 206.45612027402967 24.036000524647537 65.095477731898427 46.81438997387886 144.38219072576612 13.173044990748165 92.32951420545578 72.697663789615035 4.7269556466490021 66.890605948865414 327.5737600941211 14.452125300653277 96.445218905806541 44.733057119883597 21.219196710735559 70.361699146218598 106.30617840960622 9.7673599869012815 41.593466064892709 203.11541843414307
leaf_count=579 1390 829 317 239 60 181 352 2518 751 201 2768 365 887 231 3367 149 527 451 64 355 2669 218 1029 410 181 537 4055 63 353 1184
internal_value=0.000125462 0.000873837 0.000463339 7.1677e-05 0.000792693 0.00408822 0.00127446 -2.50888e-05 -0.00197662 0.00136616 -0.00438762 0.00400564 -0.00423238 -0.00657972 -0.008592 -0.0123953 -0.00151847 0.000445576 0.0216142 -0.00679206 -0.00662019 -0.018339 -0.00965633 0.0016928 -0.0158269 -0.00535331 -0.0148645 0.0151013 0.0206429 0.00797189
internal_weight=2678.93 2552.44 2512.2 2469.09 2299.57 1049.81 838.314 790.978 1249.76 724.403 387.347 180.891 121.484 525.361 478.546 92.7206 242.583 231.918 28.763 139.588 359.343 79.5476 169.52 73.0749 235.963 91.5809 126.489 31.7693 59.4076 337.056
internal_count=27280 22646 21817 21500 19822 7173 5783 5431 12649 6940 5005 2237 1683 5709 5478 1254 1393 1333 429 806 2913 1105 1678 649 4085 718 4634 244 554 1935
is_linear=0
shrinkage=0.03


Tree=115
num_leaves=31
num_cat=0
split_feature=18 45 45 22 16 7 16 33 31 49 25 22 7 40 22 31 45 16 19 3 39 46 24 27 21 39 31 25 21 25
split_gain=33.2028 20.2506 19.472 19.2108 18.7653 18.3494 22.6224 19.0351 19.494 18.6949 21.1092 17.8534 17.9304 17.6676 16.2692 17.8234 16.8942 15.9759 15.5737 15.5557 15.5114 15.4001 14.4747 16.3182 42.9707 15.6837 14.8712 18.5375 17.6289 21.9438
threshold=71.357142857142875 6.1500000000000012 6.6500000000000012 5.6250000000000009 881.50000000000011 -0.12499999999999993 1401.5000000000002 172.99847412655996 0.21050000000000002 82.500000000000014 0.097964660725097311 5.6250000000000009 0.15833333333333333 2.7500000000000004 6.541666666666667 0.052500000000000005 6.9500000000000011 844.50000000000011 6.4642857142857162 121.50000000000001 97.700000000000003 131.50000000000003 0.21563498982853821 124.50000000000001 -0.64888311849892577 88.90000000000002 0.07400000000000001 0.91037613702198772 0.73475716197273266 -0.93540483100319605
decision_type=2 2 2 2 2 2 2 2 2 2 2 2 2 2 2 2 2 2 2 2 2 2 2 2 2 2 2 2 2 2
left_child=1 3 -2 4 -1 6 20 8 9 -7 17 12 -4 -6 15 -12 -17 -11 -18 -10 -3 -8 23 24 -13 -24 28 -28 -25 -30
right_child=2 5 11 -5 13 7 21 -9 19 10 14 22 -14 -15 -16 16 18 -19 -20 -21 -22 -23 25 26 -26 -27 27 -29 29 -31
leaf_value=-0.02137500826303429 -0.0077122642579987933 -0.012567837067661906 0.0086931316055028646 -0.026311925967588051 0.054354259695778631 0.0062720071084502171 -0.0010244237033349582 0.0099328370345184522 0.063515904914803009 0.018645040649189794 0.014504016712725082 0.039369592062000781 0.031884661703795475 -0.0059730074299256626 -0.02146832113181979 -0.029630230264029691 -0.011637364310917853 -0.0030596950453271551 0.024181127352534731 0.0061626931606249087 -0.00035153860305833952 0.023640217114318966 -0.0032763063083572829 0.0019001839690650794 -0.025770232211164867 0.019804734814132335 0.010926155695414885 -0.011948659714618812 0.02661299045013692 -0.020355377052284553
leaf_weight=14.358770416118206 118.90154173318297 317.85316739045084 249.11989274155349 59.731564526446164 7.692622845061126 156.22035895194858 77.323584077879786 170.65304370969534 6.1712287962436703 37.465000360272825 30.743331832811236 10.268977787345646 33.412105955183506 8.4272903837263566 96.292720260098577 29.633201643824577 37.448758630082011 146.88639857247472 14.264668497256933 11.075135128572581 132.46452831104398 31.254992105066776 38.494796182960272 346.51179168839008 47.899172348901629 82.240789772942662 243.53926335461438 35.824686959385872 9.4779282435774785 64.947984566912055
leaf_count=384 1487 4245 1673 2083 73 2237 619 1065 105 261 485 79 252 163 1562 553 634 1039 98 135 1677 181 302 2408 611 536 1607 175 81 409
internal_value=0.00032521 -0.00289167 0.00380619 -0.0165561 0.00279167 -0.00192832 -0.00602243 0.00118097 -0.0014697 -0.00247933 -0.00596749 0.0049907 0.0115385 0.0243092 -0.0124857 -0.00464752 -0.0119737 0.00142807 -0.00148587 0.0290415 -0.00898306 0.00622639 0.00287585 0.00133273 -0.0137995 0.0124792 0.00260752 0.00796061 -0.000955617 -0.0141006
internal_weight=2666.6 1385.96 1280.64 90.2102 30.4787 1295.75 558.896 736.854 566.201 548.954 392.734 1161.74 282.532 16.1199 208.383 112.09 81.3466 184.351 51.7134 17.2464 450.318 108.579 879.205 758.47 58.1682 120.736 700.302 279.364 420.938 74.4259
internal_count=27219 17599 9620 2703 620 14896 6722 8174 7109 6869 4632 8133 1925 236 3332 1770 1285 1300 732 240 5922 800 6208 5370 690 838 4680 1782 2898 490
is_linear=0
shrinkage=0.03


Tree=116
num_leaves=31
num_cat=0
split_feature=5 27 22 25 25 25 26 27 26 21 21 22 26 46 11 3 28 9 36 48 23 21 26 9 17 36 22 1 17 3
split_gain=33.388 34.7651 31.0678 28.4194 20.9483 29.9334 19.9457 19.6336 18.1376 18.9941 18.0125 19.0699 25.9542 29.3263 17.0816 16.7012 23.7874 19.7017 16.5284 16.2719 18.0975 16.253 16.5432 16.7108 16.0428 14.7736 18.1611 14.6072 13.857 13.8116
threshold=0.76666666666666672 128.50000000000003 6.7083333333333348 -1.0000000180025095e-35 -0.16280825711808972 -0.72947329433276231 -0.81241147629689003 142.50000000000003 0.38268343236508995 0.72673463260470839 0.471172905082964 7.041666666666667 0.22695468355932452 157.00000000000003 29.500000000000004 142.50000000000003 0.0057700000000000008 0.62000000000000011 0.29847499999999999 203.50000000000003 0.15831244778613199 1.4433502777192653 0.29012925520284133 0.94000000000000006 3726.5000000000005 0.24872499999999995 7.541666666666667 172.78571428571431 7872.5000000000009 180.50000000000003
decision_type=2 2 2 2 2 2 2 2 2 2 2 2 2 2 2 2 2 2 2 2 2 2 2 2 2 2 2 2 2 2
left_child=1 2 3 6 5 21 24 -7 14 -10 11 12 19 27 -8 16 -13 -17 -4 20 -6 22 23 -3 -1 26 -24 -14 -11 -22
right_child=-2 4 18 -5 10 7 8 -9 9 28 -12 15 13 -15 -16 17 -18 -19 -20 -21 29 -23 25 -25 -26 -27 -28 -29 -30 -31
leaf_value=0.0023198045830317075 0.011085977544563948 -0.0076232743742209461 -0.02238500760448791 -0.011991706984214468 -0.017984712698930143 0.0056485123727895992 -0.014825057491496877 0.022193993919154598 0.00054029681817837174 0.059719758094615369 -0.007404100381517717 -0.0088991905134632159 -0.030610713187261718 0.026496273903760113 0.034440665012017542 -0.014039032425953878 0.048765412471744429 0.014905888707083335 -0.0039603960546876898 -0.0047635045519585422 0.017346773236910147 0.030275908717912053 0.0198322080029728 0.030578530809722244 0.030136765979818243 -0.0012045673043923008 -0.011254919958824225 -0.0047186081662411354 0.009809770161030398 0.0027047945966406015
leaf_weight=36.694150222465396 214.06437004450709 239.43730912357569 142.81081701815128 177.89948412962258 17.256813120096922 150.35481106862426 85.641104275360703 113.37549877539277 85.879048044793308 8.3332904074341076 350.95101355295628 14.516843432560565 36.955226170830429 15.851971689611672 5.8944177180528632 150.40092335827649 10.219546699896453 23.764825301244855 63.738996440544724 71.964110691100359 193.36392290983349 14.884417168796061 82.170613944530487 9.7939590886235219 37.350033275783062 147.28892826288939 20.528629969805479 41.470867604017258 11.845586284995077 83.226952851749957
leaf_count=211 1886 1827 3627 3364 109 969 1070 895 708 49 3651 154 1472 81 50 1595 98 171 808 463 1326 88 442 44 279 796 105 262 114 514
internal_value=-0.000246597 -0.00124337 -0.00714425 -0.00270521 0.000924942 0.00462225 0.00339833 0.0128182 -0.0015946 0.00682186 -0.00192439 0.00100066 0.0043544 -0.00961108 -0.0113147 -0.00674001 0.0158934 -0.010027 -0.0167459 0.00797001 0.0110941 0.000401063 -0.000548412 -0.00600587 0.0165661 0.00489477 0.0135696 -0.017151 0.0322677 0.0129666
internal_weight=2657.93 2443.86 656.087 449.537 1787.78 777.834 271.638 263.73 197.593 106.058 1009.94 658.992 460.09 94.2781 91.5355 198.902 24.7364 174.166 206.55 365.812 293.848 514.104 499.219 249.231 74.0442 249.988 102.699 78.4261 20.1789 276.591
internal_count=27228 25342 10280 5845 15062 5166 2481 1864 1991 871 9896 6245 4227 1815 1120 2018 252 1766 4435 2412 1949 3302 3214 1871 490 1343 547 1734 163 1840
is_linear=0
shrinkage=0.03


Tree=117
num_leaves=31
num_cat=0
split_feature=35 5 2 20 40 7 21 22 21 29 26 2 29 26 3 16 15 56 21 24 2 34 50 49 35 4 50 24 27 22
split_gain=32.6241 25.0246 20.3317 22.4042 19.3985 19.1946 18.0898 15.518 15.4487 15.9038 15.1463 18.3594 14.9061 14.7467 17.0689 16.3507 19.0286 13.2753 12.8355 14.578 13.3238 13.1046 14.1342 12.6841 14.2899 12.8068 12.6753 17.5905 14.4367 14.4865
threshold=130.38566747279785 1.3 97.500000000000014 46.261538461538471 5.1500000000000012 -0.074999999999999942 1.9329333344409647 6.4583333333333348 0.6704366220588015 0.80350000000000021 0.88144907265856365 175.50000000000003 1.5445000000000002 0.52778511650980109 141.50000000000003 1801.5000000000002 387.50000000000006 1.0000000180025095e-35 1.2740862455853774 0.17206290471785382 123.50000000000001 150.46410838525429 142.50000000000003 79.500000000000014 194.2563305674332 3.7341665675358038 128.50000000000003 0.20565688606925717 132.00000000000003 6.6250000000000009
decision_type=2 2 2 2 2 2 2 2 2 2 2 2 2 2 2 2 2 2 2 2 2 2 2 2 2 2 2 2 2 2
left_child=-1 2 4 5 17 10 18 -7 9 -9 11 13 -6 -4 -15 16 -16 -2 19 -5 21 22 -21 25 -25 -22 -11 28 29 -28
right_child=1 -3 3 6 12 7 -8 8 -10 26 -12 -13 -14 14 15 -17 -18 -19 -20 20 23 -23 -24 24 -26 -27 27 -29 -30 -31
leaf_value=-0.012718207795065122 -0.011933044286612729 0.019473134870010587 -0.0014348509225419763 0.023487667631557317 -0.02677811163074887 0.010249793267046153 0.034566039002944866 -0.025111068910318703 -0.0075888100473149667 0.014974144575072538 -0.014021013699404969 0.023402281356398477 0.024594034734484502 -0.021046074836906348 -0.0059922136978545187 -0.034695049750957309 0.021104691831917606 0.021974232140945491 -0.027509066682604711 -0.0099338888216280209 0.054431928865119619 0.04160776743871987 0.020136987519239379 -0.016449922167563611 0.025656513269171184 -0.0016401548129099499 0.035136043827163087 -0.013251599846384314 0.014061727656288917 -0.013982776468829092
leaf_weight=168.90865427162498 21.464562591165304 62.422905532643199 938.33485776744783 13.763659165240822 59.315697460435331 371.70161786023527 8.5230105016380531 13.748263098299502 113.30813754629344 107.70679355598986 66.68470973148942 29.885513637214899 4.779892284423112 14.560386158525942 30.307692408561707 5.4401688016951075 95.037866314873099 18.381529191508889 25.400525174103677 42.537645547650754 3.0044421702623358 6.5570694226771584 19.783056689426303 160.96076148375869 6.7254948914051047 42.802640342153609 5.3470836114138356 48.700389214791358 93.996988601051271 36.283642179332674
leaf_count=5720 302 571 6533 147 602 2689 56 156 810 760 1015 150 30 83 512 31 612 130 367 553 28 49 251 2780 56 568 44 392 659 359
internal_value=-2.86133e-06 0.000872358 0.000381682 0.000970205 -0.0125324 0.00218215 -0.00625201 0.0057957 0.00183027 0.00533387 -0.000241864 0.000595125 -0.0226281 -5.48413e-05 0.00880324 0.0122609 0.0145573 0.00386386 -0.0074378 -0.00562943 -0.00712657 0.00429955 -0.000220938 -0.0108157 -0.014619 0.00312189 0.00684794 0.00204445 0.00759366 -0.00699771
internal_weight=2636.38 2467.47 2405.04 2301.1 103.942 1971.04 330.058 790.793 419.091 305.783 1180.25 1113.57 64.0956 1083.68 145.346 130.786 125.346 39.8461 321.535 296.135 282.371 68.8778 62.3207 213.493 167.686 45.8071 292.035 184.328 135.628 41.6307
internal_count=27015 21295 20724 19660 1064 14805 4855 5869 3180 2370 8936 7921 632 7771 1238 1155 1124 432 4799 4432 4285 853 804 3432 2836 596 2214 1454 1062 403
is_linear=0
shrinkage=0.03


Tree=118
num_leaves=31
num_cat=0
split_feature=35 33 1 22 20 50 22 37 38 23 2 7 23 21 7 39 24 25 15 2 15 31 21 38 2 24 35 18 30 1
split_gain=30.5137 28.9587 20.1321 17.0571 24.5582 22.1288 40.4771 19.0842 19.2863 23.9149 18.52 18.3281 19.3217 17.9497 16.2899 16.1707 15.0822 16.4031 40.8942 13.8411 16.0341 13.7186 14.1478 13.6204 12.9176 20.2306 14.2203 12.9012 16.6056 21.5463
threshold=123.00976775396045 205.60855771946493 188.21428571428575 6.2083333333333348 38.265384615384626 145.50000000000003 6.6250000000000009 29.000000000000004 24.550000000000004 0.13873295910184444 91.500000000000014 -0.041666666666666644 0.33798076923076931 -0.19124100577631956 -0.15833333333333327 98.050000000000011 0.21680376028202111 -0.83146961230254501 610.50000000000011 154.50000000000003 352.50000000000006 0.05000000000000001 -0.36639656163370155 28.950000000000003 124.50000000000001 0.19526212503504348 168.39165928462828 69.357142857142875 79.65000000000002 149.35714285714286
decision_type=2 2 2 2 2 2 2 2 2 2 2 2 2 2 2 2 2 2 2 2 2 2 2 2 2 2 2 2 2 2
left_child=-1 2 3 11 5 10 -7 14 9 -9 -5 15 19 24 -6 -2 17 18 -15 20 -13 22 -17 -8 -10 -26 -27 -12 -29 -30
right_child=1 -3 -4 4 7 6 23 8 13 -11 27 12 -14 16 -16 21 -18 -19 -20 -21 -22 -23 -24 -25 25 26 -28 28 29 -31
leaf_value=-0.016262835689206095 -0.0032523506637603204 0.02681997910402183 0.030236352671275984 -0.029960268182606858 -0.006191682237263481 0.010446536247467541 -0.036092642701695259 0.023069728103288858 0.017515337042621995 -0.021282051088341077 -0.002298112397773334 -0.0033620811362451782 -0.018050809324356765 0.025685235888505072 0.021161120170475504 -0.016930165215852503 0.0071801201021407489 -0.013586583935540429 -0.02225328917711045 0.029945356375018415 0.011905167071452838 0.015028208535803386 0.0068253648796441886 -0.010284442299110744 0.033490493401737501 -0.020872899792962873 0.0038202280789448634 0.017274804788613905 0.012183708608873516 -0.0038609618793556339
leaf_weight=98.003540417179465 443.63798346277326 36.674544092267752 19.082463584840298 12.767179605551062 36.613878475502133 53.998805968090892 37.139402468688786 11.167260992340742 44.383365185000002 125.08553228527308 149.1289702244103 81.532593081705272 22.777511379681528 33.378768414258957 40.297738495282829 31.922217183746397 49.449922494590282 275.08710191771388 29.0000403765589 27.75165706500411 251.41185505315661 97.097652169875801 70.717166331596673 37.725771364755929 11.643828901462255 36.837954428978264 46.563819419592619 121.30492961034179 149.04656076058745 150.53533409629017
leaf_count=4036 3932 796 86 137 323 379 452 136 467 1936 1195 1129 180 223 381 285 577 3051 253 179 1741 702 568 249 111 722 274 887 880 939
internal_value=7.61143e-05 0.000714256 0.000320261 7.77806e-05 -0.00201542 0.00196182 -0.00924258 -0.0058403 -0.00748317 -0.0175054 0.00445091 0.00303501 0.00821721 -0.00486048 0.00822744 -6.17178e-05 -0.00818068 -0.0104461 0.00339904 0.00992132 0.0081676 0.00700593 -0.00065499 -0.0233945 0.00434575 -0.00192237 -0.00720463 0.00527276 0.00795437 0.00413548
internal_weight=2631.77 2533.76 2497.09 2478 1451.16 711.647 128.864 739.509 662.598 136.253 582.783 1026.85 383.474 526.345 76.9116 643.375 386.916 337.466 62.3788 360.696 332.944 199.737 102.639 74.8652 139.429 95.0456 83.4018 570.016 420.887 299.582
internal_count=27206 23170 22374 22288 13572 5118 1080 8454 7750 2072 4038 8716 3229 5678 704 5487 4104 3527 476 3049 2870 1555 853 701 1574 1107 996 3901 2706 1819
is_linear=0
shrinkage=0.03


Tree=119
num_leaves=31
num_cat=0
split_feature=6 46 20 22 39 11 16 3 50 37 23 21 46 2 23 31 22 2 3 14 15 21 37 3 10 46 2 3 39 31
split_gain=29.332 26.2375 26.1593 21.5714 26.4342 25.2978 24.0505 22.6037 24.9098 19.8071 21.8057 20.542 18.867 19.9574 19.3055 18.4024 18.3799 18.1293 18.047 17.1511 17.1281 17.1154 15.9244 23.6567 19.4276 18.338 15.0573 14.9297 15.5701 14.8573
threshold=1.0500000000000005 96.000000000000014 46.123076923076937 6.4583333333333348 81.700000000000017 39.500000000000007 1170.5000000000002 168.50000000000003 106.00000000000001 39.500000000000007 0.20396764252696456 -0.41633372968572707 108.00000000000001 144.50000000000003 0.29128787878787882 0.10100000000000002 6.8750000000000009 170.50000000000003 156.50000000000003 506.50000000000006 799.50000000000011 0.55665707735047587 46.500000000000007 178.50000000000003 97.500000000000014 157.00000000000003 91.500000000000014 133.50000000000003 75.850000000000009 0.036000000000000011
decision_type=2 2 2 2 2 2 2 2 2 2 2 2 2 2 2 2 2 2 2 2 2 2 2 2 2 2 2 2 2 2
left_child=1 16 3 5 -5 22 12 8 -8 10 11 -4 13 -6 15 -14 27 26 21 -9 -12 -16 -3 -24 -25 -26 29 28 -1 -11
right_child=-2 2 9 4 6 -7 7 19 -10 17 20 -13 14 -15 18 -17 -18 -19 -20 -21 -22 -23 23 24 25 -27 -28 -29 -30 -31
leaf_value=0.02396660141970184 0.01944732223541348 0.0088635294111895756 -0.025507327340468136 -0.014331534479941689 0.043360503141071184 0.02248554710756746 0.021486022904915511 -0.00054207628520763914 -0.015201011735653587 0.060115575321379261 -0.0081433456777065278 0.036663880670570671 0.0018479182087640935 -0.024081267800786933 0.035459537100774256 0.015955297264046431 -0.024217636401925959 0.010333350799184687 -0.018424879064167354 0.031056807295348286 0.0265144497781944 -0.020849002051627555 0.0054990677976226804 0.033180426398768399 -0.010737520497430288 0.018688986549205346 -0.018992500925560696 -0.013721343181237425 -0.0060167819453808948 -0.023017972632208328
leaf_weight=24.767551475204527 65.970027800649405 315.73171411640942 5.2577961441129473 125.69502896629274 18.949458966962997 66.159790024161339 17.380807243287563 177.75474284589291 189.54220343381166 3.4942151894792906 121.83508622646332 22.250175283290446 280.39696183986962 4.2339365324005476 11.918076177127661 117.53496335539967 63.65176797285676 23.955775544047356 58.437639812007546 15.928724352270363 13.352302841842173 6.9548646388575426 358.81270179152489 9.6737979426980001 220.42215505149215 19.948204040527344 162.58786259870976 75.81900926027447 38.69703705329448 2.669507073238492
leaf_count=431 560 2237 99 1247 187 675 92 1186 1409 25 1606 200 2119 50 111 845 2441 125 439 109 80 63 2830 60 1683 114 3805 1306 970 107
internal_value=-0.00015365 -0.000663405 0.000224681 0.00154884 -0.00150241 0.00470306 0.000305183 -0.0051609 -0.0120309 -0.00726785 0.00044642 0.0243027 0.00470005 0.0305573 0.00337716 0.00604429 -0.0109891 -0.0137494 -0.0102529 0.00220282 -0.00455068 0.0147043 0.0034077 0.000568611 -0.0065003 -0.00822812 -0.0172089 -0.00481416 0.00587473 0.0259234
internal_weight=2639.78 2573.81 2370.88 2015.48 1024.73 990.748 899.032 400.606 206.923 355.403 162.695 27.508 498.426 23.1834 475.243 397.932 202.935 192.707 77.3106 193.683 135.187 18.8729 924.589 608.857 250.044 240.37 168.752 139.284 63.4646 6.16372
internal_count=27211 26651 21503 15456 7857 7599 6610 2796 1501 6047 1985 299 3814 237 3577 2964 5148 4062 613 1295 1686 174 6924 4687 1857 1797 3937 2707 1401 132
is_linear=0
shrinkage=0.03


Tree=120
num_leaves=31
num_cat=0
split_feature=29 25 26 16 25 26 2 29 49 23 18 28 26 11 22 39 25 2 22 26 0 22 27 41 22 30 3 33 35 15
split_gain=33.0424 24.5433 28.4686 26.9652 22.4006 25.0089 25.3279 21.4571 20.2156 29.2584 24.2597 21.5572 19.9816 23.769 20.5942 24.8436 19.2196 23.3406 18.8892 17.8722 23.4765 17.5992 17.1326 16.69 19.8291 16.5333 16.4801 16.044 17.1317 16.0011
threshold=0.83000000000000007 -1.0000000180025095e-35 -0.81241147629689003 4470.5000000000009 0.63405362205439475 -0.13052619222005143 156.50000000000003 0.96950000000000014 82.500000000000014 0.29948453608247422 73.785714285714292 0.0069700000000000014 0.38268343236508995 16.500000000000004 4.1250000000000009 88.90000000000002 -0.19509032201612828 120.50000000000001 6.6250000000000009 -0.99465189230620688 167.50000000000003 6.6250000000000009 138.50000000000003 1.0000000180025095e-35 5.9583333333333348 82.800000000000011 208.50000000000003 145.38917524442471 181.07423482383754 638.50000000000011
decision_type=2 2 2 2 2 2 2 2 2 2 2 2 2 2 2 2 2 2 2 2 2 2 2 2 2 2 2 2 2 2
left_child=18 2 16 4 19 8 -7 -8 10 -10 -6 29 13 22 -14 23 17 25 -1 27 -21 -15 -4 24 -16 -2 -17 -3 -29 -12
right_child=1 3 12 -5 5 6 7 -9 9 -11 11 -13 14 21 15 26 -18 -19 -20 20 -22 -23 -24 -25 -26 -27 -28 28 -30 -31
leaf_value=-0.0045410045910030949 -0.0011473743050213819 -0.011354970042305025 -0.012605216766103537 0.041890971354512266 0.020376944787128315 -0.015256822965317421 0.03908021524195255 -0.0014077642403107554 0.0031498645423958757 -0.021730928557848819 -0.0050827249788368166 -0.025035716217213413 0.027702706314951229 0.038088759141633496 0.0047596324965208034 0.013572499881381553 0.0037834960348099656 0.028186707095381472 -0.021724376083486915 -0.020846334640389895 -0.0031594666125181171 -0.0015743304146679825 0.00030283759072780784 0.0023851908604162401 -0.02744348672765981 0.029336096940372716 -0.015794572079397912 0.02571157347638402 -0.007711015901645555 0.022322968814178407
leaf_weight=186.00816461909562 63.555245848372579 42.614948941394687 177.19952638447285 11.482728313654659 116.00406698323786 146.21230627316982 13.186643181368707 69.088595120236278 272.50546962209046 49.371848857030272 40.108115896582603 22.441297488287091 33.913553135469556 19.258554302155972 27.519580096937716 195.35011538024992 154.86674218252301 96.59792659804225 82.879234845750034 141.95015868637711 128.8315666206181 19.86529229581356 192.43184538930655 151.2696151630953 43.801430600695312 20.375189311802387 18.017876509577036 34.455319028347731 21.989437215030193 35.220992632210255
leaf_count=2770 429 276 1893 69 668 4465 82 522 1674 313 219 137 216 149 171 1284 877 820 2322 3391 853 164 1167 1059 410 160 108 174 104 203
internal_value=4.5624e-05 0.00118255 0.00415301 -0.00196658 -0.0024472 0.000488237 -0.00780105 0.0054728 0.00403206 -0.000722014 0.0111602 0.000129079 0.00131001 -0.00353599 0.00552424 0.00373951 0.0115747 0.0182008 -0.00989831 -0.00849714 -0.0124739 0.0184124 -0.00590254 -0.00326746 -0.0151237 0.00651116 0.0110305 0.00238951 0.0127834 0.0078557
internal_weight=2628.37 2359.49 1214.02 1145.46 1133.98 764.139 228.488 82.2752 535.652 321.877 213.774 97.7704 878.627 408.755 469.872 435.959 335.395 180.528 268.887 369.841 270.782 39.1238 369.631 222.591 71.321 83.9304 213.368 99.0597 56.4448 75.3291
internal_count=27149 22057 8907 13150 13081 8283 5069 604 3214 1987 1227 559 6621 3373 3248 3032 2286 1409 5092 4798 4244 313 3060 1640 581 589 1392 554 278 422
is_linear=0
shrinkage=0.03


Tree=121
num_leaves=31
num_cat=0
split_feature=5 45 25 25 25 20 17 22 1 50 21 21 16 4 32 23 31 20 37 28 13 50 50 30 22 38 46 31 21 14
split_gain=27.7882 26.8203 20.8728 29.7129 26.9028 27.897 25.6615 26.3994 21.7832 19.9956 23.6637 20.5764 34.6148 19.027 18.5007 17.974 22.7031 19.346 21.1489 17.9377 21.2916 16.6668 15.9664 15.6136 15.438 15.0472 14.7882 15.2602 18.6605 19.2826
threshold=1.3 6.1500000000000012 -1.0000000180025095e-35 0.63405362205439475 -0.72947329433276231 34.657692307692322 6113.5000000000009 6.1250000000000009 171.07142857142858 136.00000000000003 0.59893173922203446 -1.312672233882221 1295.5000000000002 4.1405313623578754 0.20300000000000004 0.29249530956848036 0.21050000000000002 49.626923076923084 44.000000000000007 0.0038200000000000005 21.862874223529968 123.50000000000001 154.00000000000003 84.300000000000026 5.6250000000000009 25.750000000000004 138.50000000000003 0.046500000000000007 -1.277648337674621 350.50000000000006
decision_type=2 2 2 2 2 2 2 2 2 2 2 2 2 2 2 2 2 2 2 2 2 2 2 2 2 2 2 2 2 2
left_child=1 24 4 8 9 -6 14 -8 -4 19 11 12 -11 -13 25 16 17 26 -19 -3 -21 -9 -12 -17 -1 -7 27 -5 29 -29
right_child=-2 2 3 15 5 6 7 21 -10 10 22 13 -14 -15 -16 23 -18 18 -20 20 -22 -23 -24 -25 -26 -27 -28 28 -30 -31
leaf_value=0.0002759629989238431 0.019369661300872369 0.018254046771276098 -0.014940755683758515 0.010120302270894615 0.017958624877968756 -0.015284145014812846 0.010474912262006314 0.0049930049516175162 5.5148975466028746e-06 0.038980274597647448 0.0022509261876472587 0.019801792654786137 -0.033686348062896485 -0.018159344134763056 0.017919887099715179 -0.014662648608588503 0.060351124363425844 0.002424613033382692 -0.021523810303527374 -0.0019495782575984953 0.023904451030135936 -0.020207767862775977 0.050237018011587899 0.011664209856867783 -0.024758073954833929 0.0085580767589351833 0.012900159467020845 -0.03720546142647544 0.00071087632556839184 0.0065894322364242232
leaf_weight=33.966995665803552 63.063837111927569 59.005019512027502 250.35117466468364 123.26628206111491 162.14936126582325 34.305054556578398 62.843585753813386 31.881219141185284 134.83967165276408 15.547893755137922 83.70183889567852 11.915786689147351 8.2483875341713411 179.55505762249231 121.29715890996158 105.93618545867503 5.0395529558882108 74.041620383970439 58.884552661329508 307.5294488593936 30.604824295267463 86.516458606347442 5.7540386207401744 24.223528707399964 62.718212022446096 72.265619743615389 137.98208648618311 24.457622990943491 221.73332476615906 13.62579922005534
leaf_count=703 603 355 4350 1108 1197 245 482 272 915 99 695 73 52 1391 743 1252 78 1384 1542 2241 236 822 37 199 2385 478 995 240 1887 71
internal_value=-0.00014444 -0.000635564 -2.0314e-05 -0.0029036 0.00263954 0.00746746 0.00327566 -0.00513375 -0.00972221 -0.00129502 -0.00706374 -0.012436 0.0134495 -0.0157063 0.00995752 0.000432546 0.00244769 0.00191003 -0.00826572 0.00313792 0.000454079 -0.0134369 0.00585877 -0.00971148 -0.0160504 0.000812538 0.00451678 0.00147146 -0.00265493 -0.0217685
internal_weight=2607.25 2544.19 2447.5 1174.38 1273.12 571.258 409.109 181.241 385.191 701.862 304.723 215.267 23.7963 191.471 227.868 789.191 659.031 653.991 132.926 397.139 338.134 118.398 89.4559 130.16 96.6852 106.571 521.065 383.083 259.817 38.0834
internal_count=27130 26527 23439 14021 9418 4239 3042 1576 5265 5179 2347 1615 151 1464 1466 8756 7305 7227 2926 2832 2477 1094 732 1451 3088 723 4301 3306 2198 311
is_linear=0
shrinkage=0.03


Tree=122
num_leaves=31
num_cat=0
split_feature=5 35 24 39 1 25 4 26 26 11 21 24 47 23 23 37 24 37 20 3 19 47 25 21 28 47 25 2 39 20
split_gain=25.9354 24.9688 16.81 38.8589 21.0025 16.6229 29.1958 23.0739 23.0781 32.7486 20.8096 19.1317 18.3147 15.4438 25.8682 32.1165 18.3119 15.3671 20.6417 14.8232 14.5943 14.2386 16.6246 19.8995 14.3423 14.1607 13.6716 13.3301 18.0705 21.9062
threshold=0.70000000000000007 126.00106295819079 0.21563498982853821 98.050000000000011 188.21428571428575 0.097964660725097311 7.0586117469709704 -0.81241147629689003 0.29012925520284133 16.500000000000004 1.3310024500184563 0.19526212503504348 76.000000000000014 0.23453443877551022 0.15094936708860762 36.500000000000007 0.19253938832252088 31.500000000000004 39.011538461538471 195.50000000000003 12.035714285714286 186.50000000000003 0.91037613702198772 -0.070265295633763686 0.0075350000000000009 134.50000000000003 -0.4124860612920454 130.50000000000003 101.70000000000002 37.588461538461551
decision_type=2 2 2 2 2 2 2 2 2 2 2 2 2 2 2 2 2 2 2 2 2 2 2 2 2 2 2 2 2 2
left_child=1 -1 4 -4 5 7 11 13 9 10 20 12 -7 14 -3 -16 -15 -18 -19 -12 -9 22 24 -24 -14 -25 27 28 29 -10
right_child=-2 2 3 -5 -6 6 -8 8 26 -11 19 -13 21 16 15 -17 17 18 -20 -21 -22 -23 23 25 -26 -27 -28 -29 -30 -31
leaf_value=-0.014233861909305643 0.0096304644849710044 -0.01741917377746487 0.00014486468291459819 0.024114007215527214 0.031960546213753847 0.04130852109626882 -0.010806824923222522 -0.014494230630458236 0.014119667172065455 0.024000698518546401 -0.0035691803703898988 -0.0044275311728239949 0.020694394922748476 0.014921687917917339 -0.0096800083517416535 0.026578447438717376 0.024525410578819747 0.00077935795014308102 -0.025376802780894048 0.05517239890926498 0.019337493662988977 -0.042150094468581437 0.012874328992159375 -0.028700534548428514 -0.025290580789059221 0.0043404223548489801 -0.011954853204697255 0.0093996320085729113 -0.023383171453079745 -0.0085345491676820581
leaf_weight=112.41987495590001 250.69709042087197 19.009252104908228 221.40286095812917 82.963326804339886 16.416080117225647 12.846366365440188 356.73293854296207 253.73761232942343 73.927970053628087 25.266679130494595 8.3566581699997169 269.64608215261251 71.723945979960263 66.24165808968246 27.007770081982017 107.64035996235907 14.051481109112499 84.797652745619416 38.906869690865278 6.0186765119433394 11.178425004705785 4.5128706414252511 42.012201110832393 27.512463900260627 5.8239356400445095 19.373000081628561 50.597512654960155 219.53427032195032 27.820175684988499 77.886901676654816
leaf_count=4502 2278 120 2056 694 74 114 4653 2311 522 211 77 2840 674 426 162 701 85 533 272 33 81 36 395 260 84 194 799 1256 161 549
internal_value=0.000477019 -0.000500916 0.000193437 0.00673588 -0.000836702 -0.00113328 -0.00439899 0.00124792 -0.0017285 -0.00809164 -0.0110702 0.00065478 0.00809427 0.00751277 0.0146636 0.019288 0.0020813 -0.0041562 -0.00758466 0.0230136 -0.0129993 0.00537273 0.00690526 -0.00195936 0.0169629 -0.0152425 0.00258867 0.00445743 -0.00160109 0.00251738
internal_weight=2606.06 2355.37 2242.95 304.366 1938.58 1922.16 810.184 1111.98 754.325 304.558 279.291 453.451 183.805 357.655 153.657 134.648 203.998 137.756 123.705 14.3753 264.916 170.958 166.446 88.8977 77.5479 46.8855 449.767 399.169 179.635 151.815
internal_count=27153 24875 20373 2750 17623 17549 9250 8299 6000 2713 2502 4597 1757 2299 983 863 1316 890 805 110 2392 1643 1607 849 758 454 3287 2488 1232 1071
is_linear=0
shrinkage=0.03


Tree=123
num_leaves=31
num_cat=0
split_feature=5 29 25 26 23 4 37 22 49 39 22 4 26 21 23 11 20 50 50 31 35 23 16 36 21 1 36 23 23 26
split_gain=24.4857 23.9908 24.8828 38.048 21.1259 23.8589 22.8057 21.1003 19.7324 19.6408 19.6516 19.2873 18.8932 22.4895 18.073 17.4069 17.1886 19.384 26.0932 21.5299 17.4849 16.8723 16.4396 16.1566 15.9545 15.5773 22.914 15.3018 15.5907 14.9949
threshold=1.3 0.81650000000000011 -0.097964660725097436 -0.77259657388510627 0.29249530956848036 5.7591665795728382 38.500000000000007 6.4583333333333348 97.500000000000014 80.050000000000026 6.7083333333333348 4.7983329975364049 0.52778511650980109 0.57949556777454492 0.21913109756097562 40.500000000000007 49.626923076923084 136.00000000000003 137.50000000000003 0.05000000000000001 162.99860604171511 0.18133462282398452 4286.5000000000009 0.39297500000000002 0.59893173922203446 177.07142857142858 0.021408749999999952 0.21712938711367202 0.24681708299758257 -0.13052619222005143
decision_type=2 2 2 2 2 2 2 2 2 2 2 2 2 2 2 2 2 2 2 2 2 2 2 2 2 2 2 2 2 2
left_child=1 7 3 -3 5 6 8 -1 14 10 11 -5 15 -14 -4 -11 17 20 -19 -20 -8 -15 25 -9 29 26 -7 -25 -29 -6
right_child=-2 2 4 9 24 22 16 23 -10 12 -12 -13 13 21 -16 -17 -18 18 19 -21 -22 -23 -24 27 -26 -27 -28 28 -30 -31
leaf_value=-0.0025705511984957037 0.018265439816827739 0.012980680758410435 0.060994751032330069 0.031082258840646783 0.00039994350299816253 -0.016641564394436596 -0.013738211011986075 -0.028139968466069695 0.0074689816234024898 -0.0021499423453343689 -0.02344734951960678 -0.0066077037138026389 0.016447929983416997 0.039846526736745852 0.01158308303128093 0.032326399757932514 -0.016413470637989036 0.063768276218749947 0.03704679447197283 0.0019452463427306382 0.007489718644501331 -0.0073443316606140027 0.032757855890391027 -0.029450943340461003 -0.024420370166656404 0.0061057604018367193 -0.003091773874833535 0.066676708416716204 -0.0098082437951942762 -0.021507885120255019
leaf_weight=121.11914931889623 61.860786812379956 278.60698925890028 14.982627698220314 13.221653115004299 96.605754474177957 156.51819727104157 66.717406290583313 68.038932011462748 43.720049825496972 444.1821158118546 55.949660049751401 85.870139218866825 145.9295565681532 6.4943969994783393 12.401281195692716 12.583411045372484 40.683504218235612 7.8606873648241153 19.156197071075439 72.128368851728737 71.179823352023959 75.172830506227911 9.5454763695597631 5.2484012600034466 60.965474328026175 95.544069761410356 393.7374036051333 4.0986292492598277 4.1072311457246542 38.641836079768836
leaf_count=1995 589 1994 160 85 657 4437 738 2319 425 2998 720 748 1068 48 136 110 996 54 184 636 402 498 60 93 718 522 2602 77 111 919
internal_value=-0.000229121 -0.000690004 0.000177039 0.00339591 -0.00282127 -0.00105717 0.00527177 -0.0105633 0.0203054 0.000202964 -0.0094032 -0.0013185 0.00238977 0.0094309 0.0398143 -0.00113161 0.0013638 0.00447104 0.014519 0.00963298 -0.00280574 -0.00315497 -0.00442887 -0.0222674 -0.0117984 -0.00502832 -0.00696916 0.00732279 0.0314872 -0.0059713
internal_weight=2582.87 2521.01 2318.4 1118.01 1200.39 1004.18 348.83 202.612 71.104 839.404 155.041 99.0918 684.362 227.597 27.3839 456.766 277.726 237.042 99.1453 91.2846 137.897 81.6672 655.345 81.4932 196.213 645.8 550.256 13.4543 8.20586 135.248
internal_count=27099 26510 21915 8269 13646 11352 3731 4595 721 6275 1553 833 4722 1614 296 3108 3010 2014 874 820 1140 546 7621 2600 2294 7561 7039 281 188 1576
is_linear=0
shrinkage=0.03


Tree=124
num_leaves=31
num_cat=0
split_feature=5 45 25 26 26 33 26 25 26 11 23 3 9 32 25 32 22 22 23 17 24 23 16 24 28 23 31 14 19 23
split_gain=31.7513 26.9127 17.9463 33.46 29.2505 41.3939 19.2063 21.6021 20.8972 21.7175 20.379 20.0639 19.3139 20.1357 19.0428 18.7691 17.6834 17.1371 16.7544 16.9754 15.8956 15.1765 15.1609 15.2517 20.8441 15.1211 14.824 16.5319 21.2273 16.0987
threshold=0.70000000000000007 6.1500000000000012 0.097964660725097311 -0.81241147629689003 -0.065403129230143228 166.87425700279391 -0.77259657388510627 -0.19509032201612828 0.29012925520284133 24.500000000000004 0.15094936708860762 171.50000000000003 0.50000000000000011 0.19800000000000004 -0.47114434510950071 0.24900000000000003 4.9583333333333348 4.1250000000000009 0.23294573643410851 5920.5000000000009 0.21680376028202111 0.18808962264150944 2442.0000000000005 0.20722186076772933 0.004000000000000001 0.24371464487743558 0.046500000000000007 272.50000000000006 9.4642857142857171 0.16552511415525115
decision_type=2 2 2 2 2 2 2 2 2 2 2 2 2 2 2 2 2 2 2 2 2 2 2 2 2 2 2 2 2 2
left_child=1 -1 6 -4 20 -6 7 -3 9 11 -9 -8 13 16 17 -11 -12 -10 -15 -20 26 -7 23 24 25 -19 27 -5 -29 -28
right_child=-2 2 3 4 5 21 8 10 14 15 12 -13 -14 18 -16 -17 -18 22 19 -21 -22 -23 -24 -25 -26 -27 29 28 -30 -31
leaf_value=-0.017803816711753306 0.01033338373055463 0.016053383104148333 -0.016175248463742235 0.019985103427428551 -0.021118946293663697 0.022644741308433042 -0.022715877180325444 -0.036535426849787944 0.026951215467937644 0.042303056757489375 -0.043394487229702662 -0.0043248201322286101 0.023608105002405556 0.021180787407673481 -0.010981850758840494 -0.014798663314608579 -0.0052339558311262756 0.0050827985787837721 0.0056238502936129947 -0.029044150425425897 0.01704248060676062 -0.002439500002885453 -0.024561614824133261 0.012421225486091076 -0.0029238457386189663 0.046831995344894461 -0.031128636949027788 -0.013587527128434928 0.016642553772646396 -0.00083197147980572437
leaf_weight=80.994039121083915 248.66710626054555 156.87674301676452 153.67522703390568 66.72904004342854 130.56025075446814 25.7486407533288 66.036118575371802 10.810000721365212 30.497844491153955 13.780186586081983 12.039232589304445 265.89368171803653 36.643293410539627 49.352862007915974 71.412585192359984 7.3403559047728768 69.974541550502181 18.790585823357109 68.13362486474216 14.576413150876759 63.015973795205355 114.42067974805832 15.133044855669139 155.97569479420781 214.69162443839014 12.7076563462615 15.591502914205192 45.563007386401296 36.93886761367321 326.16935936361551
leaf_count=2837 2293 1204 1757 424 6202 157 1095 58 178 93 62 1962 204 268 1000 52 444 107 372 82 410 798 105 972 1294 75 91 258 202 2098
internal_value=0.00016145 -0.000918806 -0.000308523 -0.00337096 -0.000968403 -0.00903202 0.00201382 0.00728948 -0.000522265 -0.00614385 0.0019914 -0.00804089 0.00379106 0.000305 0.00330474 0.0226857 -0.011291 0.0056025 0.00753709 -0.000759844 0.00298126 0.00229616 0.00398155 0.00511385 0.000452686 0.0228489 0.00114561 0.00900145 -1.52869e-05 -0.00230092
internal_weight=2598.74 2350.07 2269.08 978.413 824.737 270.73 1290.67 418.407 872.259 353.05 261.53 331.93 250.72 214.077 519.209 21.1205 82.0138 447.796 132.063 82.71 554.008 140.169 417.299 402.166 246.19 31.4982 490.992 149.231 82.5019 341.761
internal_count=27154 24861 22024 12397 10640 7157 9627 2694 6933 3202 1490 3057 1432 1228 3731 145 506 2731 722 454 3483 955 2553 2448 1476 182 3073 884 460 2189
is_linear=0
shrinkage=0.03


Tree=125
num_leaves=31
num_cat=0
split_feature=27 5 22 22 27 39 3 37 20 20 36 4 22 27 2 36 20 22 22 17 34 47 2 47 42 17 36 49 2 35
split_gain=26.0173 23.4554 20.9968 16.6109 23.5111 18.9182 20.5828 24.5795 18.0824 16.7426 15.212 14.3776 14.2774 14.1928 13.895 18.6778 20.6422 14.7963 13.8729 16.7132 16.295 14.885 13.658 13.6487 21.5159 12.8688 12.8143 14.0152 13.81 12.5842
threshold=105.50000000000001 0.70000000000000007 6.7083333333333348 6.2083333333333348 135.00000000000003 98.050000000000011 178.50000000000003 48.500000000000007 39.473076923076938 38.5346153846154 0.12831749999999997 3.6179550546759747 6.6250000000000009 103.50000000000001 111.50000000000001 0.10993374999999991 38.188461538461546 4.3750000000000009 3.7916666666666674 7608.5000000000009 154.08613218450844 119.50000000000001 103.50000000000001 123.00000000000001 1.5000000000000002 8558.5000000000018 0.33822499999999994 84.500000000000014 148.50000000000003 189.72827743081419
decision_type=2 2 2 2 2 2 2 2 2 2 2 2 2 2 2 2 2 2 2 2 2 2 2 2 2 2 2 2 2 2
left_child=2 3 12 5 11 6 9 18 -6 -2 -11 -5 13 14 15 17 22 -1 -8 20 -20 -21 -17 -10 -25 -12 27 -13 -28 -3
right_child=1 29 -4 4 8 -7 7 -9 23 10 25 26 -14 -15 -16 16 -18 -19 19 21 -22 -23 -24 24 -26 -27 28 -29 -30 -31
leaf_value=0.055121841618215504 0.011285300671688297 0.0068207249231680067 -0.027987071035839809 0.027507330881360849 0.0041983892692748197 0.010114639546560791 0.024579678138094131 -0.016707286414591307 0.00043322430954807674 -0.011820247887226892 0.0017454680844501862 -0.0044573887195369774 0.042671298863526684 -0.034566494165262328 -0.021687025585781311 0.064095723135459429 -0.005221341530632269 -0.016369645360261042 -0.020471079771413127 0.028368673866804431 0.010483853867200263 -0.013763094768809846 0.0030195224676754081 -0.015405812013127542 0.020175582981363151 0.031298269680872626 0.0020092139780720939 -0.017970401910034923 -0.039463557146757436 0.025010192680297753
leaf_weight=1.8875777404755378 182.64223199337721 180.16930326912552 48.069696283899248 9.1073942147195321 534.43372313771397 257.10773664619774 20.55432703346014 111.62020279187709 211.01857752911747 75.381273129954934 146.1039666775614 120.5288759265095 4.6205286448821417 12.88478356413543 21.41946813184768 10.255635987967255 12.323522727936504 27.888376099057496 45.787608487531543 22.859666347503662 21.993329100310802 10.313011314719914 4.8043227419257155 132.99285596515983 16.396067285910249 13.602263055741785 113.93406430073082 163.53373194485903 6.7112314999103537 41.696420546621084
leaf_count=41 1303 1278 2197 121 3539 2071 164 956 2184 1859 883 1565 61 311 448 124 261 719 472 137 139 77 59 1622 188 74 726 2849 38 663
internal_value=0.000324746 0.00105883 -0.0120146 0.00012601 -0.00203662 0.00324184 0.000515533 -0.00660898 0.000699363 0.0044979 -0.000800782 -0.00794039 -0.00381783 -0.00660244 -0.00164036 0.0061155 0.0235841 -0.0101938 0.00272823 -0.00191822 -0.0104205 0.0152509 0.0460128 -0.00448646 -0.0113924 0.00444159 -0.00880393 -0.0122725 -0.000603274 0.0103361
internal_weight=2582.64 2438.49 144.154 2216.62 1308.66 907.966 650.858 233.128 894.841 417.73 235.088 413.815 96.0842 91.4637 78.5789 57.1594 27.3835 29.776 121.508 100.954 67.7809 33.1727 15.06 360.408 149.389 159.706 404.708 284.063 120.645 221.866
internal_count=27129 22908 4221 20967 12832 8135 6064 1945 7533 4119 2816 5299 2024 1963 1652 1204 444 760 989 825 611 214 183 3994 1810 957 5178 4414 764 1941
is_linear=0
shrinkage=0.03


Tree=126
num_leaves=31
num_cat=0
split_feature=25 25 27 25 26 31 22 35 50 2 1 26 10 12 21 21 23 38 31 38 23 21 27 23 26 11 17 39 23 3
split_gain=22.2974 38.5314 33.0394 27.0627 30.3933 25.878 25.1207 23.6241 26.8293 24.5087 23.2121 24.8926 22.4119 23.9659 20.3882 30.1293 24.6998 20.5756 19.6714 19.4477 18.3854 17.765 22.9909 17.5255 20.8334 26.8793 22.0638 19.581 28.3439 19.1348
threshold=-0.16280825711808972 -0.77259657388510627 143.50000000000003 0.63405362205439475 -0.41248606129204535 0.055000000000000007 6.791666666666667 133.47993308599703 149.50000000000003 102.50000000000001 171.07142857142858 -0.98611507088852035 142.50000000000003 29.500000000000004 -0.070265295633763686 -0.10617880772227219 0.22163742690058477 28.950000000000003 0.12200000000000001 26.100000000000005 0.2137002341920374 -0.64888311849892577 137.00000000000003 0.23956521739130437 0.29012925520284133 16.500000000000004 5581.5000000000009 88.550000000000011 0.22820976491862563 171.50000000000003
decision_type=2 2 2 2 2 2 2 2 2 2 2 2 2 2 2 2 2 2 2 2 2 2 2 2 2 2 2 2 2 2
left_child=1 23 6 5 12 -2 7 8 -3 -9 11 20 13 -5 15 16 17 -6 -18 21 -7 -8 -23 27 25 29 -26 -1 -29 -25
right_child=3 2 -4 4 14 10 19 9 -10 -11 -12 -13 -14 -15 -16 -17 18 -19 -20 -21 -22 22 -24 24 26 -27 -28 28 -30 -31
leaf_value=-0.016008425091630026 -0.016363158985780737 0.011523278444571449 0.022192048044270187 -0.037360813548710278 0.022146568184445242 0.016905355286186079 0.0088191867201198627 -0.012021778171517653 0.082858267415651415 0.012403312872975129 0.0093753221430457907 -0.019981746763446741 0.012784196372414373 0.0023973226126091651 -0.0093947747072665386 0.066921470376299697 -0.012000652716789288 -0.01613822738336405 0.015359174914002013 0.0067558578840959376 -0.0067136958567465786 -0.028173912319861757 0.030415994021893763 -0.025163084244647357 0.042889114647073755 0.033555990597430328 0.0067709217100401092 0.0053974098182154283 -0.020845938223819221 -0.0017557371301273569
leaf_weight=125.58502471912652 199.06042814813554 11.818644477985801 128.25249614194036 15.500978436321018 61.808057145215571 40.308597589842975 21.636731758713722 44.620171260088682 7.3896919619292012 196.98140014335513 99.453113730996847 91.557833564467728 236.33724995329976 78.272314929403365 270.54756596311927 5.4086853107437483 114.41829058900476 15.039228214882312 28.833298835903406 71.959821214899421 104.19753457419574 57.118870746344328 5.9032079130411139 41.268004160374403 15.993618238717316 14.524879848584531 152.99476811103523 152.67233095318079 47.804219936951995 123.26643721759319
leaf_count=1222 2666 125 1168 147 897 260 227 364 114 1422 669 2731 1379 731 4343 83 1697 200 358 512 671 776 40 855 102 123 958 1035 325 958
internal_value=7.02473e-05 0.00301432 0.00893302 -0.00256914 0.000835052 -0.0078219 0.00481596 0.010504 0.0417089 0.00786141 -0.00272086 -0.00783499 0.00787567 -0.00449967 -0.0038567 0.00279963 0.000928355 0.0145431 -0.00642544 -0.00466267 -5.44838e-05 -0.014334 -0.0222965 -0.00178291 0.00289562 -0.00422538 0.0104215 -0.00677048 -0.000932799 -0.00774324
internal_weight=2580.53 1219.79 545.681 1360.74 826.166 534.578 417.429 260.81 19.2083 241.602 335.517 236.064 330.111 93.7733 496.055 225.508 220.099 76.8473 143.252 156.619 144.506 84.6588 63.0221 674.109 348.048 179.059 168.988 326.062 200.477 164.534
internal_count=27158 10326 4748 16832 9835 6997 3580 2025 239 1786 4331 3662 2257 878 7578 3235 3152 1097 2055 1555 931 1043 816 5578 2996 1936 1060 2582 1360 1813
is_linear=0
shrinkage=0.03


Tree=127
num_leaves=31
num_cat=0
split_feature=29 5 2 19 4 15 21 39 24 28 22 42 17 22 46 18 3 23 0 23 47 15 29 21 21 48 36 36 1 31
split_gain=27.7926 22.8023 16.6078 19.4416 17.6776 15.0042 13.8591 15.8037 20.3906 20.4115 17.0772 16.3519 15.2627 13.9215 13.7513 19.5088 24.3764 17.6025 13.4883 15.2323 14.1831 13.2185 16.4627 12.5644 12.597 13.1945 12.8685 14.5612 13.3269 18.5
threshold=0.78150000000000019 0.76666666666666672 175.50000000000003 -0.53571428571428459 5.1228117184267985 682.50000000000011 -1.5667040502015588 92.65000000000002 0.21563498982853821 0.0048250000000000003 8.0416666666666696 1.5000000000000002 4753.5000000000009 3.7083333333333335 118.50000000000001 62.357142857142868 121.50000000000001 0.3467611336032389 112.50000000000001 0.24609468877673632 113.00000000000001 792.50000000000011 1.8050000000000004 1.3465537413711306 0.78012575346594215 262.00000000000006 0.021408749999999952 0.089542499999999914 143.6428571428572 0.044500000000000005
decision_type=2 2 2 2 2 2 2 2 2 2 2 2 2 2 2 2 2 2 2 2 2 2 2 2 2 2 2 2 2 2
left_child=5 2 3 -2 14 -1 18 10 11 -10 13 21 -11 -8 15 16 -5 -16 -6 -20 -21 22 -9 24 26 -26 -15 -28 29 -29
right_child=1 -3 -4 4 6 -7 7 8 9 12 -12 -13 -14 23 17 -17 -18 -19 19 20 -22 -23 -24 -25 25 -27 27 28 -30 -31
leaf_value=-0.022022281474894823 -0.010859535331179599 0.010323245145838046 0.015865456164809794 0.076315581657655854 0.050516571858912146 -0.00034414274655536042 0.038972968931404534 0.0014365605138005246 0.043039568102446787 -0.0037016069784190832 -0.020256611347402583 0.017027929571985467 0.021710587472022768 -0.011283882707558498 0.011392188615361287 -0.0062121005896166861 -0.023948571365160719 -0.023522476811860656 -0.0038745793620831989 0.0024683851377385008 0.034601306701842464 -0.0095203381514087481 -0.04102259575666526 0.024323289103200245 -0.016570734717213507 0.016236198007221682 0.017561177102638503 0.014738592997131332 -0.007546708858651806 -0.0030493956261064027
leaf_weight=75.892694786190987 152.96090543176979 202.44301614165306 55.694180276244879 4.8360966630280009 5.6248268028721204 45.932274389080703 5.8658198006451121 432.17125105857849 16.685251988470554 47.967480814084411 58.769212418235838 42.467951202765107 36.875191000290215 124.12815905548632 257.39266281761229 106.38943361490965 2.8743865713477135 12.768568836152552 59.650240653194487 24.944439756684005 23.837115286849439 155.45623465813696 7.377860225737094 12.887396577745674 108.712427072227 11.469719432294367 36.1703264657408 77.937050361186266 205.7700234465301 157.07784946635365
leaf_count=1849 4243 1806 265 98 71 702 43 3414 108 399 768 315 283 2484 1923 1187 104 87 573 235 208 995 40 122 1055 118 395 553 1421 1398
internal_value=7.35857e-06 0.000705993 -0.000165546 -0.000580464 0.000196695 -0.0139182 -0.00115231 -0.00190259 0.00125871 0.0136763 -0.0048252 -0.000737309 0.00746755 -0.00357402 0.00598366 -0.00273254 0.0404799 0.00966136 0.0088922 0.00629107 0.0185498 -0.00203173 0.000632382 -0.00396652 -0.00450497 -0.0133316 -0.00272094 -0.000473474 -0.00198978 0.00288702
internal_weight=2569.03 2447.21 2244.76 2189.07 2036.11 121.825 1651.85 1537.79 739.001 101.528 798.788 637.473 84.8427 740.019 384.261 114.1 7.71048 270.161 114.057 108.432 48.7816 595.005 439.549 734.153 721.266 120.182 601.083 476.955 440.785 235.015
internal_count=27262 24711 22905 22640 18397 2551 14998 13911 5554 790 8357 4764 682 7589 3399 1389 202 2010 1087 1016 443 4449 3454 7546 7424 1173 6251 3767 3372 1951
is_linear=0
shrinkage=0.03


Tree=128
num_leaves=31
num_cat=0
split_feature=25 25 13 33 35 26 28 35 31 23 29 21 26 23 25 46 1 30 1 23 35 31 22 28 21 17 7 1 21 21
split_gain=24.4812 37.3838 26.4258 34.0045 23.6363 20.158 18.733 18.5889 19.4721 17.8158 22.1872 19.789 21.931 24.6684 30.0949 22.0915 23.74 21.2788 19.2421 19.1213 20.0527 18.7654 20.9985 18.7632 17.624 17.3328 17.1716 16.8549 16.298 16.9209
threshold=-0.097964660725097436 -0.72947329433276231 1.0000000180025095e-35 188.06764546071869 129.00235391631918 -0.47114434510950048 0.0076250000000000007 163.73027918827452 0.10500000000000001 0.20247494685696932 0.97500000000000009 0.6898304285815251 -0.13052619222005143 0.21294035577258458 0.63405362205439475 137.00000000000003 141.07142857142858 80.700000000000017 174.50000000000003 0.15737874097007223 164.37454189436343 0.072500000000000009 8.0416666666666696 0.005085000000000001 -1.5667040502015588 1374.5000000000002 0.29166666666666669 103.78571428571431 1.3310024500184563 1.3532016237995217
decision_type=2 2 2 2 2 2 2 2 2 2 2 2 2 2 2 2 2 2 2 2 2 2 2 2 2 2 2 2 2 2
left_child=1 5 -3 6 -2 -1 7 -4 -9 10 25 12 13 -11 21 16 27 -13 -14 -12 -21 24 -23 -19 -15 -6 -18 -16 -7 -30
right_child=4 2 3 -5 9 28 -8 8 -10 11 19 17 18 14 15 -17 26 23 -20 20 -22 22 -24 -25 -26 -27 -28 -29 29 -31
leaf_value=-0.019401766380026355 -0.017805301908118024 0.01314336836304855 -0.029597737156696332 0.021787582959983783 0.031358635257652624 -0.0012548009721464013 -0.03211909502960264 0.0091913570257134702 -0.027252212153907017 -0.018452913976299595 -0.017463342194542354 -0.0205976211759052 -0.016835650813135195 0.021634654325974244 -0.023003865885253574 0.0228579905773208 -0.014070629959352224 0.044975202517761832 0.0032778062933952641 -0.0094008398711615104 0.014120279311041487 0.0092156943296021528 -0.033607865277551455 -0.0051228606683139935 -0.019347058643129165 -0.0011664513189805971 0.017037988153289815 0.015117515155424498 0.065609761442530126 0.0096606024494307573
leaf_weight=52.176933094859123 89.392434375360608 379.54202267155051 18.554078902117908 43.210921538993716 42.191875359043479 646.11205627769232 23.802416480146348 72.94200131110847 15.069418389350174 49.242230901494622 42.534326678141952 113.54336994327605 127.83414866402745 9.7496008686721307 10.442700313404201 79.316361572593451 71.799780365079641 6.2738814558833829 63.680905451998115 51.29372273478657 86.075137581676245 80.669958455488086 10.804027661681173 88.845287411473691 86.827171189710498 22.284303467720747 19.546586127951741 132.5972788464278 5.1302878633141544 26.023857080377638
leaf_count=569 3992 2724 470 755 482 5241 310 447 89 348 425 1392 3531 75 78 449 385 66 375 700 561 611 78 861 716 213 129 818 32 232
internal_value=-8.68274e-05 0.0028442 0.00871861 -0.000976283 -0.00301236 -0.00161607 -0.00862987 -0.0031335 0.00271538 -0.00189233 0.00531807 -0.00374849 -0.00144822 0.00159462 0.00359488 0.00927236 0.0045974 -0.0118879 -0.0101654 -0.000123461 0.00533299 -0.00587512 0.00384905 -0.00138495 -0.0150306 0.0202712 -0.00730149 0.0121941 -0.00021927 0.0206279
internal_weight=2567.51 1282.56 553.121 173.579 1284.95 729.443 130.368 106.565 88.0114 1195.55 244.379 951.173 742.511 550.996 501.753 313.703 234.386 208.663 191.515 179.903 137.369 188.051 91.474 95.1192 96.5768 64.4762 91.3464 143.04 677.266 31.1541
internal_count=27154 10869 4795 2071 16285 6074 1316 1006 536 12293 2381 9912 7593 3687 3339 1859 1410 2319 3906 1686 1261 1480 689 927 791 695 514 896 5505 264
is_linear=0
shrinkage=0.03


Tree=129
num_leaves=31
num_cat=0
split_feature=34 6 27 4 46 46 24 24 18 2 40 6 49 23 15 17 4 31 17 36 1 14 15 2 25 25 23 38 25 3
split_gain=23.6145 19.9544 18.7853 16.1661 18.2037 29.1778 16.9305 15.5557 17.731 16.6026 18.8618 16.0754 15.8932 14.6801 25.7305 14.5218 17.5371 14.3618 14.2314 14.1072 14.1746 15.452 13.8796 13.7549 13.7536 22.5464 22.7897 14.8114 13.1379 12.8982
threshold=194.7649018883337 1.0166666666666668 105.50000000000001 4.2430177772197775 100.50000000000001 118.50000000000001 0.20483682983682983 0.19253938832252088 59.642857142857153 110.50000000000001 5.3000000000000016 0.45000000000000001 97.500000000000014 0.29198717948717956 657.50000000000011 7872.5000000000009 6.6884975720337652 0.14000000000000004 7293.0000000000009 0.021408749999999952 175.6428571428572 231.50000000000003 804.50000000000011 91.500000000000014 -0.81241147629688981 -0.19509032201612828 0.14877049180327867 25.750000000000004 0.097964660725097311 150.50000000000003
decision_type=2 2 2 2 2 2 2 2 2 2 2 2 2 2 2 2 2 2 2 2 2 2 2 2 2 2 2 2 2 2
left_child=1 2 13 4 6 -6 -4 15 -9 10 12 19 23 -1 -15 16 18 28 -5 20 21 -11 -16 -10 -21 27 -27 -26 -18 -3
right_child=-2 29 3 7 5 -7 -8 8 9 11 -12 -13 -14 14 22 -17 17 -19 -20 24 -22 -23 -24 -25 25 26 -28 -29 -30 -31
leaf_value=-0.017409629536821038 0.021046108872560906 -0.0044168858547188475 0.063434376616341395 0.010659645924557275 -0.017026527488691393 0.011987534283769094 -0.012757894255690102 -0.0178480652651801 0.037937830106866334 -0.021459708766137137 -0.018099642136766615 0.01237742718284373 -0.025900674574096963 -0.018964435923287806 0.05447270157687676 0.012063151930943332 0.0057448842479139277 -0.017224574549697128 -0.037430706263989186 -0.0048781436913810242 0.0024710392784189693 -0.0038551104484350596 -0.016563260307294613 0.00088070558525584581 -9.7421752532055064e-05 -0.031465131387979274 0.00087275352205588939 0.019059419489553107 -0.0079611688212876692 0.023721689212326685
leaf_weight=99.136875639669597 45.892808360978961 20.484890758991241 8.3958399947732669 147.8867972837761 39.135296002961695 139.77608268242329 3.2339734425768247 64.759463913738728 9.3678261833265406 86.125571869313717 111.60293848346919 78.997631885111332 16.450473339296877 14.501640933565797 9.3053740942850691 127.07796604558825 138.65029729623348 55.051284836605191 4.7891216464340678 314.00467409566045 84.937331711873412 93.633810821920633 2.7419323502108446 69.474864520132542 55.323272151872516 19.530257677659392 438.4568096883595 104.71172597818077 113.5928602013737 48.215632664039731
leaf_count=3361 913 137 90 1448 406 1260 65 1665 75 2922 1271 522 208 523 125 847 964 478 28 2083 486 1022 58 565 358 115 2658 743 1452 383
internal_value=-4.77014e-05 -0.000440147 -0.000889974 -0.000276859 0.00807239 0.0055816 0.0429145 -0.00102563 -0.00260279 -0.00192531 -0.00978687 -0.000643652 3.55311e-05 -0.0121398 0.00745593 0.00312889 0.000639763 -0.00348848 0.0089174 -0.00151281 -0.00761078 -0.0123618 0.0382748 0.00570372 0.00022532 0.00282198 -0.000571802 0.0124775 -0.000434437 0.0153884
internal_weight=2565.25 2519.35 2450.65 2324.97 190.541 178.911 11.6298 2134.42 1547.38 1482.62 206.896 1275.72 95.2932 125.686 26.5489 587.048 459.97 307.294 152.676 1196.72 264.697 179.759 12.0473 78.8427 932.027 618.022 457.987 160.035 252.243 68.7005
internal_count=27231 26318 25798 21731 1821 1666 155 19910 14693 13028 2119 10909 848 4067 706 5217 4370 2894 1476 10387 4430 3944 183 640 5957 3874 2773 1101 2416 520
is_linear=0
shrinkage=0.03


Tree=130
num_leaves=31
num_cat=0
split_feature=25 25 20 23 25 22 26 42 45 1 26 26 34 31 32 23 11 27 3 31 19 7 2 20 1 23 27 32 49 28
split_gain=28.4526 26.7829 24.8851 23.9228 26.0563 20.936 20.8824 20.1061 25.151 19.9118 18.163 16.915 19.8379 24.3148 20.531 18.7328 16.192 16.2096 19.6938 17.4816 16.6068 15.4811 15.6216 15.4553 15.7447 25.5026 14.825 14.4629 14.2681 22.793
threshold=-1.0000000180025095e-35 -0.72947329433276231 34.657692307692322 0.29249530956848036 0.58216583101416142 5.6250000000000009 0.38268343236508995 1.0000000180025095e-35 7.5500000000000007 177.07142857142858 -0.98611507088852035 -0.32143946530316164 126.68166960853803 0.16350000000000001 0.20100000000000004 0.15737874097007223 24.500000000000004 135.00000000000003 198.50000000000003 0.042500000000000003 4.8928571428571468 0.20833333333333334 120.50000000000001 32.273076923076935 129.21428571428575 0.23562458691341701 104.50000000000001 0.19800000000000004 82.500000000000014 0.0069700000000000014
decision_type=2 2 2 2 2 2 2 2 2 2 2 2 2 2 2 2 2 2 2 2 2 2 2 2 2 2 2 2 2 2
left_child=1 6 26 4 9 -4 16 8 -7 10 27 15 13 -13 21 -6 17 18 -1 -20 -19 -14 -23 24 -8 -26 -3 -2 29 -17
right_child=3 2 5 -5 11 7 23 -9 -10 -11 -12 12 14 -15 -16 28 -18 20 19 -21 -22 22 -24 -25 25 -27 -28 -29 -30 -31
leaf_value=-0.0214777644498662 -0.017120867856763415 -0.012743427297459272 0.013517710703130044 -0.012997423711225021 -0.02404268030912441 -0.012771421336423856 -0.032189795671170564 0.0073327620290000138 0.020542713886804509 0.0049972629410939612 -0.020651705704108476 -0.022922473742587067 0.0061571425737996172 0.054289661800487797 -0.0066903097911888212 0.02385825995676804 0.017799199733809168 0.018933693847768523 -0.020166654575047571 0.020132408135984121 -0.0051713301732894592 0.080075342102833097 0.0040205961471111579 0.0080034606598490092 -0.026375321589002181 0.018439769054393578 0.019497647267442665 0.0052684825392571664 0.0031548435565990742 -0.0057877657665855748
leaf_weight=106.90994892269373 42.718610520474613 13.258560959249733 134.07789611257613 196.91619265452027 16.398209515959024 138.44923525955528 17.101822540163994 147.74527168180794 22.967265116050839 70.775455441325903 128.11863783095032 58.275635602883995 120.44845070503652 2.9762473450973621 166.08528410829604 88.391219088807702 24.151742532849312 28.367761701345444 15.532086957246063 22.446036085486412 206.76741405762732 4.3521408075466734 4.6570215504616499 254.52864688262343 17.837001612409949 28.058528158813715 162.08455706015229 63.126517540775239 207.54250209778547 31.13010036945343
leaf_count=1929 322 246 986 2640 131 1340 115 1280 178 395 3415 2027 1597 66 2429 602 183 192 128 177 1391 51 52 1616 99 164 1312 438 1443 223
internal_value=-0.000113388 0.00289109 0.00746649 -0.00346338 -0.00158425 0.00366479 -0.00103546 -0.00063805 -0.007934 -0.00889153 -0.0130964 0.0016039 -0.00296716 -0.0183589 0.000273964 0.00634722 -0.00555254 -0.00707944 -0.0149364 0.00355657 -0.00219533 0.00919145 0.0450906 0.00471365 -0.00849556 0.000831648 0.0170013 -0.00384342 0.00793954 0.0161528
internal_weight=2542.2 1340.28 618.583 1201.91 1005 443.24 721.701 309.162 161.417 304.739 233.964 700.257 356.795 61.2519 295.543 343.462 404.175 380.023 144.888 37.9781 235.135 129.458 9.00916 317.526 62.9974 45.8955 175.343 105.845 327.064 119.521
internal_count=27167 11336 5342 15831 13191 3784 5994 2798 1518 4570 4175 8621 6222 2093 4129 2399 4000 3817 2234 305 1583 1700 103 1994 378 263 1558 760 2268 825
is_linear=0
shrinkage=0.03


Tree=131
num_leaves=31
num_cat=0
split_feature=33 22 29 37 20 21 2 38 16 21 25 6 32 30 26 6 31 2 22 1 19 21 22 21 46 26 32 3 46 18
split_gain=24.4981 23.9623 33.353 19.9853 29.7573 19.792 22.9571 31.1112 21.1392 23.5929 16.8568 15.0884 14.7386 16.2824 14.3993 13.5181 17.15 23.5107 20.385 20.3442 21.7854 19.2554 19.1405 18.6633 17.6906 14.5821 14.2178 14.1272 17.8501 13.6077
threshold=205.60855771946493 5.541666666666667 0.83000000000000007 29.000000000000004 49.811538461538468 0.7501204755312324 98.500000000000014 26.750000000000004 1103.5000000000002 0.93866780261644267 -0.83146961230254501 0.2166666666666667 0.13200000000000003 74.350000000000009 -0.22695468355932455 0.45000000000000001 0.091500000000000012 123.50000000000001 7.541666666666667 140.78571428571431 11.142857142857144 0.57949556777454492 7.791666666666667 -0.41633372968572707 138.50000000000003 0.88144907265856365 0.16950000000000001 145.50000000000003 116.50000000000001 64.642857142857153
decision_type=2 2 2 2 2 2 2 2 2 2 2 2 2 2 2 2 2 2 2 2 2 2 2 2 2 2 2 2 2 2
left_child=1 11 -3 14 5 6 7 -5 9 -7 -11 12 -1 -14 -4 16 19 24 25 21 26 23 -22 27 -18 -19 -21 -8 -29 -17
right_child=-2 2 3 4 -6 8 15 -9 -10 10 -12 -13 13 -15 -16 29 17 18 -20 20 22 -23 -24 -25 -26 -27 -28 28 -30 -31
leaf_value=-0.010900658741582397 0.025211476514682144 -0.015335778509034437 0.022845207008742256 -0.030421245100084222 -0.017495386051883687 -0.015707920201794678 0.025982152688521991 0.017049075382825386 -0.01486042132665942 0.034617756412263119 0.0031238631494968799 0.013760539110009039 -0.021433937858771422 0.0051156560104596701 -0.00057328564866479103 -0.021559229643253908 -0.013606051250431069 0.016101911556024962 -0.0028501292812009634 0.001309065541386848 0.022591085135572161 0.031063723892946076 -0.026646207294875053 -0.0056223726865579507 0.040917522551002554 -0.016221798801561372 -0.012384582633116597 0.022970831711752862 -0.010530468298995727 0.016017978228723608
leaf_weight=67.085240962915123 32.871613813564181 159.5894315931946 51.527242077514529 42.670035387389362 101.00094218086451 44.047669452615082 37.613390391692519 16.616039919666946 162.79648923128843 19.894265498965979 57.962566446512938 122.98743902053684 20.752132534980774 480.51256431266665 42.866075117141008 8.7237718449905497 67.207926201634109 212.47951579187065 86.670928691513836 92.324400663375854 36.199604665860534 21.67960065882653 7.8941590860486022 124.54822560586035 4.8468098146840921 12.564284801483153 258.65322989877313 22.425290483981371 35.83858591876924 89.766446287743747
leaf_count=587 824 3848 343 634 2732 463 321 104 1240 156 561 1025 283 4595 579 68 694 1578 619 603 210 163 45 1134 46 193 2362 201 283 639
internal_value=-0.000131696 -0.00047354 -0.00228092 -0.00101647 -0.00182826 -0.000735754 0.000980511 -0.0170547 -0.00782002 0.00162645 0.0115082 0.00427679 0.002204 0.00397603 0.0123158 0.00195004 0.000920433 0.00592228 0.00948954 -0.00209673 -0.00628711 0.00473895 0.0133806 0.00202123 -0.0094286 0.0142335 -0.00878899 0.0119061 0.00253394 0.0125063
internal_weight=2542.62 2509.74 1818.41 1658.82 1564.42 1463.42 1178.72 59.2861 284.701 121.905 77.8568 691.337 568.35 501.265 94.3933 1119.44 1020.95 383.769 311.715 637.176 395.071 242.105 44.0938 220.425 72.0547 225.044 350.978 95.8773 58.2639 98.4902
internal_count=27133 26309 19819 15971 15049 12317 9897 738 2420 1180 717 6490 5465 4878 922 9159 8452 3130 2390 5322 3220 2102 255 1939 740 1771 2965 805 484 707
is_linear=0
shrinkage=0.03


Tree=132
num_leaves=31
num_cat=0
split_feature=27 25 26 50 32 21 16 2 26 25 49 23 21 38 32 45 21 26 3 21 21 27 25 37 40 17 28 23 30 39
split_gain=27.1769 21.8497 29.5457 21.5739 21.4978 27.9235 18.8841 17.8084 28.0684 26.1989 20.1399 25.729 22.3539 21.7101 19.4918 16.9633 17.0889 16.4914 16.4201 16.3719 16.9841 18.5323 16.1891 25.0888 17.8214 16.1011 15.6436 15.162 33.0523 15.7935
threshold=105.50000000000001 -1.0000000180025095e-35 -0.72947329433276242 136.00000000000003 0.22650000000000003 1.2766355370258498 4470.5000000000009 168.50000000000003 -0.065403129230143228 0.58216583101416142 83.500000000000014 0.30358412743564217 0.45641419620367929 22.400000000000002 0.20300000000000004 7.5500000000000007 1.1508658635663263 0.38268343236508995 166.50000000000003 1.83376772282272 -1.312672233882221 137.00000000000003 -0.25881904510252046 47.500000000000007 7.7000000000000002 2884.5000000000005 0.0050500000000000015 0.21778656126482207 79.65000000000002 84.40000000000002
decision_type=2 2 2 2 2 2 2 2 2 2 2 2 2 2 2 2 2 2 2 2 2 2 2 2 2 2 2 2 2 2
left_child=18 2 4 26 15 -6 7 8 9 -3 27 12 14 -14 25 16 22 19 -1 20 21 -5 23 -2 -24 -12 -4 28 -11 -29
right_child=1 6 3 17 5 -7 -8 -9 -10 10 11 -13 13 -15 -16 -17 -18 -19 -20 -21 -22 -23 24 -25 -26 -27 -28 29 -30 -31
leaf_value=-0.017307510790651692 -0.0091964564842580976 -0.0098955490355068319 0.016578982801199651 -0.023852511641226152 0.021506368144452486 -0.024724644255217507 0.037607955570599094 0.0085507708722588477 -0.014098543588347749 0.024054400519264683 0.025063087515038281 -0.025001846388671086 0.0320307470098724 -0.014755082897792149 -0.00066723904273866192 0.02985606429334384 0.028993113331080764 0.00060496114454272382 0.011699088998321961 0.039719360981625706 -0.016355317186893464 0.042990929621903123 -0.0044084337553323884 0.025308611886962179 -0.03864936710442711 -0.012185646736466592 0.002276819202792389 -0.0022894908931256545 -0.015202551418957723 0.019046157915350127
leaf_weight=116.52549817413092 39.000425186008215 238.22573648300022 81.743466082960367 5.3106510918587437 162.1718361582607 11.851261686533688 9.6002393998205644 114.62590039893985 194.7478128708899 28.161544051021338 58.570217514410615 40.297353027388453 8.8461151421070081 100.88960929587483 137.33636577054858 18.788619548082352 16.032467409968376 223.92487037368119 19.927087623625994 4.4411543607711783 150.41799083724618 8.532256603240965 61.248060459271073 35.224003588780761 16.738427869975567 12.029435575008391 412.11803657002747 41.527375401929021 56.114495031535625 122.4840820748359
leaf_count=3867 304 2215 542 64 1124 59 62 634 6964 167 354 277 62 662 873 173 114 1634 353 21 1484 47 362 322 108 102 2986 284 325 700
internal_value=-4.21373e-05 0.000697289 0.00345396 0.00050409 0.0106753 0.0182347 -0.00225905 -0.00262302 -0.00386251 -0.00148808 0.00182645 -0.00272609 0.000169224 -0.0107283 0.00594411 0.00358214 0.000488916 -0.00473805 -0.0130172 -0.0117918 -0.0134164 0.017468 -0.00268309 0.00729706 -0.0121539 0.0186347 0.00467282 0.0083747 -0.00195627 0.0136629
internal_weight=2547.45 2411 1247.54 886.488 361.055 174.023 1163.46 1153.86 1039.23 844.482 606.257 357.969 317.672 109.736 207.936 187.032 168.243 392.627 136.453 168.702 164.261 13.8429 152.211 74.2244 77.9865 70.5997 493.862 248.287 84.276 164.011
internal_count=27245 23025 9344 6778 2566 1183 13681 13619 12985 6021 3806 2330 2053 724 1329 1383 1210 3250 4220 1616 1595 111 1096 626 470 456 3528 1476 492 984
is_linear=0
shrinkage=0.03


Tree=133
num_leaves=31
num_cat=0
split_feature=45 47 7 35 3 49 22 19 12 22 47 45 25 24 20 37 24 3 23 25 32 1 23 16 5 4 40 4 48 21
split_gain=23.571 21.595 18.9518 21.3295 18.8341 23.7279 22.1582 21.4593 19.3537 15.2567 21.4587 13.8118 13.3298 12.7652 12.6544 11.8679 11.5669 17.9968 11.5383 11.451 11.2687 11.2441 11.2756 14.2607 11.2838 11.1354 15.2737 12.2362 13.1963 14.1674
threshold=6.7500000000000009 102.00000000000001 -1.0000000180025095e-35 199.75637935897683 175.50000000000003 83.500000000000014 6.541666666666667 6.4642857142857162 11.500000000000002 8.0416666666666696 131.50000000000003 6.1500000000000012 -0.13052619222005143 0.21680376028202111 45.603846153846163 64.000000000000014 0.18944099378881982 134.50000000000003 0.25820105820105821 0.91037613702198772 0.18200000000000002 162.78571428571431 0.19448997604337412 1751.5000000000002 0.50000000000000011 4.5642085303422038 7.1500000000000012 8.2172501460091336 173.50000000000003 -0.64888311849892577
decision_type=2 2 2 2 2 2 2 2 2 2 2 2 2 2 2 2 2 2 2 2 2 2 2 2 2 2 2 2 2 2
left_child=1 16 9 4 5 13 7 12 -8 14 15 -3 -7 -4 25 -11 17 -1 21 -19 -14 22 -18 24 -24 -2 27 28 -27 -30
right_child=2 11 3 -5 -6 6 8 -9 -10 10 -12 -13 20 -15 -16 -17 18 19 -20 -21 -22 -23 23 -25 -26 26 -28 -29 29 -31
leaf_value=0.048324892106393617 0.012433858104682682 -0.023618134809659335 0.0077213014301868365 0.027317614912014721 0.015844674843194802 0.018735331494544826 -0.0041113534446667903 0.012510681210614471 -0.027641668205386268 -0.027782077570481872 0.0055185693535251086 -0.0072434146728676185 0.0077908594841575541 0.033596075589647778 -0.0069789241074730817 0.011196396232472466 -0.013433032905411802 0.0117097622359995 -0.013735346973032463 -0.026819755065166342 -0.025729555760758239 -0.020304627394754117 0.011588453970149085 -0.033507481931663287 0.044678056724631758 -0.011692282217327616 -0.0039536249072469158 0.0066694622740972372 0.019475654420626414 -0.0025480430054336868
leaf_weight=9.9476572182029468 79.410469884984195 54.128809561021626 161.55697023216635 38.190364189445972 105.8908255500719 10.650910122320054 98.82542663346976 104.25775902997702 45.458021502941847 52.626933687366545 39.208881812170148 305.09823317080736 11.600393810309468 18.391599874943495 175.15874946024269 7.5397545062005511 15.056323996745048 42.998869084753096 49.036460092291236 7.2732958970591417 34.303064545616508 13.030108905397354 41.762270828709006 4.1093288017436853 11.398623871617017 80.224328046664596 374.52402360271662 415.45293353311718 35.837785497307777 91.144172728992999
leaf_count=117 553 2136 1314 683 688 79 950 686 422 627 336 4303 172 191 3217 59 289 389 783 71 542 106 657 60 112 621 2897 3258 266 633
internal_value=4.68189e-05 -0.0054185 0.00157733 0.00587382 0.00444416 0.00192782 -0.00316773 0.00448029 -0.0116641 -0.000426108 -0.0116797 -0.00976949 -0.0102839 0.0105369 0.000475916 -0.0227943 0.0026217 0.0134331 -0.0022862 0.00572101 -0.017273 0.0043741 0.00903642 0.0150728 0.0193774 0.00169415 0.000827294 0.0037047 -0.00224318 0.00377126
internal_weight=2534.09 553.84 1980.25 629.125 590.935 485.044 305.096 160.812 144.283 1351.13 99.3756 359.227 56.5544 179.949 1251.75 60.1667 194.613 60.2198 134.393 50.2722 45.9035 85.3567 72.3265 57.2702 53.1609 1076.59 997.183 622.659 207.206 126.982
internal_count=27217 9023 18194 5727 5044 4356 2851 1479 1372 12467 1022 6439 793 1505 11445 686 2584 577 2007 460 714 1224 1118 829 769 8228 7675 4778 1520 899
is_linear=0
shrinkage=0.03


Tree=134
num_leaves=31
num_cat=0
split_feature=45 6 30 33 2 2 12 6 4 37 2 22 14 20 14 20 37 2 21 4 4 22 14 30 21 22 2 30 27 29
split_gain=20.0199 24.5751 18.1333 16.441 16.3884 15.2389 14.0274 13.122 16.3136 16.3549 22.4105 18.6533 12.8403 12.8075 17.6019 12.7363 17.8789 19.7738 14.6257 13.6392 11.8167 11.7305 17.1587 21.4627 20.665 17.6543 19.5072 28.4571 16.8432 16.4999
threshold=6.5500000000000007 1.0833333333333337 77.700000000000017 208.61902477814758 177.50000000000003 122.50000000000001 109.50000000000001 1.3166666666666669 7.1788578340362728 35.500000000000007 135.50000000000003 5.1250000000000009 274.50000000000006 35.965384615384629 235.50000000000003 46.123076923076937 44.000000000000007 94.500000000000014 1.9329333344409647 11.941926138098729 3.9244872276515319 5.541666666666667 310.50000000000006 89.40000000000002 -0.70655306638739779 7.2083333333333348 129.50000000000003 82.40000000000002 141.50000000000003 1.8050000000000004
decision_type=2 2 2 2 2 2 2 2 2 2 2 2 2 2 2 2 2 2 2 2 2 2 2 2 2 2 2 2 2 2
left_child=2 3 5 4 6 -1 15 8 9 12 11 13 20 -11 -15 21 17 -17 19 -19 -4 -2 23 29 25 -24 -27 -28 -26 -23
right_child=1 -3 7 -5 -6 -7 -8 -9 -10 10 -12 -13 -14 14 -16 16 -18 18 -20 -21 -22 22 24 -25 28 26 27 -29 -30 -31
leaf_value=-0.02815774872065311 0.0046501194559144376 0.024139644111201366 0.046919662670293835 0.025070813231525622 0.024249164912779904 0.0078316913327538349 0.037864264433467104 0.036170204008594213 -0.012629965528317008 -0.020755187063516409 0.034154345465380001 -0.023036342786842638 0.046604883331855453 -0.020670898297786448 0.07966459434870872 0.052382502143818566 -0.014469739456917043 -8.534399678122829e-05 0.03318500594454505 -0.022431250254644 -0.012571367338033988 0.002537695373208128 0.014452250713786478 0.040388476196984616 -0.011695654760863233 0.02364295821578425 0.024898352821581281 -0.03144030238316272 -0.0013088827038537261 -0.037893580265558995
leaf_weight=54.04071646835655 495.09289506357163 39.10258543677628 3.1433826209977296 23.135240500792861 24.159824054688215 12.645390020683406 7.7233522273600093 6.3460239842534056 101.68858627323061 3.0872419402003271 10.195831938646732 34.960861737839878 11.714021449908612 1.8420418268069623 3.7320741750299931 5.2731111114844671 126.9129895856604 151.09306544065475 9.213123672641812 28.361673351377249 9.9918825905770046 635.67881719022989 87.765221811830997 12.359119169414042 284.00445443857461 12.957310579717157 9.981297677382825 30.791017446666956 277.70190647058189 8.2181724235415441
leaf_count=1916 3773 402 39 616 117 181 62 35 1932 40 103 919 90 79 44 52 2997 2301 55 433 250 5556 550 103 2466 92 59 184 1707 41
internal_value=-3.08923e-05 0.000863278 -0.00801164 0.000444574 0.000175223 -0.0213184 -0.000102175 -0.0031705 -0.00474655 0.00547449 -0.00387866 -0.0133343 0.0250977 0.0241581 0.0484067 -0.000254303 -0.00576331 -2.09061e-05 -0.001754 -0.0037217 0.00397751 0.000701397 -0.000739026 0.0027477 -0.00399226 0.00622301 -0.0072376 -0.0173824 -0.00657199 0.0019637
internal_weight=2522.91 2269.53 253.388 2230.42 2207.29 66.6861 2183.13 186.702 180.356 78.6673 53.8181 43.6222 24.8493 8.66136 5.57412 2175.4 320.854 193.941 188.668 179.455 13.1353 1854.55 1359.46 656.256 703.201 141.495 53.7296 40.7723 561.706 643.897
internal_count=27194 21566 5628 21164 20548 2097 20431 3531 3496 1564 1185 1082 379 163 123 20369 5838 2841 2789 2734 289 14531 10758 5700 5058 885 335 243 4173 5597
is_linear=0
shrinkage=0.03


Tree=135
num_leaves=31
num_cat=0
split_feature=27 25 26 26 23 20 46 22 39 23 22 17 20 23 23 16 16 21 26 29 39 36 50 17 29 16 20 26 33 23
split_gain=19.5699 19.1685 33.7666 26.0348 21.786 21.6799 19.603 18.7024 18.3785 24.9571 31.5484 23.281 20.5828 19.5507 18.4659 19.2137 18.1963 17.7536 19.6357 19.0308 16.8213 16.6791 17.1427 16.4086 16.1981 19.4309 15.5964 15.2477 33.7385 18.423
threshold=105.50000000000001 -0.22695468355932447 -0.77259657388510627 0.38268343236508995 0.29249530956848036 35.057692307692321 160.50000000000003 6.7083333333333348 88.90000000000002 0.22996794871794868 7.4583333333333348 7872.5000000000009 30.530769230769238 0.21913109756097562 0.29610733182161758 1382.5000000000002 4470.5000000000009 0.6898304285815251 0.58216583101416164 1.0400000000000003 88.250000000000014 0.10100874999999991 118.50000000000001 6464.5000000000009 0.94950000000000012 1295.5000000000002 36.234615384615395 0.22695468355932452 164.00280664778262 0.15737874097007223
decision_type=2 2 2 2 2 2 2 2 2 2 2 2 2 2 2 2 2 2 2 2 2 2 2 2 2 2 2 2 2 2
left_child=7 2 5 21 6 -2 16 -1 9 13 12 -12 -11 -5 15 -14 27 -6 -19 -20 -17 22 -4 24 25 -7 -16 29 -29 -3
right_child=1 4 3 8 17 23 -8 -9 -10 10 11 -13 14 -15 26 20 -18 18 19 -21 -22 -23 -24 -25 -26 -27 -28 28 -30 -31
leaf_value=-0.0034205574022496427 0.031108964843177257 -0.017078984688079606 0.027132209347152342 -0.0041312901048188222 -0.005490026661377297 -0.010459643763272975 0.019890716650932286 -0.027146143853142415 0.01207023815522781 -0.019403518783508045 0.017586840918197746 -0.039639958646870942 0.035042763861008158 -0.035750810828442538 0.033599477723820208 0.020776167178655491 0.038777744937822482 -0.031308637275694245 0.089304127119662707 -0.013093405580279164 -0.026435812965349526 -0.0089455073760853366 -0.00087392913886630947 -0.012299016907565028 0.024874954995180006 0.027898424901865611 -0.018843479894380087 -0.028834838178990983 0.00026767066487514476 0.0012369647872573167
leaf_weight=93.495523206889629 53.263576803728938 51.414677828550339 22.712152605876327 82.15054596029222 165.20407878514379 36.481799202039838 41.371923388913274 43.208534604404122 223.59555952064693 13.468431642279027 8.9222280513495225 18.058420469984412 57.673948902636766 21.516579275950789 6.064238607883456 18.791651327162985 9.2995417565107328 48.556479020044208 1.5546578913927067 3.9543103221803904 9.3629117552191001 263.54928088933229 115.07113528065383 26.461123384535313 55.488426985219121 16.409065879881382 17.483678597956896 54.123315008357167 102.494763802737 865.41177778597921
leaf_count=2038 527 416 191 511 1923 222 238 2239 1477 77 59 150 362 127 39 128 66 439 14 144 48 2141 1123 215 483 120 141 4086 908 6775
internal_value=-6.25954e-05 0.000565699 0.00356678 0.00108992 -0.00181776 0.0150664 -0.000127131 -0.0110623 0.00582131 0.000283623 0.00809336 -0.0207634 0.0145477 -0.0109729 0.0188663 0.0252606 -0.000909666 -0.0104451 -0.0252113 0.0250843 0.00470742 -0.00453506 0.00390483 0.0085471 0.0137027 0.00173757 -0.00451941 -0.00128926 -0.00990857 0.000192336
internal_weight=2546.61 2409.91 1066.52 878.421 1343.39 188.104 1124.12 136.704 477.088 253.493 149.826 26.9806 122.845 103.667 109.376 85.8285 1082.74 219.27 54.0654 5.50897 28.1546 401.333 137.783 134.84 108.379 52.8909 23.5479 1073.44 156.618 916.826
internal_count=27427 23150 8141 6574 15009 1567 12489 4277 3119 1642 1004 209 795 638 718 538 12251 2520 597 158 176 3455 1314 1040 825 342 180 12185 4994 7191
is_linear=0
shrinkage=0.03


Tree=136
num_leaves=31
num_cat=0
split_feature=18 45 14 21 29 23 33 29 7 2 31 34 36 31 10 4 21 29 24 31 2 24 27 7 42 23 14 30 50 4
split_gain=21.1578 17.1182 16.7635 17.0019 15.3763 15.1173 14.9578 12.8758 13.8217 14.8006 14.098 17.275 13.6583 12.6268 13.0961 12.5001 12.2132 11.9663 11.8192 11.4521 11.443 24.4023 17.3771 14.9177 14.1242 11.4346 11.2823 11.0751 11.0318 11.9584
threshold=71.357142857142875 6.6500000000000012 297.50000000000006 -0.70655306638739779 1.8050000000000004 0.24865591397849462 191.81505566045851 0.78150000000000019 -0.12499999999999993 177.50000000000003 0.13450000000000004 117.51818094529359 0.10100874999999991 0.13650000000000004 227.50000000000003 4.1770803156414873 1.2766355370258498 1.3560000000000001 0.18832054560954811 0.12750000000000003 105.50000000000001 0.21388443017656497 129.50000000000003 0.24166666666666667 1.0000000180025095e-35 0.24865591397849462 430.50000000000006 93.100000000000009 157.00000000000003 5.1228117184267985
decision_type=2 2 2 2 2 2 2 2 2 2 2 2 2 2 2 2 2 2 2 2 2 2 2 2 2 2 2 2 2 2
left_child=7 -2 4 5 15 17 20 -1 9 12 19 -12 26 -13 -15 -3 -14 -4 -16 -10 21 22 -5 28 25 -25 -9 -17 29 -22
right_child=1 2 3 6 -6 -7 -8 8 10 -11 11 13 16 14 18 27 -18 -19 -20 -21 23 -23 -24 24 -26 -27 -28 -29 -30 -31
leaf_value=-0.012833416323398454 -0.0085410242503836369 0.030715606155468866 0.0060477997816975344 -0.032464863087328044 -0.034808222029673215 0.019286952018660902 0.021831434115963961 -0.015478679646931944 -0.00060612508789663366 0.025825079697799409 0.042335780021737393 0.024422348803755295 -0.0045146224498755346 -0.020219261406096346 0.024087574867869718 0.0073148664480922557 0.018381717694169891 -0.021145629809915141 -0.0018758126990107756 -0.029707028432215343 0.0080040804235452234 0.030623161105298339 0.0081831153583827067 0.02250087113057362 0.034283273594866277 -0.016392226237289306 0.015865002389213425 0.040527819879876921 0.019845992313045853 -0.0061199249335135231
leaf_weight=106.75814655190334 111.41623799689114 22.991283726878464 90.091469317674637 38.455194140784442 6.1576934829354277 74.453030794858932 22.498794808983803 157.40992424217984 538.03156563360244 12.098825909197329 12.200086010619996 24.945376369170845 312.20097390841693 19.903613002970815 22.693315043114126 337.49328552093357 21.490993147715926 16.341052809730172 46.861381572671235 11.453809309285132 63.377346227876842 8.1440095752477628 11.994107466191052 11.049144253134729 18.841780047863722 14.627325510606168 10.267735341563819 8.3485100930556637 17.503156227990985 334.98719916772097
leaf_count=2256 1503 161 586 374 32 497 419 4168 6759 55 166 262 2530 179 196 2574 155 113 482 422 398 42 70 78 131 101 118 108 117 2210
internal_value=-0.000240378 0.00261365 0.00375295 0.00107747 0.00889029 0.00901377 -0.00158546 -0.00290163 -0.00200026 -0.00570588 0.000818322 0.00980193 -0.00651667 0.00599571 0.000644274 0.00971199 -0.0029895 0.00171471 0.00681649 -0.00126559 -0.00264066 -0.015011 -0.0228298 -0.00103716 0.0152728 0.000560403 -0.0134767 0.00823115 -0.00281557 -0.00385847
internal_weight=2505.09 1208.77 1097.35 722.364 374.991 180.886 541.478 1296.32 1189.56 513.468 676.089 126.604 501.37 114.404 89.4583 368.833 333.692 106.433 69.5547 549.485 518.979 58.5933 50.4493 460.386 44.5182 25.6765 167.678 345.842 415.868 398.365
internal_count=27262 9514 8011 5136 2875 1196 3940 17748 15492 7026 8466 1285 6971 1119 857 2843 2685 699 678 7181 3521 486 444 3035 310 179 4286 2682 2725 2608
is_linear=0
shrinkage=0.03


Tree=137
num_leaves=31
num_cat=0
split_feature=20 24 29 29 0 33 27 56 4 37 14 37 23 2 6 2 26 45 20 49 38 4 46 22 23 1 31 39 24 2
split_gain=19.6662 21.6195 27.4103 23.8034 18.129 17.5345 18.0019 16.568 21.9358 17.2157 16.5458 31.1053 18.9269 14.4589 14.3158 13.9821 13.499 13.3594 13.3048 20.7161 15.5456 12.9785 21.6144 16.7918 15.0509 14.9244 17.4443 22.1455 16.3951 19.8405
threshold=38.5346153846154 0.21388443017656497 1.3920000000000001 0.80350000000000021 133.50000000000003 179.54978809656595 188.00000000000003 1.0000000180025095e-35 7.2586499988392035 44.000000000000007 412.50000000000006 42.500000000000007 0.13994288045695633 93.500000000000014 0.35000000000000003 177.50000000000003 -0.5277851165098012 7.3500000000000005 46.123076923076937 80.500000000000014 20.950000000000003 4.7983329975364049 121.50000000000001 5.791666666666667 0.15484515484515485 143.35714285714286 0.07400000000000001 98.050000000000011 0.21340823970037451 113.50000000000001
decision_type=2 2 2 2 2 2 2 2 2 2 2 2 2 2 2 2 2 2 2 2 2 2 2 2 2 2 2 2 2 2
left_child=5 3 14 -2 7 21 13 17 9 -9 12 -12 16 -7 -3 18 -6 -5 19 -14 -21 22 23 -1 -23 28 -27 -28 -26 -30
right_child=1 2 -4 4 10 6 -8 8 -10 -11 11 -13 15 -15 -16 -17 -18 -19 -20 20 -22 24 -24 -25 25 26 27 -29 29 -31
leaf_value=0.018083670195336885 -0.022602413887366675 -0.00029225124028457863 0.040230636484757075 -0.022522107160710798 -0.0069915813446155836 -0.020330365320373668 -0.0087561161775782052 0.017294478480555951 -0.015439522880671071 -0.0069646814318879528 0.028448317113431494 -0.0083151595492980714 -0.012833193363906341 0.02663303580562432 0.022297173400385482 0.029598379651821303 0.037176810609911876 0.0050179689463861693 -0.010823359777807783 -0.019881376133285517 0.0054154496375131674 -0.017936386412474383 0.018566153846437537 -0.0219962702994763 0.0085498173866544527 -0.0070885998346511981 -0.0010330439817831606 0.018583862561402455 -0.027504974689604476 0.0047311075730729762
leaf_weight=13.693805268034337 59.928895386867225 197.32008449966088 17.895697119645774 98.350990367587656 9.0696132238954323 5.7587842568755141 20.902417676523328 52.484944268129766 79.793347172439098 51.041019097901881 45.173156153410673 36.912627639248967 96.012349145486951 64.619509762153029 27.949962904211134 10.300835952162741 17.105637545697391 18.475890665315092 179.14357381127775 22.926714491099119 254.78255651146173 36.814883892424405 91.506374454125762 25.444031447172165 334.31050590192899 281.34544196631759 234.55911478959024 65.435915403999388 26.127999680582434 46.235706795938313
leaf_count=119 1844 2670 174 1820 66 45 158 602 1180 814 304 290 880 907 299 46 188 259 2939 261 2217 401 583 319 2914 2087 1731 400 368 378
internal_value=0.000107774 -0.00251155 0.00551973 -0.00440835 -0.00326401 0.00278561 0.0153711 -0.00937993 -0.00371565 0.00538187 -0.000520149 0.0120153 -0.00228353 0.0225592 0.00259665 -0.00345779 0.0221785 -0.0181611 -0.00412601 -0.000895322 0.00326319 0.00177894 0.0106464 -0.00787168 0.000639251 0.00134884 -0.00173462 0.00329339 0.0057501 -0.00712447
internal_weight=2521.42 1274.67 243.166 1031.5 971.573 1246.75 91.2807 300.146 183.319 103.526 671.427 82.0858 589.341 70.3783 225.27 563.166 26.1753 116.827 552.865 373.722 277.709 1155.47 130.644 39.1378 1024.83 988.015 581.34 299.995 406.674 72.3637
internal_count=27263 16853 3143 13710 11866 10410 1110 4675 2596 1416 7191 594 6597 952 2969 6343 254 2079 6297 3358 2478 9300 1021 438 8279 7878 4218 2131 3660 746
is_linear=0
shrinkage=0.03


Tree=138
num_leaves=31
num_cat=0
split_feature=45 22 19 22 36 2 23 30 23 25 29 16 48 18 29 22 17 37 21 21 3 29 35 47 25 16 50 17 21 23
split_gain=20.5674 18.7209 16.7243 18.6941 14.8647 14.5532 13.9978 15.0722 13.7475 27.6109 17.9738 21.6971 20.7324 23.0315 20.5971 17.8723 20.8087 16.1508 33.5644 15.5291 14.2668 17.8077 15.1544 13.8763 13.801 14.4718 13.03 13.5152 15.9946 13.3475
threshold=6.1500000000000012 5.6250000000000009 9.8928571428571477 7.2083333333333348 0.39297500000000002 112.50000000000001 0.20304626660558867 77.700000000000017 0.23244068592905801 -0.22695468355932447 1.2220000000000002 1392.5000000000002 219.50000000000003 76.928571428571445 1.6865000000000003 4.8750000000000009 5633.0000000000009 36.500000000000007 0.5665091646528212 1.2766355370258498 128.50000000000003 1.1005000000000003 162.00088306846374 126.50000000000001 -0.91037613702198728 2158.5000000000005 113.00000000000001 699.50000000000011 0.97328808253080945 0.21226533166458075
decision_type=2 2 2 2 2 2 2 2 2 2 2 2 2 2 2 2 2 2 2 2 2 2 2 2 2 2 2 2 2 2
left_child=1 5 8 -4 -3 6 -1 -8 24 15 11 -11 13 23 -12 19 20 18 -18 -10 -17 22 -22 -13 -2 26 27 28 -26 -29
right_child=2 4 3 -5 -6 -7 7 -9 9 10 14 12 -14 -15 -16 16 17 -19 -20 -21 21 -23 -24 -25 25 -27 -28 29 -30 -31
leaf_value=-0.026869592404357899 -0.0058711228057583649 -0.029768272004157513 0.010046450557629049 -0.0056830295087646945 0.0155833388577972 -0.027131015454734918 -0.013462158481054894 0.039954071007296539 0.021055993505638901 -0.012684106230556026 0.0040850763340938697 0.0055235709541945396 -0.029985979386346669 -0.019863712485141627 -0.030555251366820236 0.047319135294428154 -0.0078108509382927198 -0.005810323290104843 0.043203883843144622 -0.019164144797813028 -0.02015747595463933 0.022898209812163228 0.010913145275417346 0.036624982873734273 -0.031716210274641658 -0.012790927623260305 0.0070175625839479306 -0.0059576618803187488 0.034967561923760895 0.026982167951302555
leaf_weight=5.005388546735051 138.22480017226189 49.193155708257109 311.38763866852969 86.213177520781755 6.8401650488376609 9.2617810014635307 6.0789304925128844 15.625711907632647 68.342623874545097 370.67039903765544 182.87247140519321 26.934345155023038 12.164344629272817 15.624385396018623 15.866824367083607 8.4731073100119811 27.849857110530138 284.09509911574423 18.602416904643178 9.0778934545814973 24.03924779035151 42.694883843883872 31.459347993135452 24.565151668153703 22.941672055982057 40.408776814118028 599.24931207485497 41.449413768947124 2.9004480410367242 13.989699783734975
leaf_count=118 1072 2271 2212 624 184 212 188 208 469 5902 1832 280 83 125 107 79 250 2428 128 79 284 348 235 192 464 263 6137 324 52 109
internal_value=0.000481955 -0.0133627 0.00101359 0.00663007 -0.0240559 0.00349435 0.0147096 0.0250595 -9.32812e-05 -0.00221808 -0.00633047 -0.00964313 0.00455425 0.011162 0.00118035 0.00296781 0.000600993 -0.00312153 0.0130986 0.0161558 0.0120585 0.00856952 -0.00266368 0.0207739 0.00278299 0.00444807 0.00548896 -0.00572907 -0.0232079 0.00268529
internal_weight=2512.1 92.0051 2420.1 397.601 56.0333 35.9718 26.71 21.7046 2022.5 1163.33 648.698 449.959 79.2882 67.1239 198.739 514.634 437.214 330.547 46.4523 77.4205 106.667 98.1935 55.4986 51.4995 859.164 720.939 680.531 81.2812 25.8421 55.4391
internal_count=27259 3181 24078 2836 2455 726 514 396 21242 12821 8521 6582 680 597 1939 4300 3752 2806 378 548 946 867 519 472 8421 7349 7086 949 516 433
is_linear=0
shrinkage=0.03


Tree=139
num_leaves=31
num_cat=0
split_feature=6 18 22 15 30 24 39 22 1 46 3 51 23 23 15 3 32 25 16 16 39 21 24 17 17 12 16 15 38 17
split_gain=21.6523 17.4663 13.1017 21.0188 15.7161 13.0879 16.6776 13.0573 21.2369 18.0707 15.7383 20.1917 21.8547 21.8675 18.3135 16.751 17.5549 16.1644 14.9887 16.6534 12.9241 12.7803 12.3738 24.7077 14.8786 11.9186 11.5607 15.1625 11.3566 11.8407
threshold=1.1500000000000001 71.357142857142875 4.6250000000000009 840.50000000000011 75.500000000000014 0.21563498982853821 98.200000000000003 6.541666666666667 182.35714285714289 131.50000000000003 187.50000000000003 1.0000000180025095e-35 0.23294573643410851 0.22364242616703714 117.50000000000001 175.50000000000003 0.22250000000000003 0.97335555334614954 1550.5000000000002 1175.5000000000002 105.15000000000002 1.1508658635663263 0.20942982456140347 2552.0000000000005 3208.5000000000005 33.500000000000007 1002.5000000000001 564.50000000000011 29.550000000000004 3649.0000000000005
decision_type=2 2 2 2 2 2 2 2 2 2 2 2 2 2 2 2 2 2 2 2 2 2 2 2 2 2 2 2 2 2
left_child=1 7 3 -3 -4 -6 -7 10 9 21 11 22 13 15 -14 16 -13 -17 19 -11 -12 25 -1 -24 -25 -9 -23 -28 -16 -30
right_child=-2 2 4 -5 5 6 -8 8 -10 18 20 12 14 -15 28 17 -18 -19 -20 -21 -22 26 23 24 -26 -27 27 -29 29 -31
leaf_value=0.019935753866649798 0.021021518783969354 0.016890312831505001 -0.014810960657820242 -0.0099349133621839877 0.00075551073689907316 0.0029056871248056351 0.0272662348732031 -0.010487133186713923 0.020359010364736384 0.0023507088095950819 -0.011845880306827469 0.0090887996722384783 -0.023720077477767953 0.033792221163746451 -0.0055279746733086499 0.013155327399370935 -0.011866555607562935 0.074808473453952737 0.031538188926169677 -0.021476053731075778 0.012216083551654303 -0.021188373703566563 -0.032198079071243488 0.061485869543663661 0.0057831349060214789 -0.025250387702799498 0.043055830631731164 -0.002428876213494626 -0.00033368262096624053 0.04173909310950448
leaf_weight=79.624317768029869 42.62573772110045 112.42130073625594 51.825715024024248 33.488245761021972 871.02374701574445 70.249846466816962 38.769451870582998 246.1548023596406 24.867703661322594 137.99150075670332 136.29069279041141 72.573516705073416 45.565305594354868 22.633221112191677 167.53055384941399 22.285914139822129 69.424137951806188 3.8011346366256467 11.744736908003686 31.604103770107031 22.698442132212222 9.8653360055759531 13.551974949426947 4.1830666773021248 27.448063350282609 61.761479610577226 9.8249753937125224 16.629793955013156 15.44349240139127 8.8501456920057517
leaf_count=980 419 887 662 215 6687 519 283 4973 125 1452 1288 968 1670 356 1606 251 849 28 69 202 176 344 326 32 255 1039 83 251 100 54
internal_value=7.29432e-05 -0.000301462 0.0023252 0.0107078 0.00113065 0.0019879 0.0117379 -0.00275206 -0.0062174 -0.00751114 -6.76898e-05 0.0023263 -0.000776949 0.00676578 -0.00683971 0.00294824 -0.00116783 0.0245689 0.00015612 -0.00218926 -0.00835574 -0.0115389 0.0128924 0.000317404 0.0148081 -0.0135205 0.00517252 0.0154165 -0.00272779 0.0160376
internal_weight=2482.75 2440.13 1177.78 145.91 1031.87 980.043 109.019 1262.35 550.444 525.577 711.904 552.915 428.107 190.718 237.389 168.085 141.998 26.087 181.34 169.596 158.989 344.236 124.807 45.1831 31.6311 307.916 36.3201 26.4548 191.824 24.2936
internal_count=27149 26730 9253 1102 8151 7489 802 17477 8538 8413 8939 7475 5882 2452 3430 2096 1817 279 1723 1654 1464 6690 1593 613 287 6012 678 334 1760 154
is_linear=0
shrinkage=0.03


Tree=140
num_leaves=31
num_cat=0
split_feature=33 2 30 6 21 40 4 51 2 22 47 7 23 25 12 12 56 14 25 25 21 49 21 30 26 46 2 22 21 25
split_gain=20.1031 18.3347 30.7607 22.7002 20.4451 19.6344 24.3876 22.169 19.2687 17.7976 16.0879 15.0224 14.4452 19.0081 20.704 14.1218 16.6543 13.8099 13.7064 29.4655 22.1812 21.1215 18.4562 21.6141 19.7154 27.8829 29.4603 18.6302 17.9385 17.0598
threshold=205.60855771946493 109.50000000000001 77.250000000000014 0.91666666666666674 -1.0475655848260308 5.1500000000000012 3.8843273962572886 1.0000000180025095e-35 83.500000000000014 8.0416666666666696 131.50000000000003 0.87500000000000011 0.17316341829085458 -1.0000000180025095e-35 76.500000000000014 58.500000000000007 1.0000000180025095e-35 340.50000000000006 0.097964660725097311 0.5277851165098012 1.3465537413711306 113.50000000000001 0.68304079393161821 83.15000000000002 -0.13052619222005143 135.50000000000003 132.50000000000003 7.1250000000000009 1.3082276800861388 -0.77259657388510627
decision_type=2 2 2 2 2 2 2 2 2 2 2 2 2 2 2 2 2 2 2 2 2 2 2 2 2 2 2 2 2 2
left_child=1 2 -1 9 12 8 -7 17 -6 18 -11 15 -4 14 -14 16 -10 -8 20 -20 28 22 24 -24 25 26 -21 -28 29 -3
right_child=-2 3 4 -5 5 6 7 -9 11 10 -12 -13 13 -15 -16 -17 -18 -19 19 21 -22 -23 23 -25 -26 -27 27 -29 -30 -31
leaf_value=-0.022500759984462451 0.024295431920353057 -0.00093697317116964542 -0.027771087173518873 0.024266035605640633 0.047386722240794682 0.035353960022012035 0.038145732094585577 -0.022321617160532631 -0.01287445261194959 -0.016579060347090627 0.0051210781162162921 0.034731072425168111 0.07178207091154927 0.0016602135575302136 -0.0071809480725150776 -0.025873972158801967 0.0098098276868579908 -0.019886264907227596 -0.012773763661886374 0.011576818935722604 0.024684171720637704 -0.025334007158024502 -0.019464832714881714 0.0043558050318476373 -0.0033230896014078363 0.023509033973313068 -0.0028886081138515636 -0.037371149308621419 -0.029107852707658657 0.0068019254065019826
leaf_weight=82.911744174547493 28.908786542713642 520.71872836817056 3.9766469965688911 35.081464666873217 7.1146101728081694 7.5883916998282066 8.899773898534475 98.326277015730739 45.92141074873507 98.823687476571649 43.869522308930755 9.3997219093143922 10.322825163602834 12.890153957996512 3.8289919998496762 19.1707369601354 75.834860294125974 5.0939826760441056 175.09596122289076 144.13239360228181 40.762964210473001 25.101613027974963 67.139808552805334 68.395652372390032 165.44473243132234 89.419339641928673 56.752773579210043 17.850169712677598 15.040110968053339 503.57763143256307
leaf_count=2066 802 3854 84 299 150 111 89 1659 951 1169 405 62 120 302 37 215 789 40 2888 852 316 268 886 707 3429 493 298 101 89 3671
internal_value=-0.00015179 -0.00044902 -0.00639517 0.000679012 -0.00200608 -0.00461136 -0.0137049 -0.0173021 0.00235715 0.000260084 -0.00991837 -7.30494e-05 0.0207052 0.02857 0.0513535 -0.00262281 0.00121908 0.0171036 0.00103362 -0.00191683 0.00324415 0.00109588 0.00222475 -0.00750029 0.00501782 0.00949222 0.00368122 -0.0115244 0.00238035 0.00287065
internal_weight=2487.4 2458.49 391.28 2067.21 308.368 277.35 119.908 112.32 157.441 2032.13 142.693 150.327 31.0186 27.042 14.1518 140.927 121.756 13.9938 1889.43 809.332 1080.1 634.236 609.135 135.535 473.599 308.155 218.735 74.6029 1039.34 1024.3
internal_count=27202 26400 6675 19725 4609 4066 1899 1788 2167 19426 1574 2017 543 459 157 1955 1740 129 17852 9922 7930 7034 6766 1593 5173 1744 1251 399 7614 7525
is_linear=0
shrinkage=0.03


Tree=141
num_leaves=31
num_cat=0
split_feature=6 2 36 33 30 6 7 39 3 23 21 47 12 17 25 12 23 29 15 21 21 23 22 21 1 3 25 1 47 28
split_gain=17.3399 18.1715 24.5708 22.2099 16.0647 15.2508 14.9503 14.3123 21.0505 14.2616 13.7538 13.0172 20.1503 14.3849 12.2862 14.8264 12.7677 17.1776 15.6097 14.2816 18.5797 16.319 14.1597 13.4864 14.4429 14.8861 13.1139 12.2527 12.1621 11.8369
threshold=1.1500000000000001 110.50000000000001 0.29847499999999999 202.78111889596332 77.250000000000014 0.45000000000000001 -0.058333333333333293 97.700000000000003 112.50000000000001 0.14877049180327867 -0.85373845625177858 68.000000000000014 101.50000000000001 414.50000000000006 -0.98611507088852035 16.500000000000004 0.20101010101010103 0.8610000000000001 305.50000000000006 1.1969363805439979 0.84893189831708271 0.25820105820105821 3.8750000000000004 -1.7099269611115357 134.78571428571431 146.50000000000003 0.097964660725097311 177.78571428571431 111.50000000000001 0.0069700000000000014
decision_type=2 2 2 2 2 2 2 2 2 2 2 2 2 2 2 2 2 2 2 2 2 2 2 2 2 2 2 2 2 2
left_child=1 2 7 5 -4 14 10 11 28 -10 -6 12 13 -1 15 -3 23 22 19 20 27 -22 26 -16 -25 -26 -18 -19 -9 -8
right_child=-2 3 4 -5 6 -7 29 8 9 -11 -12 -13 -14 -15 16 -17 17 18 -20 -21 21 -23 -24 24 25 -27 -28 -29 -30 -31
leaf_value=-0.026658537418035273 0.018789192594340486 -0.015034481696564628 -0.017308197786510448 0.027947168871842246 0.035680165786893162 0.010300591863689694 0.02588398958465123 0.062467622839373745 -0.048538146549834307 -0.0016759717120828381 -0.0067269999920678298 -0.018998297563256723 -0.060789846966221514 0.030041661662740166 -0.02830475341552648 0.013929183485803793 0.051670709188093633 -0.0093291668598168547 0.002059467690835932 -0.030659808049110809 0.003786606757640826 0.073296925728698545 -0.011499801315800525 -0.0052274745603965531 0.048981863345717302 0.0085011065489114506 -0.010259432552955475 0.0073047649570708896 -0.0049760300524024168 -0.007614320527840608
leaf_weight=4.5051357247866752 41.964672856032848 90.607694718055427 26.493822106160223 25.59467800334096 6.7947215773165217 128.80424975138158 45.527208662591875 5.9035626817494613 5.5904620625078669 52.389898183755577 57.988255604170263 165.46481581171975 2.5757592730224124 15.167426922358571 9.3333927458152157 18.423937081359327 5.418291366659103 194.30664711818099 988.80393824260682 18.67857619561255 8.0132614430040103 4.0158657813444725 176.01729365251958 72.516884789336473 7.5147088235244146 249.62571831513196 5.3803605744615197 49.274716008454561 3.4813442258164287 11.438539563678203
leaf_count=199 415 944 367 702 87 898 365 34 38 633 444 4255 19 214 76 168 50 4131 6464 432 193 125 2237 859 60 2235 91 263 80 152
internal_value=-0.000104864 -0.000435262 -0.00624842 0.000709618 0.00345098 0.000352035 0.0080726 -0.0118768 -6.12776e-06 -0.00694076 -0.00180437 -0.0161143 0.00522909 0.0163955 -0.000328199 -0.0100581 0.00027012 -0.000956217 0.000302273 -0.00601683 -0.0041036 0.0308368 -0.00942138 0.00550271 0.00654259 0.00986929 0.0225601 -0.00594814 0.0393793 0.0191423
internal_weight=2497.62 2455.65 403.321 2052.33 148.243 2026.74 121.749 255.078 67.3653 57.9804 64.783 187.713 22.2483 19.6726 1897.93 109.032 1788.9 1449.91 1263.09 274.289 255.61 12.0291 186.816 338.991 329.657 257.14 10.7987 243.581 9.38491 56.9657
internal_count=27230 26815 6887 19928 1415 19226 1048 5472 785 671 531 4687 432 413 18328 1112 17216 13986 11608 5144 4712 318 2378 3230 3154 2295 141 4394 114 517
is_linear=0
shrinkage=0.03


Tree=142
num_leaves=31
num_cat=0
split_feature=25 26 25 1 26 32 26 39 22 17 24 2 11 29 2 26 48 32 26 17 34 24 45 20 3 50 24 2 48 17
split_gain=19.7388 30.4558 21.7741 22.7132 21.7494 20.4936 18.6664 20.2557 24.1746 23.0369 27.7949 17.7227 17.652 16.9452 16.8532 23.6292 19.5502 18.1704 16.5484 23.0455 17.5212 16.3661 14.6312 14.2174 13.5105 13.3298 13.0736 13.681 13.5602 12.936
threshold=-0.16280825711808972 -0.81241147629689003 0.68322629814330826 182.78571428571431 -0.41248606129204535 0.19800000000000004 0.38268343236508995 88.90000000000002 6.541666666666667 9415.5000000000018 0.19253938832252088 108.50000000000001 16.500000000000004 0.90950000000000009 156.50000000000003 0.16280825711809024 69.500000000000014 0.18200000000000002 -0.98611507088852035 6212.5000000000009 157.06059593866982 0.22100122100122097 7.5500000000000007 35.688461538461546 127.50000000000001 136.00000000000003 0.2120167815403057 163.50000000000003 184.50000000000003 12082.500000000002
decision_type=2 2 2 2 2 2 2 2 2 2 2 2 2 2 2 2 2 2 2 2 2 2 2 2 2 2 2 2 2 2
left_child=1 11 3 5 -4 22 12 8 21 -10 -11 -1 13 -3 15 17 -17 24 19 -7 -20 29 -2 -14 -6 -22 28 -28 -9 -8
right_child=2 6 4 -5 14 18 7 26 9 10 -12 -13 23 -15 -16 16 -18 -19 20 -21 25 -23 -24 -25 -26 -27 27 -29 -30 -31
leaf_value=-0.0021158377860066814 -0.02095986730335642 -0.018068558875495858 0.0068640703566881451 0.013716057724447412 -0.017112706457006372 0.0072518425191350523 0.0058773364813205073 -0.00069236788418429365 0.0016042440465907197 0.021190871928440068 -0.032709847460853321 0.016814021601827562 0.034084254614675749 -0.0030834242611477943 0.007782581515666547 0.062184906276280726 -0.02996535793512425 -0.0081083883737371101 -0.018099268339656801 -0.028180330696626107 -0.0089304622215400139 -0.027312059346690946 -0.0016213424252246385 -0.00033797691951226118 0.012152790702490932 0.021035001782210974 0.028608569109943378 -0.017896886366656289 0.015939674310034749 0.033010911755496558
leaf_weight=58.919468675740063 153.93076751660556 85.733690947294235 294.31850681267679 41.711126148700714 16.196966391522437 132.70097321178764 121.7753217453137 100.6623626165092 62.873178747482598 9.5694293733686191 51.820129222236574 178.45519085042179 17.082711709663272 315.82580946665257 93.947750553488731 1.2566832173615683 45.034582816530019 230.40361755341291 104.237178274896 17.858669888228178 33.12513042986393 10.845569629222153 45.795552328228951 26.761762789450586 82.409974033012986 20.981167688965797 48.124379116110504 5.759430367499589 77.431274048984051 17.310798106715083
leaf_count=566 2711 1518 2062 201 286 826 831 705 528 108 545 1506 149 2577 668 54 3277 2276 2945 112 294 65 371 244 698 142 367 40 517 146
internal_value=-0.00026258 0.00253699 -0.0027959 -0.00733908 0.000483909 -0.00908927 0.000134692 0.00407241 -0.00144906 -0.0111868 -0.0241028 0.0121262 -0.00433936 -0.00631971 -0.00352389 -0.00636735 -0.0262017 -0.00350575 -0.00422377 0.00289084 -0.0109643 0.00664222 -0.0165559 0.0135346 0.00722216 0.0028603 0.0105769 0.0234023 0.00658751 0.00946595
internal_weight=2502.86 1188.95 1313.91 550.341 763.568 508.629 951.576 506.172 274.194 124.263 61.3896 237.375 445.404 401.56 469.25 375.302 46.2913 329.011 308.903 150.56 158.343 149.932 199.726 43.8445 98.6069 54.1063 231.977 53.8838 178.094 139.086
internal_count=27335 10412 16923 7602 9321 7401 8340 3852 2223 1181 653 2072 4488 4095 7259 6591 3331 3260 4319 938 3381 1042 3082 393 984 436 1629 407 1222 977
is_linear=0
shrinkage=0.03


Tree=143
num_leaves=31
num_cat=0
split_feature=33 13 15 6 25 47 47 4 23 45 0 3 29 22 40 32 23 38 22 17 49 49 32 21 17 25 27 25 21 3
split_gain=16.5967 20.1677 20.7766 18.943 18.1566 16.4249 16.1165 16.7006 16.9103 15.8305 15.6213 15.2747 16.149 15.2808 17.9979 14.1939 13.105 13.7057 12.8848 17.8191 17.8967 16.2393 12.5764 15.3157 13.6221 18.0182 16.7387 14.8896 14.6148 14.9743
threshold=178.00068612435209 3.4153371232960481 1.0000000180025095e-35 1.0500000000000005 -0.99465189230620688 76.000000000000014 58.500000000000007 5.2199616496860015 0.35808219178082196 7.2500000000000009 160.50000000000003 169.50000000000003 0.94950000000000012 5.791666666666667 9.7000000000000011 0.19350000000000003 0.17316341829085458 27.750000000000004 4.7083333333333348 7923.5000000000009 77.500000000000014 77.500000000000014 0.18200000000000002 1.3465537413711306 5920.5000000000009 0.95642797789208711 145.50000000000003 -0.13052619222005143 -1.6096915127218898 118.50000000000001
decision_type=2 2 2 2 2 2 2 2 2 2 2 2 2 2 2 2 2 2 2 2 2 2 2 2 2 2 2 2 2 2
left_child=1 2 9 4 -4 -2 -6 8 -8 -1 15 13 -13 14 -3 -7 17 -11 19 21 -21 -9 23 -20 25 28 -26 -28 -24 -30
right_child=5 11 3 -5 6 10 7 18 -10 16 -12 12 -14 -15 -16 -17 -18 -19 22 20 -22 -23 24 -25 26 -27 27 -29 29 -31
leaf_value=-0.015704113884943329 -0.013150616423292506 -0.0069063292349608165 -0.016273746714684952 0.029642484613201361 0.024394152746428845 -0.013853576722892997 0.0089383690398235315 0.027150194976919916 -0.037468419499110575 0.040672219611088634 0.01735223417104528 -0.0145655035283798 0.0036331524402134115 -0.018734252201913472 0.041117829562238556 0.011007424541762272 -0.0037890435611724247 -0.018223093384416432 -0.0082185903207508786 -0.017322192337181727 0.029953268308618147 -0.0022423815461301991 0.031863274346399885 0.021904328789524429 -0.0087523435433851608 -0.015827782274988801 0.011456091291693929 -0.02630298253385948 0.040257437597278289 0.0039668904774450599
leaf_weight=108.80981918750331 28.773783868178725 43.24876357614994 48.103006614372134 21.122055687010288 28.055796285159886 34.608210286125541 311.66709258873016 18.562801806256175 6.2606777166947714 11.334290388971565 125.33548712544143 59.500159414950758 158.86214134655893 126.79678347986192 7.3488073935732237 48.26496104337275 144.93673070520163 4.3198323706164947 269.32854892499745 7.9496261039748779 42.607072867453098 124.29668866656721 18.455022498965263 15.148200364783404 200.86589997028932 34.630448297597468 76.858001695945859 9.7328960299491865 9.5766639299690706 333.64271990675479
leaf_count=5150 201 518 591 157 308 341 2228 110 38 175 1044 645 1199 2199 36 573 3128 79 2274 59 269 830 106 110 1650 240 482 66 123 2284
internal_value=0.000239338 -0.000559995 0.000758322 0.00207466 0.00168157 0.00777216 0.00226487 0.00182906 0.0079099 -0.00692568 0.0107127 -0.00669655 -0.00136948 -0.0132094 0.000730428 0.000583968 -0.000917388 0.0243014 0.00015945 0.00720783 0.0223278 0.00173899 -0.00125452 -0.00654345 0.000952261 0.00455376 -0.00401155 0.0069601 0.00654356 0.0050935
internal_weight=2479 2242.02 1846.26 1576.86 1555.74 236.982 1507.64 1479.58 317.928 269.401 208.209 395.757 218.362 177.394 50.5976 82.8732 160.591 15.6541 1161.65 193.416 50.5567 142.859 968.238 284.477 683.762 396.305 287.457 86.5909 361.674 343.219
internal_count=27213 25054 20457 11925 11768 2159 11177 10869 2266 8532 1958 4597 1844 2753 554 914 3382 254 8603 1268 328 940 7335 2384 4951 2753 2198 548 2513 2407
is_linear=0
shrinkage=0.03


Tree=144
num_leaves=31
num_cat=0
split_feature=35 1 6 2 35 7 10 25 12 30 6 16 25 26 26 25 27 26 32 38 24 26 1 26 38 19 23 39 49 3
split_gain=18.2137 13.9891 14.3021 18.2626 14.7228 12.2312 11.7356 10.6752 12.2715 10.6012 12.5009 12.0462 10.1511 20.25 23.8428 18.3058 17.4006 15.3275 14.8865 16.5433 14.7196 14.299 16.9842 13.6685 12.9888 12.9357 12.2574 17.2049 12.5439 12.3066
threshold=212.60622832896493 188.21428571428575 0.35000000000000003 115.50000000000001 117.82694225031558 -0.62499999999999989 7.5000000000000009 -0.99465189230620688 16.500000000000004 76.700000000000017 1.2500000000000002 849.50000000000011 1.0000000180025095e-35 -0.81241147629689003 -0.3520614488341256 0.63405362205439475 139.50000000000003 -0.44228869021900113 0.16950000000000001 25.350000000000005 0.19253938832252088 -0.98611507088852035 171.07142857142858 -0.88144907265856332 29.150000000000002 8.8928571428571477 0.23956521739130437 88.90000000000002 93.000000000000014 147.50000000000003
decision_type=2 2 2 2 2 2 2 2 2 2 2 2 2 2 2 2 2 2 2 2 2 2 2 2 2 2 2 2 2 2
left_child=1 2 4 9 -1 -6 -7 8 -8 11 -11 -4 13 20 16 21 -15 -17 19 -19 -9 25 -23 -24 -20 -14 27 -16 29 -28
right_child=-2 -3 3 -5 5 6 7 12 -10 10 -12 -13 15 14 26 17 -18 18 24 -21 -22 22 23 -25 -26 -27 28 -29 -30 -31
leaf_value=-0.017797680523452146 0.016010578530237244 0.02528197276503729 0.016303869904916883 0.012592761351015051 -0.017735797280092346 -0.018099620133032273 -0.019603772992377953 0.020667588470329536 0.017199137956521674 -0.0025039731801643783 0.022625833638425491 -0.031630229047193766 -0.0071618612419888745 -0.023430750064075065 -0.010557427612898665 0.0084732114651986084 0.0047540080946706798 0.031745176791673581 -0.001442012951044631 0.0018092589734411649 0.004641415503456878 -0.023157616872379591 -0.020584827941663855 0.0040881213732247247 -0.013815813891357654 0.013333801553891873 -0.014688156117189625 0.0036195323038519739 0.012990680622934099 0.0044921010635160475
leaf_weight=49.076329167000949 59.6867501065135 17.607831232249737 5.5824647159315672 151.30614432040602 39.098845840897411 34.482855938374996 46.994863162748516 69.167620985768735 9.014984496869145 115.61143731418997 20.032430490478873 17.972116353455931 90.091373327188194 64.382996269501746 141.60881133237854 157.19447669107467 27.800089966505766 18.77601896924898 232.17411390971392 104.81642132019624 198.11020856257528 89.685480799991637 30.046825570985675 57.16012099198997 112.95846918225288 38.838540986180305 36.765965865924954 166.76575210364535 121.69007157534361 147.48633896093816
leaf_count=2834 1104 80 94 1200 337 266 525 444 88 1095 162 249 611 821 1208 1014 165 221 3333 1159 1287 3073 210 450 1371 233 338 1094 1020 1114
internal_value=-0.000221859 -0.000629961 -0.000830961 0.00516547 -0.00172636 -0.00133026 -0.00100018 -0.000690507 -0.0134824 -0.00192816 0.00134572 -0.0200685 -0.000307634 0.00183331 -0.00083007 -0.00254474 -0.0149711 0.000397162 -0.00232354 0.00657538 0.00885034 -0.00854753 -0.0140612 -0.00454984 -0.00552005 -0.000932692 0.00131279 -0.00290376 0.00555847 0.000606218
internal_weight=2471.99 2412.3 2394.69 310.505 2084.19 2035.11 1996.01 1961.53 56.0098 159.198 135.644 23.5546 1905.52 973.778 706.5 931.742 92.1831 625.92 468.725 123.592 267.278 305.822 176.892 87.2069 345.133 128.93 614.317 308.375 305.942 184.252
internal_count=27200 26096 26016 2800 23216 20382 20045 19779 613 1600 1257 343 19166 7491 5760 11675 986 7098 6084 1380 1731 4577 3733 660 4704 844 4774 2302 2472 1452
is_linear=0
shrinkage=0.03


Tree=145
num_leaves=31
num_cat=0
split_feature=29 22 33 7 0 4 25 16 1 38 34 17 24 25 21 29 25 2 21 22 36 20 22 25 31 56 50 37 25 16
split_gain=19.0056 16.6738 15.6172 12.8591 24.7382 27.4808 15.1545 12.2731 12.2301 13.19 13.8989 13.1902 13.0752 12.4722 12.3051 12.0735 11.8483 11.7487 16.6866 16.176 12.3634 14.0916 11.7088 17.8351 13.9833 12.9072 17.0102 17.0309 12.5584 11.9843
threshold=0.78150000000000019 6.3750000000000009 205.60855771946493 -1.0000000180025095e-35 164.50000000000003 11.316890031939115 -0.99465189230620688 1289.5000000000002 188.21428571428575 25.750000000000004 141.10904169818966 8314.5000000000018 0.19639987142397944 -0.47114434510950071 -1.6096915127218898 1.8050000000000004 -0.98611507088852035 123.50000000000001 -0.21895164586918262 6.1250000000000009 0.29847499999999999 48.926923076923082 6.541666666666667 -0.25881904510252046 0.060500000000000005 1.0000000180025095e-35 137.50000000000003 31.500000000000004 -0.97335555334614932 1144.5000000000002
decision_type=2 2 2 2 2 2 2 2 2 2 2 2 2 2 2 2 2 2 2 2 2 2 2 2 2 2 2 2 2 2
left_child=1 7 3 6 5 22 -2 -1 9 10 11 14 -12 -13 -8 -11 -7 20 -19 -20 -16 -22 23 28 -25 -24 -27 -28 -5 -30
right_child=2 -3 -4 4 -6 16 8 -9 -10 15 12 13 -14 -15 17 -17 -18 18 19 -21 21 -23 25 24 -26 26 27 -29 29 -31
leaf_value=-0.012229920723612998 -0.017164882077594267 -0.024667099765835931 0.022710313912696529 -0.020518937833443534 0.012554728581113528 0.031002445381479858 0.018486052526480036 0.014380978414082243 0.025067446244055804 0.001105831654716461 -0.00048380121913034566 0.018957836562940814 -0.018318456309098955 -0.024125924888049509 -0.023828721034074969 -0.032955588533783962 -0.020610751800492662 -0.013983564995692777 0.029280068943736214 -0.0028524783249572619 -0.0086969077254521968 0.037138603508526907 -0.0087456256487445528 0.012476115439745798 -0.0051074811869853487 0.016708730435565096 0.031177281990289313 -0.011144052325947441 0.033221088818248402 0.010037891660575896
leaf_weight=37.937833114527166 51.172504408285022 50.233246919233352 27.337405685335398 6.2668320294469586 198.7819999139756 3.3967723641544572 18.533934639766812 25.032766478136182 15.376665085554121 1049.8650332880206 56.098394793458283 41.366713906638324 107.96774847060442 6.1754309996031216 50.470027586910874 8.4506662562489492 63.780254033859819 37.069894560147077 24.723570503294468 30.85083286697045 52.603649390861392 5.8104712571948758 124.60952842934057 64.066037619486451 107.7631878531538 57.527865779586136 8.9821001728996617 59.727154549211264 38.441817199811339 43.430143225938082
leaf_count=602 577 1737 821 98 1345 26 244 233 71 9664 480 455 954 168 1655 49 825 570 305 420 486 42 1548 731 1357 507 85 638 252 339
internal_value=-4.88837e-06 -0.0119576 0.00057312 0.00030414 0.00345429 0.000308199 -0.00126912 -0.00159182 -0.00071773 -0.00100047 -0.00541361 -0.001186 -0.0122602 0.0129798 -0.00429125 0.000802997 -0.0175845 -0.00646693 0.00138803 0.0117073 -0.0131022 -0.00358929 0.00269102 0.0071405 0.00148277 -0.0019303 0.00481302 -0.00524366 0.0180301 0.0211928
internal_weight=2473.85 113.204 2360.65 2333.31 776.774 577.992 1556.54 62.9706 1505.36 1489.99 431.671 267.605 164.066 47.5421 220.062 1058.32 67.177 201.528 92.6443 55.5744 108.884 58.4141 510.815 259.968 171.829 250.847 126.237 68.7093 88.1388 81.872
internal_count=27284 2572 24712 23891 7751 6406 16140 835 15563 15492 5779 4345 1434 623 3722 9713 851 3478 1295 725 2183 528 5555 2777 2088 2778 1230 723 689 591
is_linear=0
shrinkage=0.03


Tree=146
num_leaves=31
num_cat=0
split_feature=27 33 22 6 22 27 4 7 31 42 17 17 24 3 24 20 32 26 21 26 26 19 23 3 21 23 29 26 26 1
split_gain=19.7123 17.5277 15.4293 13.8063 13.9498 20.2785 17.3733 16.5121 15.6323 15.8125 16.0113 25.1669 18.235 16.9451 19.4563 15.2193 14.3609 15.0238 16.071 16.5253 13.5012 13.4882 17.7939 13.1169 13.0975 15.9747 15.2656 13.044 12.2272 11.8604
threshold=105.50000000000001 199.93831092034711 6.7083333333333348 1.1500000000000001 6.291666666666667 124.50000000000001 7.4342988527897687 -0.60833333333333328 0.07400000000000001 1.0000000180025095e-35 9268.5000000000018 2064.0000000000005 0.19464835425053281 148.50000000000003 0.20483682983682983 34.196153846153855 0.17800000000000002 0.38268343236508995 0.5896244348413392 -0.47114434510950048 -0.95642797789208689 9.1428571428571441 0.26944684528954194 133.50000000000003 0.31207359307359261 0.34011567857880604 1.0400000000000003 0.88144907265856365 -0.16280825711808972 151.6428571428572
decision_type=2 2 2 2 2 2 2 2 2 2 2 2 2 2 2 2 2 2 2 2 2 2 2 2 2 2 2 2 2 2
left_child=2 3 -1 4 7 6 24 -2 9 10 11 13 -12 14 -7 -14 -13 18 19 21 -11 -18 -23 -10 25 -6 28 -25 -26 -22
right_child=1 -3 -4 -5 5 8 -8 -9 23 20 12 16 15 -15 -16 -17 17 -19 -20 -21 29 22 -24 27 26 -27 -28 -29 -30 -31
leaf_value=-0.0046462706847042986 -0.023834681795721867 0.021060760252256731 -0.027369184786446683 0.019740758589706604 -0.024339814631324268 -0.01818680371339982 -0.023923500421315289 0.0031122073524216991 -0.014041613253034472 -0.012920637422131743 0.018038680215274237 -0.016727043047528433 -0.0005373478385415001 -0.026876706750756717 0.035567804507958496 -0.041967084238521898 -0.0083650946147725228 0.028517789610139156 0.02240013805097291 -0.02922054311425255 0.00958121377282674 0.041606147558441865 -0.011242272829188089 0.0048846080640502299 0.050730380587483796 0.028845463155932866 -0.012836402901806512 -0.016519331854678729 -0.0011415358084714935 -0.003779584688927301
leaf_weight=87.81987865595147 19.919811183586717 35.568691972643137 38.116481035482138 30.848922539502382 26.150577855762098 14.639543582685294 67.00508732162416 961.17820668919012 38.840061452239752 53.833434384316206 7.0503936801105729 31.088269775733352 10.544707138091324 63.37868904415518 8.900226127356289 32.151188952848315 38.818411918357015 20.617751937359571 23.271569974720478 18.844984313473105 131.82064990885556 13.102138489484789 9.0764729678630811 506.09148579277098 9.7396528888493794 5.3655110113322726 11.413631007075308 26.023963361978531 6.5354351056739715 107.99795582890511
leaf_count=2013 154 918 2202 255 504 270 1336 8754 329 337 67 273 63 935 104 261 276 120 171 200 1460 83 63 4118 110 76 168 413 189 940
internal_value=-0.000172357 0.000454703 -0.0116851 0.000126202 -0.000149734 -0.0022091 -0.0135781 0.00254138 -0.00095729 -0.00439962 -0.00933695 -0.00609162 -0.0246766 -0.0189106 0.00275862 -0.0319815 0.00118035 0.00577773 0.00100058 -0.00543669 0.000516314 0.00226412 0.0204263 0.00257206 -0.00166674 -0.0146765 0.0131368 0.00380879 0.0310403 0.00357371
internal_weight=2455.75 2329.82 125.936 2294.25 2263.4 1282.3 126.21 981.098 1156.09 585.136 291.484 241.738 49.7463 86.9185 23.5398 42.6959 154.82 123.731 103.114 79.842 293.652 60.997 22.1786 570.956 59.2048 31.5161 27.6887 532.115 16.2751 239.819
internal_count=27162 22947 4215 22029 21774 12866 2383 8908 10483 5623 2886 2495 391 1309 374 324 1186 913 793 622 2737 422 146 4860 1047 580 467 4531 299 2400
is_linear=0
shrinkage=0.03


Tree=147
num_leaves=31
num_cat=0
split_feature=7 22 27 56 31 20 31 0 31 1 26 25 25 26 25 16 26 21 45 25 12 50 49 26 18 38 34 31 22 16
split_gain=17.6908 16.7531 22.7078 20.3595 17.0952 15.4402 14.4936 12.7731 12.7368 11.9544 19.0189 13.6792 17.2187 24.0025 17.4279 18.1606 17.3042 16.7704 16.5538 15.7705 23.8165 15.7454 14.4905 13.7777 13.257 13.0704 12.9537 12.7458 21.3626 12.5847
threshold=-0.074999999999999942 6.4583333333333348 120.00000000000001 1.0000000180025095e-35 0.07400000000000001 45.603846153846163 0.21050000000000002 164.50000000000003 0.21050000000000002 183.35714285714289 0.91037613702198772 -0.99465189230620688 0.097964660725097311 -0.77259657388510627 -0.77259657388510627 1544.5000000000002 -0.41248606129204535 0.59893173922203446 6.9500000000000011 -0.19509032201612828 52.500000000000007 154.00000000000003 100.50000000000001 -0.3520614488341256 73.357142857142875 25.350000000000005 208.37556923557196 0.088500000000000009 7.291666666666667 1199.5000000000002
decision_type=2 2 2 2 2 2 2 2 2 2 2 2 2 2 2 2 2 2 2 2 2 2 2 2 2 2 2 2 2 2
left_child=9 5 6 7 -5 -2 -3 -4 -7 10 11 -1 14 -14 15 17 25 -13 -18 20 -16 27 -17 -19 -24 -15 -22 -21 -29 -25
right_child=1 2 3 4 -6 8 -8 -9 -10 -11 -12 12 13 16 19 22 18 23 -20 21 26 -23 24 29 -26 -27 -28 28 -30 -31
leaf_value=-0.019072044280075796 0.008648279864536982 -0.017175440862357769 -0.0081918317571824956 0.0016990093137138843 0.019805503729635295 -0.0077161921403517799 0.02763716828820191 0.0059957013058318 0.030161100974327455 0.0090614717069453996 -0.019708896738485939 -0.011118242245901541 -0.019968033353804766 -0.013101438957878927 0.016489815969876694 0.0025817334666106894 -0.022994734161840325 -0.023324809893996157 -0.0033515028750144052 -0.0082104153035480916 -0.028945230459989486 0.034161971994718744 0.063037385601822024 0.018848734161687388 0.0075058251005530969 0.012413559899801609 0.025240910203677414 0.015365306036896148 -0.020959039950051404 -0.0063443342454798613
leaf_weight=43.023222711868584 425.92136684199795 93.561449845787138 185.42108243424445 119.08543450944126 76.678390632383525 91.146860546432436 6.0893059615045777 81.489205367863178 7.765047430060803 71.531321194022894 60.758388986345381 231.48016107734293 96.322392200119793 22.122888715006411 144.3268746798858 60.347327847965062 48.687703401315957 12.801869008690117 175.33298502443358 121.58334464766085 16.613007849082354 10.376765616238115 6.7387086395174256 45.898238123394549 8.3589612040668708 83.253582749515772 4.2877312395721665 62.540560164488852 17.970902227796614 28.159392484463751
leaf_count=537 3692 2396 1906 1117 726 1631 68 555 111 351 1843 1882 1358 222 1075 504 1627 164 2643 733 188 57 44 365 56 452 138 395 119 235
internal_value=-0.000535048 0.00232246 -0.00127505 0.00153111 0.00885572 0.00617206 -0.0141897 -0.00385409 -0.00447053 -0.0027985 -0.00345705 -0.00264564 -0.00203991 -0.00687554 0.000633935 -0.00377741 -0.00299819 -0.0069134 -0.0077039 0.00523098 0.0121524 -0.000183159 0.00937219 0.00429151 0.034668 0.0069841 -0.0171841 -0.00210617 0.00709972 0.00931252
internal_weight=2459.67 1087.16 562.325 462.674 195.764 524.833 99.6508 266.91 98.9119 1372.52 1300.99 1240.23 1197.2 425.72 771.484 393.785 329.397 318.34 224.021 377.699 165.228 212.472 75.445 86.8595 15.0977 105.376 20.9007 202.095 80.5115 74.0576
internal_count=27190 12202 6768 4304 1843 5434 2464 2461 1742 14988 14637 12794 12257 6302 5955 3250 4944 2646 4270 2705 1401 1304 604 764 100 674 326 1247 514 600
is_linear=0
shrinkage=0.03


Tree=148
num_leaves=31
num_cat=0
split_feature=33 10 35 6 1 26 27 23 24 40 2 40 26 20 22 50 17 1 19 38 46 37 37 25 16 31 31 25 17 10
split_gain=13.7436 13.4609 11.9322 10.8477 11.3587 15.9079 13.7055 12.1799 11.6124 25.586 17.8468 16.1807 15.9493 14.6174 16.8396 17.1658 19.4945 16.661 19.5913 18.2141 17.6818 17.2777 14.5685 14.395 13.8751 13.7394 13.3672 12.8533 14.8426 13.2088
threshold=219.05685696612679 7.5000000000000009 117.82694225031558 1.1500000000000001 183.35714285714289 0.91037613702198772 171.50000000000003 0.31851119894598162 0.21563498982853821 6.2000000000000002 116.50000000000001 5.3000000000000016 -0.97335555334614932 38.350000000000009 7.1250000000000009 128.50000000000003 2064.0000000000005 143.92857142857147 8.8928571428571477 28.950000000000003 118.50000000000001 48.500000000000007 39.500000000000007 -0.58216583101416131 71.500000000000014 0.12200000000000001 0.088500000000000009 0.81241147629689026 10952.500000000002 107.50000000000001
decision_type=2 2 2 2 2 2 2 2 2 2 2 2 2 2 2 2 2 2 2 2 2 2 2 2 2 2 2 2 2 2
left_child=1 -1 -3 4 5 7 -7 8 13 11 24 12 -10 14 17 25 26 19 23 -4 21 -20 -22 -19 -11 -16 -17 28 29 -12
right_child=-2 2 3 -5 -6 6 -8 -9 9 10 27 -13 -14 -15 15 16 -18 18 20 -21 22 -23 -24 -25 -26 -27 -28 -29 -30 -31
leaf_value=-0.017309348626291233 0.027335342071152367 -0.014209759307543908 0.014967007688614108 0.01586786796089203 0.011331412535353452 -0.015657489879684749 0.036596890751643379 -0.0076640247113510841 -0.016439342311276816 0.02741554341802778 0.023213973182363051 0.037615051920109312 0.015317721377162256 -0.0027503517868116608 0.016794631164994828 -0.045173141591781915 -0.0043393215833493438 -0.014592527768374816 0.0097523327089015215 -0.0030769154593797083 0.042478750436232837 -0.028836196056979353 0.010532558480198686 0.001868669284371109 -0.02936795112344269 -0.0096528185436129971 -0.004743295363068686 0.019950551177334141 0.042810252000583124 -0.011603278044353226
leaf_weight=39.279746670275927 15.53209570981562 49.783738153986633 215.08648739010096 39.563236147165298 78.921056922525167 80.582816743757576 3.8495322167873374 158.06273783417419 15.768285183236001 3.6782535337843028 10.581568272784351 24.142300445586443 98.428992535918951 851.38317281939089 49.481101965531707 19.48655602615327 126.64073709864169 85.032041233032942 21.774370511062443 65.248584441840649 13.937808820046483 18.437066880986094 102.6917557483539 107.17477320041507 27.511278406716883 26.398721558507532 11.888018315657972 29.465294538065791 4.9379535317420951 64.457844940014184
leaf_count=347 527 2978 1718 369 383 2067 22 1573 104 65 80 199 1043 9762 326 169 1110 602 163 408 85 147 686 819 225 269 91 279 32 566
internal_value=7.42268e-05 -0.000110157 0.0001779 0.000488002 0.000218429 -0.000178679 -0.0128746 0.000325256 0.000962201 0.00662698 -0.00238454 0.0157392 0.0108281 3.72281e-05 0.0027864 -0.00407463 -0.00968742 0.00533856 0.000957038 0.0107712 0.0087955 -0.00821102 0.014679 -0.00545158 -0.0220277 0.00758764 -0.0304737 0.00336223 -0.00292015 -0.00645286
internal_weight=2459.21 2443.68 2404.4 2354.61 2315.05 2236.13 84.4323 2151.7 1993.63 278.972 140.632 138.34 114.197 1714.66 863.278 233.895 158.015 629.383 349.048 280.335 156.841 40.2114 116.63 192.207 31.1895 75.8798 31.3746 109.443 79.9774 75.0394
internal_count=27214 26687 26340 23362 22993 22610 2089 20521 18948 2593 1247 1346 1147 16355 6593 1965 1370 4628 2502 2126 1081 310 771 1421 290 595 260 957 678 646
is_linear=0
shrinkage=0.03


Tree=149
num_leaves=31
num_cat=0
split_feature=33 2 28 22 7 28 3 24 39 17 42 16 3 22 50 22 26 34 22 40 22 17 23 2 19 26 16 29 22 24
split_gain=13.8607 12.6064 25.4976 27.0674 22.309 19.7393 25.9001 22.0089 16.6927 14.4824 14.89 14.3599 13.8025 13.4787 16.0487 13.2353 12.1814 20.2773 22.0541 11.8135 11.6947 12.7294 11.4397 11.2931 12.6819 12.2328 14.4723 12.8162 13.6681 12.5262
threshold=219.05685696612679 109.50000000000001 0.0069700000000000014 7.9583333333333348 0.20833333333333334 0.005425000000000001 123.50000000000001 0.19253938832252088 79.550000000000026 13353.000000000002 1.0000000180025095e-35 1009.5000000000001 172.50000000000003 6.791666666666667 123.50000000000001 5.291666666666667 0.88144907265856365 150.25540795541596 6.2083333333333348 4.5500000000000007 6.541666666666667 2109.5000000000005 0.24478940512375158 175.50000000000003 -1.8214285714285727 0.52778511650980109 604.50000000000011 0.81650000000000011 4.1250000000000009 0.21304964539007093
decision_type=2 2 2 2 2 2 2 2 2 2 2 2 2 2 2 2 2 2 2 2 2 2 2 2 2 2 2 2 2 2
left_child=1 2 5 19 16 6 8 -7 11 10 -9 15 13 -6 -15 -1 23 -18 -19 20 21 -4 -23 24 -3 27 -27 28 -26 -28
right_child=-2 4 3 -5 12 7 -8 9 -10 -11 -12 -13 -14 14 -16 -17 17 18 -20 -21 -22 22 -24 -25 25 26 29 -29 -30 -31
leaf_value=0.044615079187017771 0.027405624463066852 -0.012914421336107172 -0.029844115180869706 0.025860254217719206 0.012661562350716086 0.031616642255375353 -0.01513476864760354 -0.00886138813160583 -0.0031245173771598253 0.060081776227423001 0.021561923870166123 0.05504888470767319 0.021296774703147944 0.017197496998831694 -0.01614390491070684 -0.013884476911938967 -0.024803874715173969 0.024346131868987025 -0.014037049514925038 -0.027079834081593562 -0.027923679291713511 -0.012942725549226554 0.043387380265812715 0.016253168950435559 0.02417328624790924 -0.0076395412034373014 0.0068342182864827425 0.00029447430107321267 -0.017942591508400572 0.026213339614185493
leaf_weight=4.4400727851316359 15.820338068529962 63.111982612404972 4.231355438474572 11.40450601512566 82.318599997088313 29.80982815194875 106.03833315707743 56.455475161317736 37.050441334489733 2.6367685515433541 18.358940014149994 9.6077418271452171 67.91550132445991 17.807852593250573 41.360559133812785 8.7838862393982691 45.164094139356166 22.457343244925141 30.671336120925844 78.581260905135423 10.364711836911736 4.295513621531426 8.7542786579579097 39.244924230501056 6.9699406847357741 45.859419925604016 136.96638854499906 1340.4934269199148 58.72832154110074 37.907078197225928
leaf_count=51 541 1672 126 139 717 393 1359 1115 614 34 172 57 476 163 368 251 1692 196 349 1766 480 57 82 197 80 1458 886 10463 948 260
internal_value=0.000266441 7.83818e-05 -0.00484989 -0.0164632 0.00102583 0.0001926 -0.00627892 0.0101688 0.00939389 0.00161609 -0.00120979 0.028987 0.0102765 0.00487432 -0.00599013 0.00751304 -3.91453e-05 -0.0102578 0.00233746 -0.0212059 -0.00414704 0.0108609 0.0252441 0.000547278 0.00017317 0.000688488 0.0072375 -0.000343937 -0.0131791 0.0111602
internal_weight=2443.61 2427.79 390.813 117.632 2036.98 273.181 165.92 107.261 59.8821 77.4512 74.8144 22.8317 209.403 141.487 59.1684 13.224 1827.57 98.2928 53.1287 106.227 27.6459 17.2811 13.0498 1729.28 1690.04 1626.92 220.733 1406.19 65.6983 174.873
internal_count=27162 26621 6696 2650 19925 4046 2332 1714 973 1321 1287 359 1724 1248 531 302 18201 2237 545 2511 745 265 139 15964 15767 14095 2604 11491 1028 1146
is_linear=0
shrinkage=0.03


Tree=150
num_leaves=31
num_cat=0
split_feature=45 12 15 30 16 24 33 6 20 21 22 7 14 49 30 29 35 32 22 33 21 27 21 29 50 25 38 21 4 21
split_gain=14.7689 14.9743 13.0147 16.3846 18.8809 17.219 14.578 13.6245 12.9503 15.2623 13.0414 15.9263 14.8764 19.6133 17.5117 13.7937 13.6251 13.0108 14.575 12.5976 12.2142 12.1886 11.5499 15.5106 16.1163 13.7439 19.6891 12.7354 11.4912 11.3552
threshold=6.5500000000000007 109.50000000000001 417.50000000000006 76.100000000000009 1544.5000000000002 0.20766968880176429 112.88846355973116 0.083333333333333315 46.261538461538471 1.9329333344409647 5.541666666666667 -0.62499999999999989 306.50000000000006 110.50000000000001 89.40000000000002 1.8050000000000004 220.16699776180201 0.26000000000000006 7.7083333333333348 180.89236707025751 1.3532016237995217 188.00000000000003 0.7501204755312324 0.81650000000000011 136.00000000000003 -0.13052619222005143 26.100000000000005 0.6704366220588015 19.535772289620638 -0.51738203865386212
decision_type=2 2 2 2 2 2 2 2 2 2 2 2 2 2 2 2 2 2 2 2 2 2 2 2 2 2 2 2 2 2
left_child=2 8 -1 -4 5 6 -5 20 10 19 11 -2 13 14 15 17 22 29 -19 -10 -8 28 23 -14 25 -25 -27 -26 -13 -12
right_child=1 -3 3 4 -6 -7 7 -9 9 -11 12 21 16 -15 -16 -17 -18 18 -20 -21 -22 -23 -24 24 27 26 -28 -29 -30 -31
leaf_value=-0.018979595251260702 -0.026482156091139308 0.030453825873016538 -0.018340440556757834 0.040452721202455147 -0.019850893415719061 -0.0077464381782734164 -0.016503682861014973 0.025009161448011897 -0.0075841326193329594 0.030107864506914776 -0.00021396634249940897 0.0084333898969325 -0.027156636937292367 -0.018258010485365496 0.039493340109999608 -0.031117864718123254 0.026247984084092214 -0.0012235306454090634 -0.036942117639806746 0.020409706786602512 0.02571128453250357 -0.023603810515366919 -0.010896625014628887 0.0098938838455673271 -0.0082996159088509335 -0.01914274730294524 0.004285763741885309 0.020139129804578437 -0.012235441617359639 0.0092789132912171474
leaf_weight=59.461347978562117 12.469804757274686 14.312447559088467 45.120433245785534 16.662743806838989 26.657051691785455 39.801928959321231 21.525109653361145 23.932583566755056 288.0820313799195 9.8112627826631051 168.10118149407208 455.44121656194329 19.385958001948893 34.462218286003917 11.759964747354386 8.9433199018239957 13.245737755671142 58.702286381740123 11.484251674264668 14.284252569079397 7.5212676040828219 10.77860322780907 145.80346751026809 164.06611874513328 218.92038544453681 44.52726721111685 110.1147772371769 14.207522014155982 24.705408888868988 347.27595869451761
leaf_count=2407 89 233 1024 323 608 577 370 262 5662 64 1607 3707 320 477 100 45 281 618 129 109 48 80 1093 1186 1614 354 671 103 184 2870
internal_value=0.000117126 0.000889775 -0.00692269 -0.0028842 0.0023363 0.00787121 0.0167804 0.00872356 0.000682427 -0.00496519 0.00162517 0.00574966 0.000107685 0.00344109 0.00470257 0.00394921 -0.0028177 0.00453693 -0.00750482 -0.00619874 -0.00508063 0.00662054 -0.00339044 -0.00145881 -0.000508557 0.00387178 -0.00253984 -0.00648786 0.00734668 0.00618819
internal_weight=2441.57 2200.89 240.682 181.221 136.101 109.444 69.6417 52.979 2186.57 312.178 1874.4 503.395 1371 640.729 606.267 594.507 730.271 585.564 70.1865 302.366 29.0464 490.925 717.025 571.222 551.836 318.708 154.642 233.128 480.147 515.377
internal_count=27215 21596 5619 3212 2188 1580 1003 680 21363 5835 15528 4060 11468 5846 5369 5269 5622 5224 747 5771 418 3971 5341 4248 3928 2211 1025 1717 3891 4477
is_linear=0
shrinkage=0.03


Tree=151
num_leaves=31
num_cat=0
split_feature=6 22 29 39 12 25 10 22 45 17 4 21 25 17 17 21 22 25 19 31 37 21 38 20 16 21 17 32 24 47
split_gain=15.8246 13.9257 28.3742 17.1671 14.0459 14.015 16.4656 20.9543 26.0391 26.3456 13.851 15.7632 27.9721 13.6963 16.8653 13.5094 13.2427 19.8497 18.4978 17.4717 17.4157 18.8295 17.2112 12.5528 22.5587 21.0878 13.8306 12.8219 12.877 12.8057
threshold=1.1500000000000001 5.6250000000000009 0.79900000000000015 82.050000000000026 97.500000000000014 -0.84874750804349186 117.50000000000001 4.6250000000000009 6.9500000000000011 7923.5000000000009 6.2979361493930215 -1.0135141753930097 1.0000000180025095e-35 5221.5000000000009 2552.0000000000005 -1.8941008333593499 5.2083333333333348 -0.16280825711808972 -3.1428571428571419 0.036000000000000011 50.500000000000007 1.079440102259775 23.100000000000005 45.115384615384627 1166.5000000000002 0.7501204755312324 1978.5000000000002 0.16100000000000003 0.19464835425053281 182.00000000000003
decision_type=2 2 2 2 2 2 2 2 2 2 2 2 2 2 2 2 2 2 2 2 2 2 2 2 2 2 2 2 2 2
left_child=1 5 -3 10 15 6 -1 8 -8 -10 -4 12 -12 14 -13 -5 17 22 -18 -20 21 -19 -7 24 -17 26 -26 28 -25 -28
right_child=-2 2 3 4 -6 16 7 -9 9 -11 11 13 -14 -15 -16 23 18 20 19 -21 -22 -23 -24 27 25 -27 29 -29 -30 -31
leaf_value=0.02135189178484042 0.019377600257835203 -0.022169238610002195 0.00089705977877879532 0.018674862640204997 0.032227365389293411 -0.0039831232162479352 -0.017540970620048144 -0.02023763065764984 -0.0051914641593919265 0.045658296564189953 0.021402571620835052 -0.022422402599272685 -0.029803354768746366 -0.027069250821736703 0.0063115560186137809 0.0052740905886664918 0.073704266860216125 0.0065522082190959934 0.028973951754991983 0.0039359904642543688 -0.012177404580063091 -0.02295798188425352 0.0194729953715005 0.031987236102507886 0.020131254691816532 -0.014778142047597562 -0.002611723996978013 -0.011356602598824789 -0.0017459235152320833 0.034009680386160535
leaf_weight=18.037388535216451 37.136470016092062 57.181662045884877 110.61691117566079 34.039235384203494 11.515718933194874 39.231455096974969 27.859350353479385 65.974985467270017 17.765904664993286 17.55718194693327 26.82132647652179 35.7683564145118 13.673317770939319 66.745435632765293 36.083623125217855 563.30697436071932 3.6049563726410261 191.04038468142971 36.131625198759139 78.509809609036893 88.835941246245056 20.672067318111658 96.091263592243195 11.223520752973853 27.167772409506142 113.65294965542853 345.89257073681802 156.6122390027158 60.533511300571263 7.8142097666859618
leaf_count=152 391 2067 1878 311 177 270 257 525 108 97 258 1089 258 1132 518 4398 91 2282 358 825 1057 268 809 100 173 852 2464 3102 696 52
internal_value=0.000205668 -0.0001015 -0.00158472 -0.000845582 0.000595763 0.00344591 -0.00475917 -0.00854173 0.00379614 0.0206444 -0.00745053 -0.0125828 0.00381095 -0.0173656 -0.00810382 0.000295675 0.00563014 0.00319816 0.0144927 0.0120095 -0.00110505 0.00357639 0.0126935 -0.000204858 0.00117363 -0.00349834 -0.000102564 -0.00656747 0.00389741 -0.00170907
internal_weight=2417.1 2379.96 1678.65 1621.47 1331.76 701.312 147.195 129.157 63.1824 35.3231 289.709 179.092 40.4946 138.597 71.852 1320.24 554.118 435.871 118.246 114.641 300.548 211.712 135.323 1286.2 1057.83 494.528 380.875 228.369 71.757 353.707
internal_count=27015 26624 19525 17458 12325 7099 1139 987 462 205 5133 3255 516 2739 1607 12148 5960 4686 1274 1183 3607 2550 1079 11837 7939 3541 2689 3898 796 2516
is_linear=0
shrinkage=0.03


Tree=152
num_leaves=31
num_cat=0
split_feature=5 35 0 7 31 25 25 26 26 26 10 25 32 24 31 33 22 22 49 23 21 22 23 25 17 30 23 35 49 28
split_gain=16.0987 13.0792 12.2073 15.8219 16.3941 14.2522 15.5812 28.9822 28.0084 27.0942 19.6762 19.0543 22.636 17.6672 17.8717 17.1687 16.8204 21.8686 17.7591 16.5097 22.0075 20.1734 16.4637 16.4237 21.4938 15.9834 15.8247 14.8007 17.6589 14.7624
threshold=1.5000000000000002 227.27514878149776 171.50000000000003 0.34166666666666673 0.014500000000000001 -0.99465189230620688 -0.22695468355932447 1.0000000180025095e-35 -0.81241147629689003 -0.38268343236508956 202.50000000000003 0.68322629814330826 0.19800000000000004 0.21680376028202111 0.046500000000000007 165.99553548645582 7.9583333333333348 7.1250000000000009 102.50000000000001 0.23956521739130437 1.3497239276507367 8.0416666666666696 0.17817460317460312 0.16280825711808983 6258.5000000000009 79.15000000000002 0.30602006688963218 145.80062191101482 80.500000000000014 0.0066100000000000004
decision_type=2 2 2 2 2 2 2 2 2 2 2 2 2 2 2 2 2 2 2 2 2 2 2 2 2 2 2 2 2 2
left_child=1 2 5 4 -4 -1 8 11 10 -10 -7 12 -8 14 -13 -9 17 26 -18 20 22 -21 -11 24 -14 -24 -16 28 -27 -19
right_child=-2 -3 3 -5 -6 6 7 15 9 19 -12 13 23 -15 16 -17 18 29 -20 21 -22 -23 25 -25 -26 27 -28 -29 -30 -31
leaf_value=-0.016230288482200043 0.020972447958695743 0.020188778068813265 -0.014859892898717328 0.019958203005316772 0.0048077808666458282 -0.0055950332773616607 -0.015231238263872602 -0.021983118496150967 -0.018323980122693564 0.011002664763969904 0.01922675289229888 0.0086236416855550533 0.0087122851298711296 0.017156739702501006 0.0010951062939130113 3.4372548207221604e-05 0.0045229899259048448 -0.030443746476214551 0.054493901911315167 0.0082784318723462709 0.033822681792965673 -0.020620765458738262 -0.018228030078295238 -0.012310179291693459 -0.022809891658695753 0.048292902700740423 -0.020025075508786967 -0.0072176572280956133 0.00085899936520810306 0.0053611109597555577
leaf_weight=55.63949210382998 31.607702661305666 26.858268490061164 43.466163098812103 50.665152803063393 267.79964643530548 37.056296999566257 156.92140621505678 106.28308329125866 68.237538674846292 46.265631237067282 121.44317191280425 158.22696026042104 146.29397261794657 61.785261172801256 218.36236478108913 45.343368920497596 30.643024782650173 44.386863609775901 7.1651525767520061 298.33387653529644 12.579962503165005 22.495298127643764 91.262094764970243 73.922366552054882 21.460872657597065 9.1558851301670057 36.379804615862668 122.60369778610766 23.321957947686315 13.080425727181135
leaf_count=777 378 601 243 314 1475 388 1591 7452 953 421 918 1134 933 454 1499 602 233 359 50 2563 95 250 795 1145 134 73 252 805 280 118
internal_value=3.38359e-05 -0.000248492 -0.000486452 0.00458134 0.00202253 -0.00139241 -0.000965965 -0.00329071 0.0020883 -0.000515436 0.0134249 -0.00137465 -0.00639819 0.00214316 0.000287918 -0.0154418 -0.00349411 -0.00579346 0.0151533 0.00145187 -0.00353761 0.00619435 -0.00525354 -0.000623753 0.00456838 -0.00833875 -0.00198758 -0.00243962 0.0152743 -0.0223417
internal_weight=2449.05 2417.44 2390.58 361.931 311.266 2028.65 1973.01 1120.25 852.755 694.256 158.499 968.628 398.599 570.03 508.245 151.626 350.018 312.209 37.8082 626.018 305.189 320.829 292.609 241.677 167.755 246.344 254.742 155.082 32.4778 57.4673
internal_count=27285 26907 26306 2032 1718 24274 23497 15956 7541 6235 1306 7902 3803 4099 3645 8054 2511 2228 283 5282 2469 2813 2374 2212 1067 1953 1751 1158 353 477
is_linear=0
shrinkage=0.03


Tree=153
num_leaves=31
num_cat=0
split_feature=5 45 34 4 37 46 20 16 25 25 21 45 2 7 23 21 39 24 46 21 47 29 17 37 25 37 24 37 21 24
split_gain=14.0215 14.4057 11.2718 11.3572 13.8531 14.7847 15.6858 11.574 10.7669 23.5434 14.9635 14.4854 14.2131 18.5073 16.8401 14.5488 14.9079 13.3261 21.7444 19.3931 17.4673 13.245 16.0153 13.4888 13.0391 17.256 15.3135 12.3918 26.5029 12.1524
threshold=1.5000000000000002 6.1500000000000012 208.37556923557196 4.2138818037327397 37.500000000000007 124.00000000000001 41.803846153846159 4470.5000000000009 0.097964660725097311 0.47114434510950065 -1.312672233882221 8.0000000000000018 118.50000000000001 0.058333333333333307 0.33798076923076931 1.3465537413711306 112.35000000000001 0.21563498982853821 104.50000000000001 0.35109715011883508 104.50000000000001 0.83000000000000007 8798.0000000000018 50.500000000000007 -0.98611507088852035 64.000000000000014 0.18677325581395346 48.500000000000007 1.0490994266219149 0.19777533308886444
decision_type=2 2 2 2 2 2 2 2 2 2 2 2 2 2 2 2 2 2 2 2 2 2 2 2 2 2 2 2 2 2
left_child=1 -1 3 4 -3 -6 -7 8 10 -10 11 21 14 15 27 16 24 29 19 -19 -20 -5 23 -23 -14 26 -26 -12 -29 -11
right_child=-2 2 -4 7 5 6 -8 -9 9 17 12 -13 13 -15 -16 -17 -18 18 20 -21 -22 22 -24 -25 25 -27 -28 28 -30 -31
leaf_value=-0.012787699387076495 0.019322891016495064 0.020800432200864621 0.025244198136617158 -0.017730032127696669 -0.0093485637772898547 0.021888111146489902 -0.0066003808352284501 0.024972901203681463 -0.013773221944951498 0.0019322939414075212 -0.013923770371530647 -0.024381838680025646 -0.013990802596891394 0.013124050480513081 0.023602720842749721 0.017839725696834265 0.025621076486102238 0.068086885361058766 0.023718902039545964 -0.006402528989356949 -0.0060159172928047257 0.033144386914593642 -0.00085322484956986669 0.0045179726858970183 0.0088792272156064667 0.032167674417663938 -0.0033531641320392849 0.0062568998231064309 -0.035721636515898464 -0.0066009653140155318
leaf_weight=80.897161772940308 31.810544467531145 47.516496963799 14.829133527353404 10.145616249181328 56.969572172965854 44.110401133075356 27.69992062356323 14.607185029424725 162.74412844656035 272.16292215092108 144.04648381844163 8.8473534397780877 69.366638114675879 108.42367855738848 14.894804882816969 37.699357200413942 17.390833957120776 8.5241145184263569 24.871993960812688 4.4575072629377237 55.974649527110159 49.898521275259554 31.556479616090655 21.392077938653529 111.61290178634226 13.333705171942709 505.09615030046552 86.357079600915313 15.017622959800063 333.19473735848442
leaf_count=3169 382 399 523 77 692 314 433 106 2813 3412 1525 53 720 812 142 280 104 102 277 139 673 316 208 137 765 89 3610 662 101 4180
internal_value=-0.000155774 -0.000422599 1.52581e-05 -0.000158462 0.00713598 0.00197272 0.0109593 -0.000767672 -0.000957885 -0.00353335 0.000826436 0.0107675 -0.00026051 0.00159406 -0.00639082 -7.80051e-05 -0.00104391 -0.00113363 0.00932661 0.0438808 0.00330985 0.0137094 0.0169517 0.0247358 -0.00174257 -0.000374025 -0.00112854 -0.00829955 -0.000249976 -0.00276764
internal_weight=2425.45 2393.64 2312.74 2297.91 176.296 128.78 71.8103 2121.62 2107.01 861.93 1245.08 121.84 1123.24 862.923 260.316 754.5 716.8 699.186 93.8283 12.9816 80.8466 112.993 102.847 71.2906 699.409 630.043 616.709 245.421 101.375 605.358
internal_count=27215 26833 23664 23141 1838 1439 747 21303 21197 11596 9601 791 8810 6380 2430 5568 5288 8783 1191 241 950 738 661 453 5184 4464 4375 2288 763 7592
is_linear=0
shrinkage=0.03


Tree=154
num_leaves=31
num_cat=0
split_feature=27 16 25 25 27 23 26 21 26 22 31 1 21 22 26 27 21 1 22 23 21 21 50 19 21 16 4 23 22 48
split_gain=15.1892 14.8161 14.3411 31.9476 20.1678 17.2787 17.0658 16.3024 15.5549 18.6891 15.3634 14.6425 14.376 14.0716 13.2677 16.2043 13.0434 13.017 12.9894 28.7907 12.9329 13.9023 14.0988 12.8492 12.5755 23.9652 13.9562 16.0297 14.981 13.571
threshold=105.50000000000001 4470.5000000000009 -0.22695468355932447 -0.72947329433276231 141.50000000000003 0.29249530956848036 -0.47114434510950048 0.6898304285815251 0.47114434510950071 5.8750000000000009 0.11400000000000002 172.78571428571431 1.1121822042708918 6.7083333333333348 -0.13052619222005143 156.50000000000003 1.3310024500184563 183.92857142857147 8.0416666666666696 0.23745594898472897 1.1829988622906764 1.000207056808512 136.00000000000003 5.4642857142857162 -1.312672233882221 1295.5000000000002 5.0047976956565456 0.18808962264150944 4.1250000000000009 162.00000000000003
decision_type=2 2 2 2 2 2 2 2 2 2 2 2 2 2 2 2 2 2 2 2 2 2 2 2 2 2 2 2 2 2
left_child=13 2 3 6 11 10 17 14 -9 -10 12 18 -4 -1 15 -7 20 -2 -5 -20 21 22 -8 -23 25 -24 29 -28 -29 -26
right_child=1 -3 5 4 -6 7 16 8 9 -11 -12 -13 -14 -15 -16 -17 -18 -19 19 -21 -22 23 24 -25 26 -27 27 28 -30 -31
leaf_value=-0.0038150986066954468 -0.025621328171648038 0.029797009312956573 -0.00093540682148287289 0.0098786733662900809 0.021830110951012692 -0.0064671457854507336 0.0034548450356707548 -0.029460302976582871 0.081807295453429157 -0.018493537442976906 0.0065499903563938228 -0.019317503913643581 -0.015039799553016327 -0.026478674068862163 -0.02020762961374243 0.018295379600834057 0.019802112434308457 0.019702220575168242 0.031494792503564767 -0.040398962508819067 -0.022131240340460413 0.043798493699259401 0.037103561026672061 -0.0013671199894281793 0.02778233536894148 -0.02938664160686694 0.013705638294170305 0.012689484307297156 -0.018147410257162086 -0.010707717583856887
leaf_weight=86.047161216847599 36.905979792587459 14.471264151856301 757.65066785458475 222.77556990738958 96.750047480687499 87.394590978510678 311.58463295176625 47.137279354501516 1.7150970613583911 3.631302182096988 233.49692403804511 18.404592726379633 70.164682609029114 33.806090153288096 36.784840752836317 31.539091324433684 28.53627042658627 5.9528833329677573 6.9416066575795439 12.902789902873335 23.141393296420574 11.436952337622644 13.823012450709941 10.309288010001181 16.314059142023329 6.3910389840602866 18.789067775011063 15.056813947856424 140.16229819785804 14.960261965170501
leaf_count=2027 364 105 8844 1766 1021 672 2169 433 28 136 2459 102 1014 2186 1015 186 201 27 58 118 196 73 105 76 114 46 151 103 1235 116
internal_value=-7.62545e-06 0.000537989 0.000339356 0.00300339 0.0101961 -0.00178318 -0.00094483 -0.00966319 -0.0239638 0.0215028 -0.000229685 0.00581708 -0.00214758 -0.0103738 -0.00472113 0.000197228 0.000353148 -0.0190204 0.0077952 -0.0149459 -0.000632845 0.000295359 -0.000676308 0.023268 -0.00637467 0.0156872 -0.0086126 -0.0119238 -0.015094 0.0096091
internal_weight=2414.98 2295.12 2280.65 1011.14 357.775 1269.51 653.364 208.202 52.4837 5.3464 1061.31 261.025 827.815 119.853 155.719 118.934 610.505 42.8589 242.62 19.8444 581.969 558.827 537.081 21.7462 225.497 20.2141 205.283 174.008 155.219 31.2743
internal_count=27146 22933 22828 8041 3065 14787 4976 2470 597 164 12317 2044 9858 4213 1873 858 4585 391 1942 176 4384 4188 4039 149 1870 151 1719 1489 1338 230
is_linear=0
shrinkage=0.03


Tree=155
num_leaves=31
num_cat=0
split_feature=27 22 21 23 16 29 22 48 33 23 7 26 39 25 20 26 21 21 1 1 25 25 50 25 20 30 30 22 21 47
split_gain=14.0071 19.1481 26.6945 17.5483 17.1626 15.7017 15.1578 13.9561 13.7163 13.6319 13.7683 13.6206 13.3465 26.1757 12.1854 11.9733 11.9535 16.4473 15.3466 11.8589 12.2077 17.9256 18.9885 16.8619 15.6997 15.3837 15.8687 18.4976 26.7456 18.4614
threshold=132.00000000000003 6.4583333333333348 -0.41633372968572707 0.27677175612298072 641.50000000000011 0.99050000000000005 8.0416666666666696 226.00000000000003 205.60855771946493 0.31851119894598162 -0.60833333333333328 0.63405362205439464 74.300000000000011 0.47114434510950065 60.357692307692318 0.065403129230142673 1.4433502777192653 1.1121822042708918 125.35714285714288 177.50000000000003 -0.16280825711808972 -0.72947329433276231 114.50000000000001 0.63405362205439475 28.719230769230773 77.700000000000017 86.15000000000002 6.4583333333333348 -0.85373845625177858 149.00000000000003
decision_type=2 2 2 2 2 2 2 2 2 2 2 2 2 2 2 2 2 2 2 2 2 2 2 2 2 2 2 2 2 2
left_child=1 4 5 6 7 -3 12 -1 9 10 -2 -11 13 -4 -9 -16 17 19 -19 20 21 22 -12 -22 -25 -26 27 -27 -29 -30
right_child=8 2 3 -5 -6 -7 -8 14 -10 11 16 -13 -14 -15 15 -17 -18 18 -20 -21 23 -23 -24 24 25 26 -28 28 29 -31
leaf_value=-0.01885927740868305 -0.016796541165805128 -0.019967897130210157 -0.012997082316226063 -0.027912806480245127 0.0029229672157685908 0.0077307501221566292 0.010245415010566845 -0.0049368950452274721 0.026393191135814221 -0.012686093765759519 0.022397195717873433 0.016422895293943897 -0.016321528596923828 0.061744411336029724 0.075848094147851111 -0.017425322382444323 0.016822163996705327 -0.034887110666415297 -0.0042337080339733425 0.011216997907265788 -0.0079147083351615386 0.013769913002961993 -0.0015867251676204032 0.0284579973055906 0.015515548001700886 0.0029167542701696711 0.011289120173939612 -0.039326435788240147 -0.010990612584299973 0.020546803022702956
leaf_weight=60.993683211971074 33.353174054063857 21.392885018605739 12.59320720843971 61.708088532090187 423.46530418097973 103.13520482555032 28.913580249529332 11.428272680379449 18.630438003689051 101.48706889292225 32.590265739709139 15.963211975060402 136.71220703469589 5.1560422442853442 3.0354612451046696 1.3274599649012087 49.096863937564194 17.109374321065843 80.083087507169694 134.12007278576493 204.97766805673018 156.57889889925718 256.32379061542451 18.942812476307154 57.76196629460901 161.16967768548056 74.955327431671321 25.162410673685372 97.970420306082815 19.144569590687752
leaf_count=1921 246 903 204 1227 3802 1144 503 347 661 808 214 202 2956 98 38 107 375 108 800 710 2349 1226 1740 108 646 1574 723 277 1017 177
internal_value=-0.000231233 -0.0032778 -0.00844611 -0.0141746 0.000550045 0.00285119 -0.00942518 -0.0124059 0.00147356 0.00115449 0.0019692 -0.00862451 -0.0131495 0.01085 0.0121592 0.0495113 0.00243258 0.00189195 -0.00993015 0.00282606 0.00179892 0.00563026 0.00118665 -0.000791475 0.00242711 0.00123406 -0.00098111 -0.00403914 -0.011884 -0.00570494
internal_weight=2425.28 869.861 369.611 245.083 500.25 124.528 183.375 76.7849 1555.42 1536.79 1419.34 117.45 154.461 17.7492 15.7912 4.36292 1385.99 1336.89 97.1925 1239.7 1105.58 445.493 288.914 660.085 455.107 436.164 378.402 303.447 142.277 117.115
internal_count=27211 13250 7035 4988 6215 2047 3761 2413 13961 13300 12290 1010 3258 302 492 145 12044 11669 908 10761 10051 3180 1954 6871 4522 4414 3768 3045 1471 1194
is_linear=0
shrinkage=0.03


Tree=156
num_leaves=31
num_cat=0
split_feature=6 27 4 46 24 46 20 19 36 9 23 23 15 23 23 24 6 37 23 39 28 49 25 30 30 20 24 29 16 2
split_gain=16.388 14.6868 14.2333 22.2817 18.9962 17.4498 17.8999 13.3773 15.2347 13.558 13.0259 17.4168 15.3353 12.5687 12.209 12.9315 11.9809 14.931 14.2645 12.007 12.3068 11.8206 10.8181 10.6717 16.8935 11.9379 10.6158 11.6833 16.6238 10.3229
threshold=1.1500000000000001 105.50000000000001 5.0047976956565456 100.50000000000001 0.20483682983682983 118.50000000000001 34.457692307692319 9.1428571428571441 0.10993374999999991 0.90000000000000013 0.29198717948717956 0.33105022831050229 490.50000000000006 0.33105022831050229 0.28296751536435477 0.21563498982853821 -0.21666666666666665 29.000000000000004 0.23294573643410851 78.700000000000017 0.0023900000000000002 107.00000000000001 0.16280825711808983 80.100000000000009 83.15000000000002 50.230769230769234 0.16843971631205673 0.97500000000000009 1401.5000000000002 112.50000000000001
decision_type=2 2 2 2 2 2 2 2 2 2 2 2 2 2 2 2 2 2 2 2 2 2 2 2 2 2 2 2 2 2
left_child=1 10 3 4 -3 14 -7 9 -9 16 -1 12 -12 23 -5 -16 22 -18 19 -19 -21 -22 -4 -8 -25 -26 -20 28 -28 -29
right_child=-2 2 7 5 -6 6 13 8 -10 -11 11 -13 -14 -15 15 -17 17 18 26 20 21 -23 -24 24 25 -27 27 29 -30 -31
leaf_value=-0.016449437737016612 0.019288467754869011 0.055118783692825447 -0.003842773583273089 -0.014477248836675066 -0.0024410019937181502 0.022673951806731658 0.012283304068311464 0.011005069346277678 -0.00050150719379112518 0.013568412031256021 -0.020562576219643844 -0.028855787640071347 0.039795212830899762 -0.019337772229221013 0.037006417551452918 -0.016949896151952762 0.014560484783369521 -0.014930010743846391 0.018307618813165803 -0.038727450040585684 0.0069469890081658514 -0.0156496890717546 -0.013640274006770198 -0.018619480371484691 0.011542455456374723 -0.014476081224187313 -0.020518949054362755 -0.014177241369050263 0.0068489757889612082 -0.00042196503689817186
leaf_weight=85.487208939157426 38.04180390201509 13.324055635370316 379.32266571279615 64.527599541470408 7.9380643339827648 52.197310734540224 108.60157173871994 159.58708758465946 291.37922105100006 45.573437880724669 4.4922964908182683 7.1417355854064217 12.912716788239775 19.01468379702419 8.6277463454753143 6.0542763066478065 53.176412821747363 30.309707422275096 15.501191637013106 4.8202703278511754 289.96809055097401 21.50656515173614 138.12961568403989 33.032226304523647 73.61680446472019 19.245219237171113 88.28850421635434 60.442095634993166 25.191313115879893 244.82905190158635
leaf_count=3462 402 166 3170 756 152 372 1089 1434 1857 232 221 295 197 172 92 68 571 475 164 32 2748 230 2746 423 574 280 1282 703 219 2543
internal_value=1.03511e-05 -0.000307867 0.000216698 0.00529427 0.0344849 0.00359665 0.00684675 -0.000901566 0.00358576 -0.00235159 -0.0109595 0.00805533 0.0239459 0.00351167 -0.008876 0.0150949 -0.00289806 -0.000671025 -0.00172559 0.00280857 0.00455011 0.00534165 -0.0064794 0.00543872 -0.000515962 0.00605346 -0.00534273 -0.00625974 -0.0144368 -0.00318284
internal_weight=2402.28 2364.24 2254.2 406.18 21.2621 384.917 305.708 1848.03 450.966 1397.06 110.034 24.5467 17.405 253.511 79.2096 14.682 1351.49 834.033 780.857 346.605 316.295 311.475 517.452 234.496 125.894 92.862 434.252 418.751 113.48 305.271
internal_count=27127 26725 22550 4144 318 3826 2910 18406 3291 15115 4175 713 418 2538 916 160 14883 8967 8396 3485 3010 2978 5916 2366 1277 854 4911 4747 1501 3246
is_linear=0
shrinkage=0.03


Tree=157
num_leaves=31
num_cat=0
split_feature=27 22 25 23 18 6 25 35 46 23 23 26 30 24 38 36 25 23 50 24 26 3 47 3 16 28 35 3 2 22
split_gain=14.0849 17.7065 17.6082 18.2579 19.0903 16.7257 16.3836 21.2137 19.4339 17.3655 14.7237 14.5483 15.764 14.4522 16.9084 12.5729 12.2909 12.5405 19.1227 11.7273 15.7759 12.2626 10.3806 11.8253 11.3426 10.2964 13.8236 10.1867 14.5351 12.2556
threshold=128.50000000000003 6.8750000000000009 0.097964660725097311 0.23354978354978354 74.785714285714292 0.55000000000000016 -0.72947329433276231 134.42666993288438 98.000000000000014 0.22444029850746269 0.16901542563321273 -0.065403129230143228 77.250000000000014 0.20101010101010103 25.950000000000003 0.37297499999999995 -1.0000000180025095e-35 0.22163742690058477 149.50000000000003 0.17206290471785382 -0.97335555334614932 191.50000000000003 129.50000000000003 190.50000000000003 1254.5000000000002 0.0076250000000000007 179.00051186891358 187.50000000000003 129.50000000000003 7.6250000000000009
decision_type=2 2 2 2 2 2 2 2 2 2 2 2 2 2 2 2 2 2 2 2 2 2 2 2 2 2 2 2 2 2
left_child=1 2 6 4 11 19 9 16 -9 10 -1 12 -4 -3 -15 -14 17 -8 -19 20 -2 -22 23 -11 -25 -10 -27 28 29 -16
right_child=5 13 3 -5 -6 -7 7 8 25 22 -12 -13 15 14 27 -17 -18 18 -20 -21 21 -23 -24 24 -26 26 -28 -29 -30 -31
leaf_value=0.017165824979642766 -0.029169130345435536 -0.023113053803409431 -0.011003026536696327 -0.018260700711412042 -0.024791021746390727 0.013309780574341295 0.001520138640068664 -0.012254212508934603 0.01587887706245537 0.0020373768153476935 -0.023459123839045894 -0.017928216926919979 0.018058586172761213 -0.01653333788922921 -0.017961901916499275 0.064126384177921339 -0.012814077484524872 0.022228780596250729 0.090079986756081809 0.00013906119467024735 0.029500532194441129 -0.0025626305381236465 -0.014112395390974588 -0.0046219299421478696 0.045442684952367883 0.0075482089114858918 -0.041886367562474179 -0.023095800844444687 0.048722482679339041 0.019314607206568829
leaf_weight=8.8146475711837393 5.8462167754769316 65.780516253318638 12.287241624668239 87.58893897337839 17.71832612156868 97.899593927897513 5.070289821829653 42.48382764775306 90.576856102794409 52.701667729765177 48.950084679760039 12.448614010587333 28.450245048850775 51.733904973138124 12.225202714093031 6.0430384725332251 3.7461828151717773 8.7883024341426772 6.907815725542604 1606.0639358153567 33.982854616828263 15.270922251045702 21.3411287907511 5.6943664327263859 11.932904886081813 17.923999792896215 5.9913322459906331 6.9184653605334452 7.6536243846639982 18.947428830899298
leaf_count=92 35 1936 123 2105 150 945 102 427 665 627 498 778 332 1685 210 51 133 117 83 14769 313 109 277 53 75 131 46 102 75 218
internal_value=-7.7254e-05 -0.0038157 -0.000983749 -0.00897433 0.00169497 0.00132406 0.00300427 0.0090395 0.00488225 -0.0043369 -0.0170733 0.00989828 0.0175233 -0.0123518 -0.00492897 0.0277087 0.0344272 0.0431466 0.0556967 0.000610107 0.014093 0.0197063 0.00378643 0.00933949 0.0298898 0.011292 -0.00602036 0.00826767 0.0142959 0.0045917
internal_weight=2417.78 658.719 495.46 164.536 76.9475 1759.06 330.923 181.489 156.976 149.435 57.7647 59.2291 46.7805 163.259 97.4786 34.4933 24.5126 20.7664 15.6961 1661.16 55.1 49.2538 91.6701 70.3289 17.6273 114.492 23.9153 45.7447 38.8263 31.1726
internal_count=27262 11091 6865 3539 1434 16171 3326 1704 1269 1622 590 1284 506 4226 2290 383 435 302 200 15226 457 422 1032 755 128 842 177 605 503 428
is_linear=0
shrinkage=0.03


Tree=158
num_leaves=31
num_cat=0
split_feature=6 33 10 16 50 14 29 22 19 50 49 17 25 26 25 50 21 26 12 2 21 32 25 23 34 19 28 10 37 32
split_gain=13.5997 14.5576 17.52 16.6715 24.5501 13.8509 13.2281 22.7328 12.6648 12.0648 13.6626 12.441 11.8581 21.92 14.0771 14.7995 26.0611 13.5514 13.3941 12.6354 12.5917 12.4475 18.2594 14.4924 16.7954 12.7036 12.0994 11.9438 11.9132 11.1474
threshold=0.2166666666666667 189.68797671968693 217.50000000000003 844.50000000000011 146.50000000000003 61.500000000000007 0.87150000000000005 3.8750000000000004 5.7142857142857126 119.50000000000001 82.500000000000014 8381.5000000000018 0.097964660725097311 -0.81241147629689003 -0.77259657388510627 136.00000000000003 0.59893173922203446 -0.44228869021900113 9.5000000000000018 115.50000000000001 -0.33449122377161572 0.22250000000000003 -0.29012925520284083 0.24156877605153468 138.0975728944554 10.28571428571429 0.0064150000000000006 222.50000000000003 51.500000000000007 0.16950000000000001
decision_type=2 2 2 2 2 2 2 2 2 2 2 2 2 2 2 2 2 2 2 2 2 2 2 2 2 2 2 2 2 2
left_child=6 2 3 4 -2 -4 7 8 -1 10 -5 -12 14 27 15 -8 -17 18 19 28 21 22 -16 24 -24 -25 -22 -14 -15 -19
right_child=1 -3 5 9 -6 -7 12 -9 -10 -11 11 -13 13 17 20 16 -18 29 -20 -21 26 -23 23 25 -26 -27 -28 -29 -30 -31
leaf_value=-0.023327933827374213 0.027137448696303242 0.024368759674278585 -0.0084506966721894991 0.029037709762431505 -0.035789466993264657 0.010954615806978192 0.003226458497564649 -0.0086563277545053351 0.03920844996407024 -0.013374404822782498 -0.02073917037725518 0.02907349504035129 -0.00674411489493022 0.0084358632173070283 0.022361658041204956 -0.014521760097720817 0.0077307816282947929 0.0044177628387173599 -0.0092227431935986495 0.019955573102591346 -0.00084778932436751749 0.022376425022519662 -0.022460455336149841 -0.0067837560382702899 0.033463886611150725 -0.063064642502108761 0.012265417551281722 -0.026845824874544077 -0.03125608974068067 -0.0060764336691795573
leaf_weight=2.9585995259694782 26.897218272555619 30.125662975013256 38.135144675616175 13.665995627641676 6.0597179736942044 221.29285750258714 277.44893364980817 299.7104568593204 13.09364642947912 109.75318313529715 16.532109892927114 5.123572865035384 64.190872517414391 23.462862443178896 24.409848740324378 143.80157127510756 69.628473751246929 125.03606233932078 31.525760434567928 70.084394074976444 226.66262776078656 69.911601054016501 8.4138899017125421 8.0906179533340019 8.9899065392091853 5.9423917327076188 86.818089166656137 45.595615169033408 8.4372862838208658 328.8527402007021
leaf_count=99 198 684 999 111 79 1654 1959 5645 129 1039 146 45 824 139 225 1109 522 1644 289 370 1714 522 53 78 68 34 767 492 64 5535
internal_value=-4.99702e-05 0.00453779 0.00311967 -0.00411415 0.014854 0.0080806 -0.00115575 -0.0067647 0.0269902 -0.00849536 0.00661586 -0.00819078 -6.39015e-05 -0.00301945 0.00215234 -0.00133845 -0.00725999 -0.000709697 0.007657 0.0129138 0.00604772 0.0140293 0.00337011 -0.0116111 0.00667584 -0.0332261 0.00281135 -0.0152596 -0.00269322 -0.00318216
internal_weight=2410.65 467.585 437.46 178.032 32.9569 259.428 1943.07 315.763 16.0522 145.075 35.3217 21.6557 1627.3 697.186 930.118 490.879 213.43 587.399 133.51 101.985 439.239 125.758 55.8467 31.4368 17.4038 14.033 313.481 109.786 31.9001 453.889
internal_count=27236 4955 4271 1618 277 2653 22281 5873 228 1341 302 191 16408 9357 7051 3590 1631 8041 862 573 3461 980 458 233 121 112 2481 1316 203 7179
is_linear=0
shrinkage=0.03


Tree=159
num_leaves=31
num_cat=0
split_feature=2 5 2 30 17 7 26 34 12 39 24 17 24 22 30 24 16 17 49 46 25 25 22 29 16 26 39 46 25 18
split_gain=13.8773 14.8948 13.5735 20.1312 14.0424 12.7922 12.6073 13.2886 12.5558 18.5286 14.8279 12.339 13.3418 12.2148 12.5605 12.0272 15.7379 21.2296 16.8518 16.8012 13.1578 24.7332 19.8532 23.5723 18.5459 17.4956 16.9751 30.1008 16.9216 15.3432
threshold=74.500000000000014 1.5000000000000002 109.50000000000001 77.250000000000014 14953.500000000002 0.67500000000000016 0.91037613702198772 149.80843421965434 10.500000000000002 76.65000000000002 0.21304964539007093 2717.5000000000005 0.19712608783647032 5.9583333333333348 77.700000000000017 0.21563498982853821 881.50000000000011 10952.500000000002 83.500000000000014 98.000000000000014 0.097964660725097311 -0.77259657388510627 3.8750000000000004 0.8670000000000001 1544.5000000000002 -0.81241147629689003 97.500000000000014 130.50000000000003 -0.13052619222005143 72.500000000000014
decision_type=2 2 2 2 2 2 2 2 2 2 2 2 2 2 2 2 2 2 2 2 2 2 2 2 2 2 2 2 2 2
left_child=-1 2 3 -2 5 6 15 -8 9 10 11 12 -5 -9 -15 20 19 18 -18 -17 21 24 -23 -24 29 -22 -26 -28 -25 -4
right_child=1 -3 4 8 -6 -7 7 13 -10 -11 -12 -13 -14 14 -16 16 17 -19 -20 -21 25 22 23 28 26 -27 27 -29 -30 -31
leaf_value=-0.041133096208187683 -0.01941248020083379 0.021088207967930206 -0.0097853952507086575 0.034542582437841987 -0.025077051320074189 0.02263233798959801 -0.023638063740758036 0.021697711322827305 -0.012380116320979399 -0.0020777556187120388 -0.0065234910123326776 0.049570750115404086 -0.027277480659675925 0.030053532966062009 -0.017138586869998099 0.063970859942187999 0.010852438786330109 0.034323226770860221 -0.010837834153103439 0.013147914494999396 -0.013236867819903197 0.037278156629571534 -0.006914232950658801 0.016382958059975774 0.022321294766183608 -0.00030361222672729707 -0.02692215972244856 0.025745620999791219 0.0026834511470800347 0.0018930870622674858
leaf_weight=6.2176277586258939 70.250460578594357 30.297460010275245 213.44633758533746 6.0329834748990852 17.125622454099357 24.335369234904647 35.931015409529209 15.202422630041836 71.10070615215227 173.81431196350604 11.973298356868325 15.327899696305392 4.722145224455744 5.1233797864988437 30.113914802670479 5.3018761412240556 51.167210749350488 14.653732921928166 83.477958274073899 106.72418448934332 111.60001086816192 19.2432492505759 88.243508024141192 187.45555546507239 49.350904507562518 574.38396197510883 21.533621534705162 16.256212078034878 143.31861988920718 191.28626450896263
leaf_count=185 1959 372 1920 127 152 158 1474 131 1109 2777 186 148 148 53 314 67 374 102 698 1255 1355 158 617 1675 390 7030 137 98 768 1292
internal_value=0.000402985 0.000528263 0.000255322 -0.00515885 0.00121111 0.00145004 0.00117617 -0.00996491 -0.00156435 0.00210637 0.0207804 0.0330922 0.00738841 4.54154e-05 -0.00963701 0.00169374 0.00765217 0.00124998 -0.00257596 0.0160979 0.000726128 0.0030494 0.00822361 0.00680372 -0.00156818 -0.00242388 0.0109089 -0.0041862 0.0104732 -0.0042748
internal_weight=2395.01 2388.79 2358.5 353.222 2005.27 1988.15 1963.81 86.3707 282.971 211.871 38.0563 26.083 10.7551 50.4397 35.2373 1877.44 261.325 149.299 134.645 112.026 1616.12 930.134 438.261 419.018 491.873 685.984 87.1407 37.7898 330.774 404.733
internal_count=27229 27044 26672 6454 20218 20066 19908 1972 4495 3386 609 423 275 498 367 17936 2496 1174 1072 1322 15440 7055 3218 3060 3837 8385 625 235 2443 3212
is_linear=0
shrinkage=0.03


Tree=160
num_leaves=31
num_cat=0
split_feature=25 25 26 1 10 13 23 23 37 1 32 2 23 35 47 36 27 18 23 21 1 29 13 27 47 18 34 18 21 4
split_gain=21.7572 21.6985 20.9266 20.0154 18.7851 26.0823 18.7099 22.3564 16.7484 14.6235 19.4463 26.0872 14.4688 14.0827 13.7289 21.0089 16.2183 18.1045 15.3224 12.9367 18.2778 21.0824 16.6829 16.623 12.8996 12.4519 14.0905 11.9275 11.7965 11.7237
threshold=0.097964660725097311 0.5277851165098012 -0.32143946530316164 177.07142857142858 162.50000000000003 25.867006261964246 0.21778656126482207 0.20247494685696932 38.500000000000007 121.78571428571431 0.18550000000000003 117.50000000000001 0.21466973886328722 227.27514878149776 98.000000000000014 0.39297500000000002 143.50000000000003 67.642857142857153 0.27361853832442068 -1.312672233882221 116.21428571428572 0.83000000000000007 21.047592969279723 105.50000000000001 156.50000000000003 56.357142857142868 158.83387073592473 67.214285714285737 0.52771068065820848 4.2138818037327397
decision_type=2 2 2 2 2 2 2 2 2 2 2 2 2 2 2 2 2 2 2 2 2 2 2 2 2 2 2 2 2 2
left_child=13 3 4 25 5 -3 7 -6 -9 24 11 -11 -13 19 -8 16 17 -16 -17 20 -1 -22 -23 -21 -4 26 -2 -14 -20 -25
right_child=1 2 9 -5 6 -7 14 8 -10 10 -12 12 27 -15 15 18 -18 -19 28 23 21 22 -24 29 -26 -27 -28 -29 -30 -31
leaf_value=0.055931202666059651 -0.018281937906027387 -0.028069778523203321 -0.026063263006258757 0.0033221866028490194 0.0087495192202925141 0.0025771313925671683 0.026302239187926343 0.016174522592967536 -0.031372421710824182 0.048550268951877036 -0.0084954695936216764 0.015093265574428241 -0.019120874846368971 0.026656076236570191 -0.019442947654750867 0.0066355802971836686 0.030639925959966164 0.015621702816158515 -0.0029497163703435529 -0.013183133628860951 -0.021701941097151057 0.0088810358973037008 0.044464594998557892 0.015959885627807976 0.011311459990885417 -0.019790869889418954 0.095980163525080084 0.0057980412343563801 -0.046761451897567044 0.0016894629922120906
leaf_weight=6.8203400652855626 1.4898956012912088 33.725686686113477 46.952596223913133 53.086322944611311 54.697285724803805 88.660950997844338 50.526488680392504 7.879380812868475 29.153370622545481 10.880034583620725 229.06615094142035 43.323293066117913 34.145142232533544 21.102727711200714 16.935247794725001 29.44297588057816 40.374472007155418 50.275290101766586 10.67875769454986 64.423896425869316 17.036520761903375 97.623728540260345 12.658713664859532 53.393212960101664 9.4564664154313487 128.72790331626311 0.85850125551223744 33.317769465502352 10.803936722688375 1103.1992772864178
leaf_count=96 169 407 2069 315 355 877 323 62 175 185 3755 525 734 579 132 180 215 306 72 1987 218 616 100 376 283 3305 8 289 72 8468
internal_value=0.000440446 -0.00289136 -0.000819409 -0.0121779 0.00384799 -0.00602719 0.007873 -0.00339739 -0.0210967 -0.00566792 -0.00335991 0.00629947 0.00175293 0.00289668 0.0128113 0.00837306 0.0158402 0.00663084 -0.00740311 0.00250731 0.0113156 0.00850835 0.0133283 0.00153118 -0.0197098 -0.018433 0.0396784 -0.00690929 -0.0260831 0.00236146
internal_weight=2390.72 1014.46 830.295 184.163 423.154 122.387 300.767 91.73 37.0328 407.141 350.732 121.666 110.786 1376.26 209.037 158.511 107.585 67.2105 50.9257 1355.16 134.139 127.319 110.282 1221.02 56.4091 131.076 2.3484 67.4629 21.4827 1156.59
internal_count=27253 14813 11016 3797 3176 1284 1892 592 237 7840 5488 1733 1548 12440 1300 977 653 438 324 11861 1030 934 716 10831 2352 3482 177 1023 144 8844
is_linear=0
shrinkage=0.03


Tree=161
num_leaves=31
num_cat=0
split_feature=2 33 22 29 6 4 37 31 39 16 1 17 26 24 16 50 26 50 24 52 21 1 23 16 4 25 46 23 35 30
split_gain=12.8396 14.4693 13.0626 20.5993 15.0101 16.0524 15.8249 14.4301 13.7996 14.4238 15.6344 13.5035 13.1767 14.0715 14.4365 13.3492 13.8403 12.0347 11.7398 11.5871 11.41 13.9863 13.1012 14.3837 16.1667 16.881 17.8382 22.1306 16.1699 15.42
threshold=74.500000000000014 208.61902477814758 6.291666666666667 0.79900000000000015 0.24999999999999997 13.705648469493754 49.500000000000007 0.13450000000000004 88.90000000000002 1494.5000000000002 137.92857142857147 12212.500000000002 -0.5277851165098012 0.21947915098600027 1627.5000000000002 125.50000000000001 -0.88144907265856332 141.00000000000003 0.22100122100122097 1.0000000180025095e-35 -0.64888311849892577 117.07142857142858 0.26201923076923078 1194.5000000000002 3.5435575056892197 0.065403129230143062 134.50000000000003 0.22281323877068557 179.00051186891358 79.40000000000002
decision_type=2 2 2 2 2 2 2 2 2 2 2 2 2 2 2 2 2 2 2 2 2 2 2 2 2 2 2 2 2 2
left_child=-1 2 4 18 5 11 -7 8 20 19 17 -2 15 14 -14 16 -9 -11 -4 -10 21 -5 23 24 -22 26 27 -26 -27 -29
right_child=1 -3 3 7 -6 6 -8 12 9 10 -12 -13 13 -15 -16 -17 -18 -19 -20 -21 22 -23 -24 -25 25 28 -28 29 -30 -31
leaf_value=-0.041407073007104153 0.001882473688556894 0.02508962954277949 -0.026670052155034343 0.02953855472940697 0.010524732045840948 0.0010965384954531603 -0.016869935579442268 -0.015213766482446532 5.8889831042666074e-06 -0.027706482278461571 0.00050588691766372137 0.022928521795197082 -0.0055120450560824175 0.029138891154709703 0.030439954466380755 0.025084550947887897 0.026559080466612244 0.0035872732407891011 0.02093937627396833 0.011595370103817169 0.062040796343501341 -0.0027379956237435802 -0.01754441302176871 -0.014166967938053245 -0.035056760317272069 -0.021795579260283932 0.038410583205371447 -0.0034435471538615944 0.028562136278341643 0.034523526816309491
leaf_weight=5.76387621089816 671.51132781198248 19.484567851759493 41.63900719024241 12.65554101532325 165.90482579916716 93.443014659918845 82.400839825626463 19.319404045119885 385.14637264981866 44.625122898258269 72.87449805252254 27.623258921317756 127.29595575341955 12.722109781578181 9.9133477583527547 47.311310028657317 10.004672074690459 14.319849465042351 4.4910970232449463 96.244402162265033 2.9123562173917881 103.989888463635 124.31348991952837 86.250574599951506 10.812407943885772 37.016750974580646 13.967685433104633 23.832362645771354 5.8703917935490599 14.972245117183773
leaf_count=176 7239 741 1810 341 1501 878 749 139 3552 278 518 194 1308 123 72 340 70 87 74 1039 39 1200 2119 867 218 1019 84 194 32 135
internal_value=-0.000132454 -1.52874e-05 -0.000232785 -0.00221072 0.00228 0.000706487 -0.00737038 -0.00149032 -0.00297255 -6.82571e-05 -0.00882237 0.00274558 0.00536055 0.000164815 -0.00271307 0.0153926 -0.000556017 -0.0201711 -0.021689 0.00234221 -0.00704225 0.00098519 -0.00996281 -0.00508046 0.00214778 -5.25203e-05 0.00970384 0.00102341 -0.0144089 0.0117048
internal_weight=2388.63 2382.87 2363.38 1322.5 1040.88 874.978 175.844 1276.37 1049.8 613.21 131.819 699.135 226.567 149.931 137.209 76.6354 29.3241 58.945 46.1301 481.391 436.594 116.645 319.948 195.635 109.384 106.472 63.5847 49.617 42.8871 38.8046
internal_count=27136 26960 26219 15658 10561 9060 1627 13774 11722 5474 883 7433 2052 1503 1380 549 209 365 1884 4591 6248 1541 4707 2588 1721 1682 631 547 1051 329
is_linear=0
shrinkage=0.03


Tree=162
num_leaves=31
num_cat=0
split_feature=6 35 10 17 16 15 48 36 46 47 24 39 25 32 19 25 22 21 47 3 35 18 12 24 32 25 25 26 35 48
split_gain=11.7188 11.511 11.2385 10.3246 9.68763 9.48727 13.2823 12.2559 12.2072 11.5925 9.55626 23.0182 19.8583 16.0704 9.85641 9.94096 13.7791 12.5008 12.4724 17.8087 13.9287 11.7761 10.4473 14.4643 14.938 13.3214 20.4363 19.2374 15.7112 13.938
threshold=1.3166666666666669 227.27514878149776 7.5000000000000009 699.50000000000011 4470.5000000000009 952.50000000000011 157.50000000000003 0.089542499999999914 125.50000000000001 128.00000000000003 0.21563498982853821 93.65000000000002 0.81241147629689026 0.20600000000000002 -0.67857142857142339 -0.95642797789208678 7.3750000000000009 0.93866780261644267 76.000000000000014 135.50000000000003 130.00371717873134 58.928571428571431 64.500000000000014 0.21388443017656497 0.19350000000000003 -0.16280825711808972 -0.68322629814330804 0.91037613702198772 129.52281580385787 192.00000000000003
decision_type=2 2 2 2 2 2 2 2 2 2 2 2 2 2 2 2 2 2 2 2 2 2 2 2 2 2 2 2 2 2
left_child=1 2 -1 -3 5 10 7 9 -8 -7 14 12 -12 -14 -4 16 17 -16 19 20 -17 -21 25 24 -24 26 29 28 -28 -20
right_child=-2 3 4 -5 -6 6 8 -9 -10 -11 11 -13 13 -15 15 18 -18 -19 22 21 -22 -23 23 -25 -26 -27 27 -29 -30 -31
leaf_value=-0.016964692186998857 0.021659309593543861 -0.030145036543397924 -0.0087252200380436955 0.025983505621025822 0.024407139563620242 -0.01345637493110525 -0.010587742771448598 -0.030373338114404805 0.010851569838432797 0.048156197428533241 -0.0082352919477193601 0.014147612285592933 0.036510719401901238 -0.0029687289519317256 -0.0061540299545989616 0.00901441634651849 -0.023832827086138819 0.01828153191542024 -0.0049753150869603652 -0.021844813122481606 0.055913967753447147 0.0077396469714016737 -0.026281522092693185 0.036719209557457062 -0.0013745833098418691 -0.0021314017098790082 0.048116601345774931 -0.019559827912110556 0.011573948421944187 0.0074778945064868808
leaf_weight=35.917065197601914 21.029572202824056 2.5201183743774918 128.35125032719225 22.710035840049386 13.217689047567545 8.1615583496168238 56.27864576689899 32.944260884076357 40.036758890375495 2.9412705991417161 125.3308330164291 134.98516836576164 17.523851027712226 18.316377629991621 136.17056242283434 11.827541327103974 33.273181696422398 20.860447148326784 225.92609640117735 12.735633592121301 10.894552193116395 102.79739058436826 39.320072436705232 4.6785949412733308 47.110312543809414 750.65097996778786 10.361547697801141 16.115931826643646 191.49018189869821 124.69269864680246
leaf_count=330 234 25 3957 620 105 127 433 284 245 25 1461 1412 207 305 1486 347 406 215 1649 202 100 967 573 75 503 8410 166 172 1411 849
internal_value=-0.000120817 -0.000322439 -0.000542537 0.0194416 -0.000280759 -0.000432931 -0.00796267 -0.0214106 -0.00165584 0.00549584 5.90524e-05 0.00505616 -0.00259847 0.0168016 -0.000735795 -0.000141408 -0.00659335 -0.0028128 0.000655201 0.00922054 0.0329104 0.00431897 -0.000190391 -0.00995876 -0.0128766 0.000491263 0.00395138 0.0111421 0.0136777 -0.000537833
internal_weight=2399.17 2378.14 2352.91 25.2302 2316.99 2303.78 140.362 44.0471 96.3154 11.1028 2163.41 296.156 161.171 35.8402 1867.26 1738.91 190.304 157.031 1548.6 138.255 22.7221 115.533 1410.35 91.109 86.4304 1319.24 568.586 217.968 201.852 350.619
internal_count=27301 27067 26422 645 26092 25987 1114 436 678 152 24873 3385 1973 512 21488 17531 2107 1701 15424 1616 447 1169 13808 1151 1076 12657 4247 1749 1577 2498
is_linear=0
shrinkage=0.03


Tree=163
num_leaves=31
num_cat=0
split_feature=23 21 7 3 22 36 40 27 20 23 47 47 26 21 21 3 3 16 27 4 1 26 23 22 16 14 10 46 48 7
split_gain=11.2149 12.3736 12.4753 18.0618 15.7562 19.6392 25.8527 19.9845 16.4769 15.6723 13.1683 12.0937 13.1468 15.3123 11.8562 12.1403 23.2869 11.6659 11.5498 11.147 10.9286 17.9909 10.92 8.973 9.05028 14.8486 8.93065 12.321 11.1538 9.9957
threshold=0.31851119894598162 1.8765642867569292 -1.0000000180025095e-35 171.50000000000003 5.791666666666667 0.33822499999999994 10.900000000000002 124.50000000000001 38.350000000000009 0.18957771787960462 124.50000000000001 160.00000000000003 0.84874750804349197 0.78012575346594215 -1.9791803497922553 188.50000000000003 167.50000000000003 632.50000000000011 137.00000000000003 19.535772289620638 181.78571428571431 0.84874750804349197 0.13049645390070921 4.7083333333333348 1225.5000000000002 439.50000000000006 82.500000000000014 128.50000000000003 266.50000000000006 0.69166666666666676
decision_type=2 2 2 2 2 2 2 2 2 2 2 2 2 2 2 2 2 2 2 2 2 2 2 2 2 2 2 2 2 2
left_child=1 2 14 4 8 7 -7 -6 9 -4 -9 12 13 -2 15 16 -1 -11 -14 20 21 23 -23 24 -16 -26 -5 28 29 -28
right_child=11 -3 3 26 5 6 -8 10 -10 17 -12 -13 18 -15 19 -17 -18 -19 -20 -21 -22 22 -24 -25 25 -27 27 -29 -30 -31
leaf_value=0.031086606792058446 -0.0089904085098743512 0.024418033958083705 -0.0087736884341555327 0.023494879547933223 -0.020379118897975352 0.014317361954343072 -0.037135025274358933 -0.008533411248152132 0.00044666407441140915 -0.011968095736467297 0.00600263013131473 0.0075268180620877796 -0.019725513775963006 -0.035312278815679964 -0.00032088010342563893 0.041176755354127376 -0.03309782033742148 0.030051614859888498 0.043731299504752061 -0.01224525210512699 0.010387340326617939 0.034362935476676224 -0.020927269320156993 -0.0022011865428578034 0.023595925324484152 -0.0028297248291411104 -0.012518524015405411 0.016896885496529141 0.031538212637362777 0.019652345121476178
leaf_weight=10.170475253835326 105.09317276068032 18.048153574578464 14.369613470975308 43.442013897933066 69.669595900457352 85.796254985034466 8.8182291314005834 125.24714253982529 105.69851434323937 6.1421320429071775 99.997443941421807 37.170081747695804 3.3565986785106343 23.913308755028993 124.12064899504185 10.620681481435893 8.344966806471346 53.222608165815473 5.9878318263217807 86.626598414964974 68.49319807998836 2.5255955993197849 55.63153438642621 1002.1082245893776 45.239364082925022 32.318428548052907 45.02793793939054 63.435483525507152 6.911611796822398 9.7774427793920022
leaf_count=126 1210 144 160 412 1910 650 47 1441 1316 65 1091 430 123 296 1340 88 87 420 77 726 355 35 2119 11050 285 214 360 458 58 59
internal_value=-0.000239625 0.000343521 0.000133466 0.00330603 0.000743296 -0.00264554 0.00918368 -0.00645881 0.00807397 0.0188555 -0.00208212 -0.00751535 -0.0115817 -0.0141037 -0.00148569 0.0171374 0.00194483 0.0255778 0.0212337 -0.00188042 -0.00119686 -0.00183333 -0.0179859 -0.00103869 0.00471994 0.0126885 0.0118992 0.00771984 -0.00183175 -0.00652983
internal_weight=2377.32 2201.8 2183.76 737.556 568.962 389.529 94.6145 294.914 179.433 73.7344 225.245 175.521 138.351 129.006 1446.2 29.1361 18.5154 59.3647 9.34443 1417.06 1330.44 1261.94 58.1571 1203.79 201.678 77.5578 168.594 125.152 61.717 54.8054
internal_count=27152 25016 24872 8447 7100 5139 697 4442 1961 645 2532 2136 1706 1506 16425 301 213 485 200 16124 15398 15043 2154 12889 1839 499 1347 935 477 419
is_linear=0
shrinkage=0.03


Tree=164
num_leaves=31
num_cat=0
split_feature=1 7 0 20 56 33 29 30 23 39 22 25 12 11 26 25 45 31 24 22 22 32 2 22 34 24 21 25 25 47
split_gain=12.7038 11.3207 16.4844 15.2442 17.7162 17.8976 13.838 13.3168 12.9599 10.1647 13.4433 12.0664 11.7656 9.92404 9.81794 12.6143 11.1781 9.74282 12.7705 11.9103 12.7554 12.5416 10.1825 10.2946 9.74222 9.36568 9.95733 8.93639 12.9714 11.9697
threshold=188.21428571428575 -0.074999999999999942 164.50000000000003 38.442307692307701 1.0000000180025095e-35 143.00202230892549 0.75500000000000012 83.15000000000002 0.14486980178779632 80.050000000000026 6.791666666666667 -0.98611507088852035 16.500000000000004 51.500000000000007 -0.81241147629689003 0.097964660725097311 6.3500000000000005 0.046500000000000007 0.19900990099009905 8.3750000000000018 7.041666666666667 0.19500000000000003 131.50000000000003 5.7083333333333348 131.98141649699622 0.21563498982853821 1.000207056808512 0.81241147629689026 0.032701564615071572 129.50000000000003
decision_type=2 2 2 2 2 2 2 2 2 2 2 2 2 2 2 2 2 2 2 2 2 2 2 2 2 2 2 2 2 2
left_child=1 6 3 17 8 24 -1 -7 -5 10 14 12 25 -4 15 16 -8 18 22 20 -19 -22 -3 -24 -6 26 -11 28 -20 -29
right_child=-2 2 13 4 5 7 9 -9 -10 11 -12 -13 -14 -15 -16 -17 -18 19 27 -21 21 -23 23 -25 -26 -27 -28 29 -30 -31
leaf_value=-0.025117934263381041 0.02570275030962358 0.034354543613345091 0.0069723122961874665 0.026730968382799196 0.0061768233321696335 -0.012643181372556055 -0.0077051276429255583 0.011375819817907565 -0.010506794172301017 -0.027934412527095064 -0.021902725229522729 0.00028952445756153693 0.018559139528524858 0.027604352335511451 -0.0091279219538648176 -0.023276252048669826 0.027820953087498889 0.0049528505600477512 0.0068522411469252005 0.032674062566882399 -0.024845050812949021 -0.000160353071076443 -0.015203508691990528 0.025351236674877368 0.027448377326971571 0.0094230439114999665 0.012510376853672659 -0.0016070724515841761 -0.023441744969540927 0.046122926228619077
leaf_weight=21.836600198876113 16.295159712433815 28.890019431244582 228.29393571894616 7.7962474692612878 85.629199117887765 75.975603874772787 11.321877649053929 27.577723664231598 228.81543138064444 42.35607959702611 46.561091569717973 1044.7367213270627 8.4643684122711402 22.320749596692622 83.019482515752316 8.161441150121389 23.301469536498189 135.51241948921233 43.070859177038074 9.181979997083543 30.558149207383394 44.882896139286458 9.6665503708645719 11.052875554189084 24.410770828835666 9.0202998118475062 5.6891706315800539 9.5604123529046792 16.890390653628856 8.2326733786612731
leaf_count=697 77 300 1552 100 1293 910 110 314 3956 433 1251 10398 69 363 1484 176 133 1246 442 58 495 354 73 80 306 79 62 81 204 53
internal_value=8.52783e-05 -0.00010299 0.00221718 0.000105257 -0.00353506 0.00272355 -0.00196784 -0.00619896 -0.00917249 -0.00155445 -0.00831041 -0.000499074 -0.012887 0.00891229 -0.00314673 0.00840256 0.0163137 0.0048181 0.0113873 0.000983067 -0.000543967 -0.0103534 0.023123 0.00660175 0.0111003 -0.0177906 -0.0229878 0.00370099 -0.00192578 0.0217562
internal_weight=2369.08 2352.79 1048.32 797.704 450.205 213.593 1304.47 103.553 236.612 1282.63 172.365 1110.27 65.5299 250.615 125.804 42.7848 34.6233 347.499 127.364 220.135 210.953 75.441 49.6094 20.7194 110.04 57.0656 48.0453 77.7543 59.9612 17.7931
internal_count=27149 27072 12180 10265 6879 2823 14892 1224 4056 14195 3154 11041 643 1915 1903 419 243 3386 1233 2153 2095 849 453 153 1599 574 495 780 646 134
is_linear=0
shrinkage=0.03


Tree=165
num_leaves=31
num_cat=0
split_feature=1 34 16 10 25 25 13 25 16 35 33 16 27 23 23 26 21 37 26 10 21 31 42 16 16 40 16 22 31 16
split_gain=14.8668 11.2566 10.262 9.87362 9.23854 17.5427 20.7555 19.8731 17.103 16.7041 16.4973 16.0577 15.68 18.5038 19.3067 18.1751 17.9904 18.5536 15.0573 16.051 17.0356 17.4881 16.7366 14.9755 14.0313 21.4049 18.8706 13.9581 13.3885 14.065
threshold=188.21428571428575 208.37556923557196 4470.5000000000009 7.5000000000000009 -1.0000000180025095e-35 -0.72947329433276231 1.0000000180025095e-35 -0.29012925520284083 1539.5000000000002 120.89808370442275 180.89236707025751 1647.5000000000002 128.50000000000003 0.23294573643410851 0.17316341829085458 -0.13052619222005143 -0.15193325537075492 47.500000000000007 -0.47114434510950048 237.50000000000003 -0.0056489205857920997 0.020500000000000001 1.5000000000000002 849.50000000000011 1647.5000000000002 6.6500000000000012 1189.5000000000002 5.791666666666667 0.07400000000000001 1219.5000000000002
decision_type=2 2 2 2 2 2 2 2 2 2 2 2 2 2 2 2 2 2 2 2 2 2 2 2 2 2 2 2 2 2
left_child=1 2 3 -1 5 18 7 8 9 -7 -8 -9 13 14 -6 16 17 -16 -5 22 28 -22 -20 -18 26 -26 27 -23 -21 -30
right_child=-2 -3 -4 4 12 6 10 11 -10 -11 -12 -13 -14 -15 15 -17 23 -19 19 20 21 24 -24 -25 25 -27 -28 -29 29 -31
leaf_value=-0.0157115884137921 0.025722086641794512 0.025142133002332017 0.024332677519078215 -0.018410854128540051 -0.026815708902334749 0.063995058349836584 -0.010225512108237854 -0.00040014808483153385 0.00060029473076532349 0.018046129635990192 0.013689185075617413 0.029472063061010398 -0.00033339206650830723 -0.017289592438465558 0.020164585220093574 -0.022162099694779811 0.044175708829267434 -0.02220170550927187 0.0033391003136034555 -0.018769515294517626 0.021235894683505275 -0.012481645343810721 0.032320223029123567 0.005538680778024066 0.062763859565482097 -0.012280776215367795 -0.017088257184764054 0.011590038636068728 -0.012975890972980469 0.010704465666570632
leaf_weight=36.426955510862172 19.243751376867294 14.797364124096928 14.163613757118581 44.013156414963305 18.898032135330141 6.6914941081777206 105.34364208532497 183.81877117650583 52.356359670870006 149.1564814504236 33.405150841921568 16.75756325153634 855.27305118786171 118.99508507130668 16.188856470864266 15.974124512169508 19.454993079416454 19.29938391642645 212.68718301737681 92.483940818347037 33.520562668330967 31.17980395630002 18.624696619808674 16.744325303006917 6.1775651322677714 6.0111829759553075 63.844188005663455 65.674404678866267 49.940592897124588 39.573471083305776
leaf_count=313 91 610 117 556 547 97 1259 1368 433 1104 431 142 9497 3599 161 1057 184 186 1880 785 257 265 130 254 43 60 590 594 373 303
internal_value=0.000122772 -9.70091e-05 -0.00026709 -0.000427104 -0.00017745 0.00162108 0.00559122 0.00898868 0.0154585 0.0204144 -0.00441106 0.00222941 -0.00219266 -0.00921017 -0.000111035 0.00588345 0.0123518 -0.00285228 -0.00165747 -0.00043988 -0.00416234 0.00173808 0.00580167 0.0269331 -0.00214267 0.0276288 -0.0045577 0.0037924 -0.0108271 -0.00250439
internal_weight=2376.72 2357.48 2342.68 2328.52 2292.09 1211.26 547.529 408.781 208.204 155.848 138.749 200.576 1080.83 225.555 106.56 87.6617 71.6876 35.4882 663.731 619.718 388.406 206.408 231.312 36.1993 172.887 12.1887 160.698 96.8542 181.998 89.5141
internal_count=27286 27195 26585 26468 26155 10670 4834 3144 1634 1201 1690 1510 15485 5988 2389 1842 785 347 5836 5280 3270 1809 2010 438 1552 103 1449 859 1461 676
is_linear=0
shrinkage=0.03


Tree=166
num_leaves=31
num_cat=0
split_feature=33 10 6 2 25 26 26 25 31 39 17 22 20 26 0 23 23 37 27 37 20 36 4 10 19 6 32 38 26 22
split_gain=11.9522 12.5413 10.0804 10.293 11.2393 24.6101 20.3624 16.8709 19.4594 15.3453 18.803 15.5431 17.2695 15.2663 19.5613 17.4584 22.7441 16.1449 21.3965 14.6964 22.3281 14.3048 14.4729 18.4962 16.9999 16.1873 14.1634 15.2003 13.716 17.3572
threshold=215.59979381006005 7.5000000000000009 1.1166666666666669 176.50000000000003 -0.16280825711808972 -0.81241147629689003 0.41248606129204557 0.68322629814330826 0.046500000000000007 88.90000000000002 7500.5000000000009 5.041666666666667 40.238461538461543 -0.98611507088852035 169.50000000000003 0.15094936708860762 0.23244068592905801 38.500000000000007 120.00000000000001 49.500000000000007 38.61153846153848 0.10100874999999991 12.949316582957183 270.00000000000006 10.321428571428578 -0.21666666666666665 0.16100000000000003 27.750000000000004 -0.41248606129204535 7.9583333333333348
decision_type=2 2 2 2 2 2 2 2 2 2 2 2 2 2 2 2 2 2 2 2 2 2 2 2 2 2 2 2 2 2
left_child=1 -1 3 4 5 -3 21 13 26 10 -8 -12 -13 15 -15 -6 17 -17 -19 20 -18 -7 -23 24 -24 -25 27 -9 29 -10
right_child=-2 2 -4 -5 7 6 9 8 28 -11 11 12 -14 14 -16 16 19 18 -20 -21 -22 22 23 25 -26 -27 -28 -29 -30 -31
leaf_value=-0.017450021695966444 0.02680186376090465 0.011361008069024287 0.015026406571714239 0.015231991701818695 -0.037140481562123677 0.0030714255195861671 0.013594606871128586 0.035897718954749781 0.00071114942048673322 0.011069190291205696 0.011237850662612663 -0.0032027997380967119 -0.027033987046828512 -0.01917927750820134 -0.0021997036732303854 -0.01032148401867773 0.020920648254646793 0.057774101372523194 0.011715461894717455 -0.016768573640045595 -0.012613126686628645 -0.01415558630707916 0.0067824139542145973 -0.018384156577759297 0.059630353741167201 0.0089569169721952068 0.003951404099848412 0.0020169694661107056 -0.0065148095339904481 0.030996602584128802
leaf_weight=35.707735126838088 14.0120333423838 201.24160748720169 39.676275966688991 38.034206014126539 10.599566871300338 144.99698415538296 58.825301756151021 28.571099827997386 158.80076801963151 181.03622786793858 35.113889085128903 82.530162814073265 40.18601083336398 139.26787402201444 108.65509080514312 21.896104565821588 31.638399069197476 9.8163585495203716 62.387536376714706 69.552707456983626 38.522763272747397 169.56676361896098 42.720987315289676 57.232216275297105 5.3498437004163852 28.550455041229725 168.96160382125527 20.172646548133343 304.89870606036857 18.084624908864498
leaf_count=316 604 1693 382 183 73 1662 401 273 1077 1258 239 704 478 5079 734 161 208 101 346 415 320 1831 401 433 45 224 2358 265 4850 125
internal_value=0.000118276 -5.19709e-05 0.00022358 -4.08153e-05 -0.00030692 0.00195937 -0.00028752 -0.00229846 0.000696878 0.00464817 -0.000743416 -0.00613933 -0.0111623 -0.00654689 -0.0117765 -0.0012158 0.000564023 0.0118948 0.018681 -0.00709779 0.00259005 -0.00466548 -0.00836069 -0.00096914 0.0137592 -0.00928606 0.00811972 0.0221986 -0.00266718 0.00396435
internal_weight=2366.61 2352.59 2316.89 2277.21 2239.18 1047.35 846.109 1191.83 699.489 397.692 216.655 157.83 122.716 492.336 247.923 244.413 233.814 94.1 72.2039 139.714 70.1612 448.417 303.42 133.854 48.0708 85.7827 217.705 48.7437 481.784 176.885
internal_count=27239 26635 26319 25937 25754 9369 7676 16385 8948 3080 1822 1421 1182 7437 5813 1624 1551 608 447 943 528 4596 2934 1103 446 657 2896 538 6052 1202
is_linear=0
shrinkage=0.03


Tree=167
num_leaves=31
num_cat=0
split_feature=0 26 22 29 10 21 3 3 32 45 15 49 40 40 23 17 23 25 47 29 15 8 10 4 45 2 3 18 30 14
split_gain=13.064 14.2737 13.5933 12.0212 11.9326 10.8572 10.4775 21.7769 20.8334 18.7943 14.2256 15.7451 13.0461 20.1251 10.9691 10.6129 10.925 18.6767 13.9536 10.6339 10.3415 10.1826 10.4917 11.5451 10.0471 10.0581 10.0428 9.97303 14.9543 12.35
threshold=171.50000000000003 0.93540483100319627 5.541666666666667 0.79900000000000015 87.500000000000014 -1.8941008333593499 178.50000000000003 175.50000000000003 0.13200000000000003 7.2500000000000009 365.50000000000006 89.000000000000014 7.5500000000000007 11.100000000000001 0.34011567857880604 3286.5000000000005 0.24068965517241384 -0.84874750804349186 174.00000000000003 1.2880000000000003 461.50000000000006 -0.7666666666666665 202.50000000000003 21.553245112776381 5.9500000000000011 74.500000000000014 188.50000000000003 61.500000000000007 86.15000000000002 308.50000000000006
decision_type=2 2 2 2 2 2 2 2 2 2 2 2 2 2 2 2 2 2 2 2 2 2 2 2 2 2 2 2 2 2
left_child=1 2 6 -4 -2 26 7 10 -8 -9 11 -1 -13 -14 -12 -10 17 19 -18 -17 -11 -6 -23 -24 -7 -26 -5 28 -27 -29
right_child=4 -3 3 5 21 24 8 9 15 20 14 12 13 -15 -16 16 18 -19 -20 -21 -22 22 23 -25 25 27 -28 29 -30 -31
leaf_value=0.0073486969976219937 0.020221841444424207 -0.020150817896853059 -0.015962075147256657 0.0060047296907716563 0.016688970563660362 -0.02904385305837914 -0.032531430299279684 -0.0066286178066355369 -0.012703797650969628 0.090320255811184649 0.0089778760042053644 -0.024097551750713625 0.073419127882106902 -0.019710799638137731 -0.025122715321947091 -0.026127132643748975 0.026335161208038405 0.014476600855081088 -0.020020505284240916 0.01663025221379566 0.028390273269908374 -0.0078339731628359749 0.0077437603341759115 -0.013892716155772001 -0.044210369933191822 -0.015393401639391022 0.044866407663806833 0.0023031934310836495 0.033631314569488271 -0.0036243247498495249
leaf_weight=42.861275287345052 42.032766318880022 32.73666860954836 52.396443110425025 25.726807607337832 43.524595566093922 11.140289071947334 17.909476317465305 5.4607980898581472 36.01559369917959 4.6757177263498289 273.42151160724461 40.004216628614813 2.4665000708773723 4.4788582399487495 7.8183122221380463 25.327416637912396 32.155056057497859 31.066351438872516 6.3225656487047663 5.8008519299328318 6.7066292045637965 80.475424014031887 171.01815182901919 24.553062129765749 3.9742880207486442 73.055633994750679 6.9658968597650519 599.56870261207223 5.124910131096839 667.53073236905038
leaf_count=801 399 1807 1955 312 236 679 144 71 482 55 2087 972 27 97 114 207 245 252 39 34 53 441 998 132 70 1994 55 6988 127 5482
internal_value=0.000140011 -0.000800496 -0.000471876 -0.0019915 0.00538345 -0.00145497 0.00357342 0.00620097 -0.00301674 0.0385918 0.00463087 -0.00571808 -0.0175515 0.0184403 0.00794425 0.00105859 0.00605863 -0.00174933 0.0184039 -0.0178895 0.05907 0.00337479 0.00122286 0.00497054 -0.00187032 -0.00162461 0.0153709 -0.00146606 -0.0117956 -0.000819925
internal_weight=2382.32 2020.71 1987.97 1445.48 361.604 1393.09 542.491 387.894 154.597 16.8431 371.051 89.8109 46.9496 6.94536 281.24 136.688 100.672 62.1946 38.4776 31.1283 11.3823 319.571 276.047 195.571 1360.39 1349.25 32.6927 1345.28 78.1805 1267.1
internal_count=27355 25149 23342 17662 2206 15707 5680 4277 1403 179 4098 1897 1096 124 2201 1259 777 493 284 241 108 1807 1571 1130 15340 14661 367 14591 2121 12470
is_linear=0
shrinkage=0.03


Tree=168
num_leaves=31
num_cat=0
split_feature=34 27 22 6 21 23 23 22 4 10 28 40 39 22 42 56 31 17 25 23 38 17 20 21 46 36 21 24 23 23
split_gain=13.4264 12.4371 11.7054 11.1306 10.0179 9.9502 19.0011 10.9124 9.51337 13.8381 19.6573 14.9846 13.5832 12.2488 17.6339 13.7432 12.8425 13.4131 16.4596 20.1097 16.5162 18.4219 15.0819 12.9991 12.792 12.6825 11.6122 11.489 11.8977 14.5348
threshold=208.37556923557196 105.50000000000001 6.7083333333333348 1.0833333333333337 1.9329333344409647 0.19448997604337412 0.20501245330012455 6.6250000000000009 11.397473398820926 270.00000000000006 0.0062400000000000016 4.5500000000000007 82.450000000000017 6.2083333333333348 1.0000000180025095e-35 1.0000000180025095e-35 0.085500000000000007 9415.5000000000018 -0.22695468355932447 0.26944684528954194 27.300000000000001 3880.5000000000005 34.196153846153855 0.68304079393161821 116.50000000000001 0.39297500000000002 0.33494970325348133 0.18786764705882353 0.34471871412169919 0.21596061666018912
decision_type=2 2 2 2 2 2 2 2 2 2 2 2 2 2 2 2 2 2 2 2 2 2 2 2 2 2 2 2 2 2
left_child=1 2 5 4 8 -1 -7 -8 13 10 12 -12 -10 25 16 27 17 18 20 -20 21 -15 -19 26 -24 -3 -18 -16 29 -29
right_child=-2 3 -4 -5 -6 6 7 -9 9 -11 11 -13 -14 14 15 -17 23 22 19 -21 -22 -23 24 -25 -26 -27 -28 28 -30 -31
leaf_value=-0.030216028337464524 0.028708336189096871 0.0063935799128377853 -0.025675428539626084 0.01619155436945708 0.025165026559919743 0.03898464128476866 -0.0097966584088104904 0.030675494632132358 -0.013086933481341234 -0.0068528618882834017 -0.025843310789898623 -0.00082477487551613378 0.011955258976588249 0.0267483069707567 -0.033046387247079749 0.0076394384023753597 0.0014243441390610224 0.012071712421096377 -0.0049765208134171937 -0.02909697816802061 0.017619878212162647 -0.018833224156278038 0.0071353538422300761 -0.012211367568788184 -0.043125594938345377 -0.0042118824261212981 0.024313746668430943 -0.013293278377795729 -0.032718982288019394 0.0048205086572536363
leaf_weight=10.247383337933568 13.561001379042862 514.83963114349172 29.784188014920801 37.982517098076642 13.170156641863285 8.8245552526786906 58.302113017532974 5.6950930459424844 21.759107294026762 381.20177148189396 29.43198598921299 74.025539209134877 140.70417235558853 9.3326892592012864 9.5215197061188501 253.60268229851499 97.733956374693662 7.138308295980095 93.846594410017133 45.938223059289157 39.385759109631181 34.760841169394553 5.1792375529184964 47.629512576386333 25.793717621359974 125.59210436046124 24.10917159030214 51.344662790186703 9.1514881481416506 166.28818190004677
leaf_count=302 595 5426 2207 391 82 146 1467 62 376 3767 293 616 1105 56 85 2594 1033 44 1286 633 300 351 45 461 225 746 309 500 120 1642
internal_value=-1.12285e-05 -0.000187427 -0.00986206 0.000299941 2.10657e-05 -0.00395427 0.000100506 -0.00577851 -0.000140213 -0.00319578 0.00205275 -0.00812141 0.00854175 0.00112757 -0.00108856 0.00280247 -0.00550923 -0.00966724 -0.00679237 -0.0130537 0.00372259 -0.00880636 -0.0259046 0.000922707 -0.0347608 0.00431047 0.00611454 -0.00239886 -0.000972694 0.000505788
internal_weight=2385.88 2372.32 112.853 2259.46 2221.48 83.0691 72.8218 63.9972 2208.31 647.123 265.921 103.458 162.463 1561.19 920.757 489.909 430.848 261.375 223.264 139.785 83.4793 44.0935 38.1113 169.473 30.973 640.432 121.843 236.306 226.784 217.633
internal_count=27265 26670 4184 22486 22095 1977 1675 1529 22013 6157 2390 909 1481 15856 9684 4941 4743 2940 2626 1919 707 407 314 1803 270 6172 1342 2347 2262 2142
is_linear=0
shrinkage=0.03


Tree=169
num_leaves=31
num_cat=0
split_feature=16 1 7 48 21 29 23 33 10 47 14 23 17 50 31 47 21 1 23 16 38 50 23 22 45 40 29 22 4 4
split_gain=14.0496 10.9359 11.4414 16.6648 13.4949 13.516 17.6315 18.0575 20.0629 16.6714 16.1328 15.0559 14.4926 13.7846 11.6863 11.6381 11.055 10.8364 10.8142 10.649 14.0674 10.3007 13.116 11.8296 11.9541 10.673 10.1636 9.79443 9.68786 9.49404
threshold=4470.5000000000009 188.21428571428575 -0.074999999999999942 69.500000000000014 0.018167911175551405 1.2245000000000001 0.25493230174081244 170.01135098182559 270.00000000000006 147.50000000000003 234.50000000000003 0.15737874097007223 699.50000000000011 139.50000000000003 0.039000000000000007 186.50000000000003 0.72755383816166563 126.21428571428572 0.18677325581395346 954.50000000000011 28.550000000000004 143.50000000000003 0.22005021520803444 5.6250000000000009 7.3500000000000005 3.4500000000000006 0.85450000000000015 8.6250000000000018 6.1194771004481794 4.6190908163840811
decision_type=2 2 2 2 2 2 2 2 2 2 2 2 2 2 2 2 2 2 2 2 2 2 2 2 2 2 2 2 2 2
left_child=1 2 26 -4 21 6 7 8 -6 14 15 -7 -11 17 -8 18 -14 -13 -10 -16 -21 25 -23 -24 -25 27 -1 -5 -12 -28
right_child=-2 -3 3 4 5 11 9 -9 10 12 28 13 16 -15 19 -17 -18 -19 -20 20 -22 22 23 24 -26 -27 29 -29 -30 -31
leaf_value=-0.010717616198279297 0.028600370585867327 0.022553924141438034 0.035713855815872192 -0.012256163289427103 -0.023092566275435645 -0.02883297193553902 -0.033292507785962683 0.013644667830745348 0.018207550651127877 -0.026515605218053798 0.01799712314431717 -0.035624627834404829 0.02129483294624622 0.023139391439088452 -0.022986556846989296 0.026236033585641319 -0.01364620039207771 0.005655842418383899 -0.021416988210494085 -0.012910226503108278 0.014202471197590539 -0.01734865600312567 0.025811916543200246 -0.013066782686051688 0.013594073924247935 0.0095358234368415565 0.00865025809673442 0.026626047216323032 -0.002367157016149654 -0.0023245110505810984
leaf_weight=120.99303210712969 14.120162340812383 17.515266321599483 11.847127504646776 36.686138746328652 37.528986753430218 8.181820947211234 26.671232279390097 73.722858918830752 6.43626715382561 9.9482090268284065 49.226283109746873 5.5922797834500662 30.189529942348599 45.510210470296443 45.360559501219541 5.7415769826620808 10.255613768007604 42.414860698394477 42.865428971592337 56.562986903823912 23.64069907553494 36.402910557575524 16.729347068816423 35.477353813126683 24.887512307614088 310.5680803982541 74.874043388757855 5.9345013909041873 35.802908367011696 1095.4917358160019
leaf_count=2814 125 84 149 508 629 84 390 545 122 222 397 50 249 495 867 62 102 362 912 610 174 625 188 597 256 3143 713 43 322 11352
internal_value=-0.000225374 -0.000411216 -0.000593802 0.00175664 0.00132862 -0.00182915 -0.0040452 0.00126602 -0.00392001 -0.0106067 0.00134409 0.0080057 0.00428618 0.0114997 -0.0155323 -0.0111913 0.0123194 0.000218338 -0.0159849 -0.0115267 -0.00484205 0.00508423 -0.00275978 0.00426285 -0.00203251 0.00760558 -0.00247606 -0.00635592 0.00949457 -0.00161562
internal_weight=2357.18 2343.06 2325.54 1034.19 1022.34 555.652 453.953 251.324 177.601 202.629 140.072 101.699 50.3934 93.5174 152.235 55.0433 40.4451 48.0071 49.3017 125.564 80.2037 466.686 113.497 77.0942 60.3649 353.189 1291.36 42.6206 85.0292 1170.37
internal_count=27191 27066 26982 12103 11954 6594 5603 2989 2444 2614 1815 991 573 907 2041 1096 351 412 1034 1651 784 5360 1666 1041 853 3694 14879 551 719 12065
is_linear=0
shrinkage=0.03


Tree=170
num_leaves=31
num_cat=0
split_feature=38 24 34 2 22 39 16 16 3 24 3 1 21 3 30 21 35 29 3 21 35 21 21 39 30 39 22 24 23 26
split_gain=11.8384 17.4755 18.2535 14.5945 22.0009 21.1771 14.1452 13.994 13.5499 12.0203 14.6824 13.6299 22.2849 11.9361 15.2734 12.8064 12.5348 11.4361 14.0881 11.276 11.3357 11.2672 11.108 11.5522 11.0366 10.6732 11.8767 12.8641 10.6393 12.0341
threshold=26.650000000000002 0.21563498982853821 149.96398084091896 96.500000000000014 3.7083333333333335 75.850000000000009 1504.5000000000002 1655.5000000000002 112.50000000000001 0.17206290471785382 185.50000000000003 123.64285714285715 1.1121822042708918 128.50000000000003 79.40000000000002 -0.44771631792574512 128.57648804226463 1.3465000000000003 148.50000000000003 -0.36639656163370155 174.00028419661984 0.33494970325348133 -1.0135141753930097 88.250000000000014 82.800000000000011 88.550000000000011 8.6250000000000018 0.20654105936722358 0.26572389240506328 -0.32143946530316164
decision_type=2 2 2 2 2 2 2 2 2 2 2 2 2 2 2 2 2 2 2 2 2 2 2 2 2 2 2 2 2 2
left_child=3 8 7 5 -5 6 -1 -3 -2 10 -10 12 17 14 15 -6 -15 25 -19 -4 -21 -16 -7 -24 -9 -11 27 -27 29 -25
right_child=1 2 19 4 13 22 -8 24 9 11 -12 -13 -14 16 21 -17 -18 18 -20 20 -22 -23 23 28 -26 26 -28 -29 -30 -31
leaf_value=0.026707264868981135 0.031251319294212043 -0.0022417577074722028 0.0050912203974178101 0.041626957977458391 0.026336626186556342 0.014872467929865636 -0.029317340313552934 0.044729827628604321 0.027761394644361542 0.013012502793350728 -0.0037841955101425191 0.00080437955750572326 -0.037942368060617154 -0.021814972184901204 0.0015479740679444848 -0.014111926472341357 -0.0016744112328964868 0.027371453523146596 -0.023235974575441871 0.047659760923825956 0.018522255882716502 0.044882708039677983 -0.02790551038056149 0.054182880594787985 -0.0020740192006564518 -0.02610330543817016 0.02959334974814842 0.0053544926398917799 -0.022101262633076029 -0.023118410448261847
leaf_weight=16.239852769300345 11.858816541731356 99.535253098700196 30.689420189708471 9.7841324242763204 9.1563613819889742 7.0853808163665226 4.4055613251402965 10.278031308203937 29.612636704929173 14.708262631203977 23.073106025345623 950.51827669609338 20.016137517523021 27.808582499157637 8.3248268449679035 22.014077351428568 813.71977606182918 17.391062391921881 5.9146828511729828 17.315697502344847 42.611152593046427 14.765150323510168 63.854271143209189 4.1748806303367019 7.4406895376741877 44.935870582703501 4.1851915968582025 15.293323684949426 6.5553341177292168 2.0888465191237611
leaf_count=257 81 1247 249 168 223 197 94 64 302 161 167 8822 169 1648 181 525 8642 147 48 180 318 206 2019 62 45 461 28 173 130 103
internal_value=0.000253084 0.00209521 0.0100714 -0.00220043 -0.00096958 -0.012766 0.01395 0.00221204 0.000630056 0.000280006 0.0141332 -0.000412755 -0.00979117 -0.00148073 0.012029 -0.00178079 -0.00236507 -0.00397631 0.0141004 0.020106 0.0275855 0.0299717 -0.019438 -0.0227593 0.0260145 -0.00941038 -0.014651 -0.0181586 0.00303916 0.0287705
internal_weight=2355.35 1345.38 207.87 1009.98 905.573 104.404 20.6454 117.254 1137.51 1125.65 52.6857 1072.96 122.445 895.789 54.2604 31.1704 841.528 102.428 23.3057 90.6163 59.9269 23.09 83.7587 76.6733 17.7187 79.1226 64.4144 60.2292 12.8191 6.26373
internal_count=27117 12662 2103 14455 11593 2862 351 1356 10559 10478 469 10009 1187 11425 1135 748 10290 1018 195 747 498 387 2511 2314 109 823 662 634 295 165
is_linear=0
shrinkage=0.03


Tree=171
num_leaves=31
num_cat=0
split_feature=16 16 3 22 27 33 26 33 21 27 22 19 20 1 36 50 30 37 7 40 35 23 23 29 26 22 45 26 15 26
split_gain=11.3312 11.2126 16.8335 17.6789 12.0418 10.6175 10.0487 10.2264 9.98342 10.3102 9.66848 10.5862 9.52923 17.1527 14.9748 17.1841 14.9698 13.9657 12.8191 14.5631 15.6639 11.1913 17.0236 13.4353 11.4471 11.3778 14.5019 11.0361 10.5717 10.4951
threshold=4470.5000000000009 2442.0000000000005 162.50000000000003 6.3750000000000009 143.50000000000003 171.99667298322544 0.91037613702198772 168.00065334710715 0.71690092762625512 127.50000000000001 5.9583333333333348 5.1428571428571432 38.265384615384626 179.50000000000003 0.19053375000000003 127.50000000000001 87.850000000000009 36.500000000000007 0.14166666666666669 3.4500000000000006 164.99922376088452 0.15484515484515485 0.20247494685696932 1.5445000000000002 -0.44228869021900113 4.9583333333333348 7.2500000000000009 -0.9103761370219875 711.50000000000011 0.68322629814330826
decision_type=2 2 2 2 2 2 2 2 2 2 2 2 2 2 2 2 2 2 2 2 2 2 2 2 2 2 2 2 2 2
left_child=1 6 3 8 5 -4 12 -8 9 -3 11 -9 21 14 15 18 29 -15 27 -20 -21 24 25 -24 -1 26 -23 -14 -29 -16
right_child=-2 2 4 -5 -6 -7 7 10 -10 -11 -12 -13 13 17 16 -17 -18 -19 19 20 -22 22 23 -25 -26 -27 -28 28 -30 -31
leaf_value=-0.030623308832455152 0.025670231118484221 -0.014447156764909978 -0.020327719427827389 -0.025653350130466452 0.026090708827091798 0.012305304973829896 -0.023054654714133312 0.033178875428037706 -0.025561377703096699 0.01835691527468571 -0.010340704434311997 -0.0071063873293871994 -0.026468942931582379 -0.012169874184562389 -0.00060150757507872405 -0.01132770963286114 0.025402017765897435 0.022590814087626056 -0.004933223856474633 -0.008615982133971585 0.039743549306513463 -0.019351883132319114 0.0027878459647884025 -0.014520101352776323 0.0062793085121523665 0.019616882766734643 0.014585685162357276 -0.004445933494649743 0.01961783648459825 0.020389922573472594
leaf_weight=16.684255949221555 14.368239583447574 12.508750194683669 17.107168408110738 58.158445927780122 16.851248518563807 16.85338287986815 30.651266956469044 10.973012570291759 10.225799055770038 23.160935998894274 43.743952076882124 10.948268452659248 16.417884797789156 12.791272068396209 545.91670917719603 250.19598165620118 21.076516900211573 44.422131910920143 22.347172178328037 7.841814418789002 21.237557181157172 17.791012549772859 785.77377730887383 41.560510289855301 12.716351035982369 88.363355943933129 27.554919898509979 116.12401290447451 18.114653459750116 21.310731113888323
leaf_count=209 126 117 154 629 139 139 1925 71 85 146 339 77 229 70 4279 6220 127 228 223 214 151 191 6709 298 153 744 228 2624 147 165
internal_value=-5.64399e-06 -0.000174241 -0.0079481 -0.0148134 0.00612535 -0.00424439 0.000380242 -0.00904318 -0.000822887 0.00677282 -0.00225518 0.0136267 0.000819001 -0.00110557 -0.00199031 -0.00608853 0.00116532 0.0147438 0.000421853 0.0132078 0.0268496 0.00295113 0.00351471 0.00190191 -0.0149807 0.0134058 0.00114037 -0.00400095 -0.00107763 0.000221636
internal_weight=2353.79 2339.42 154.866 104.054 50.8118 33.9606 2184.56 96.3165 45.8955 35.6697 65.6652 21.9213 2088.24 1097.8 1040.58 452.279 588.304 57.2134 202.083 51.4265 29.0794 990.444 961.044 827.334 29.4006 133.709 45.3459 150.657 134.239 567.227
internal_count=27156 27030 1409 977 432 293 25621 2412 348 263 487 148 23209 14677 14379 9808 4571 298 3588 588 365 8532 8170 7007 362 1163 419 3000 2771 4444
is_linear=0
shrinkage=0.03


Tree=172
num_leaves=31
num_cat=0
split_feature=22 7 45 37 20 14 20 48 25 46 49 37 33 30 25 22 30 34 31 22 37 15 24 21 20 48 36 50 42 31
split_gain=10.2072 16.6218 16.1587 15.3043 16.0718 12.7819 16.7082 16.6127 16.0437 21.002 14.6811 13.8442 13.7204 13.3863 13.0877 23.0837 14.5761 12.9854 19.0816 16.7842 12.9028 12.5338 11.8636 11.6751 11.2784 11.1576 12.4951 11.1529 11.1803 11.485
threshold=5.541666666666667 -0.62499999999999989 5.9500000000000011 29.000000000000004 49.626923076923084 310.50000000000006 37.942307692307701 272.50000000000006 0.25881904510252091 138.50000000000003 110.50000000000001 36.500000000000007 178.75538757517219 93.100000000000009 0.68322629814330826 7.6250000000000009 80.300000000000026 129.00081948327457 0.075500000000000012 7.9583333333333348 37.500000000000007 651.50000000000011 0.21340823970037451 -0.87984202452949833 27.780769230769238 148.00000000000003 0.37297499999999995 119.50000000000001 1.5000000000000002 0.15150000000000002
decision_type=2 2 2 2 2 2 2 2 2 2 2 2 2 2 2 2 2 2 2 2 2 2 2 2 2 2 2 2 2 2
left_child=1 -1 -2 -4 5 10 7 8 11 25 13 -7 17 -5 16 20 -8 -13 23 24 -16 -21 -12 -19 -20 -10 -27 -3 29 -29
right_child=2 27 3 4 -6 6 14 -9 9 -11 22 12 -14 -15 15 -17 -18 18 19 21 -22 -23 -24 -25 -26 26 -28 28 -30 -31
leaf_value=-0.027963568419145976 -0.022451771462983963 -0.0023916270227587384 0.011188875703215046 0.0026964626701688407 -0.012691771505626432 0.037568583828833733 -0.0056978606543553424 -0.036823141524454657 -0.031447934451882736 0.011419624289911537 -0.029312429457199661 0.015756339398840909 0.024258124317656667 0.035464252382705702 0.016956297192189974 0.034769059039469544 -0.0209433684350065 0.0090981414565559828 -0.015350531625332703 -0.045720775000606402 -0.014937711923322815 0.0064759521376044227 0.0078794243492172639 -0.014451506997450046 0.016049379421602582 -0.017164512921234078 0.010469255805077423 0.010387639060370487 -0.0075140695073723143 -0.0024160080811213409
leaf_weight=13.924405575729905 30.206426264718175 173.97518701152876 91.636923332232982 679.30297913961112 104.10497645172291 10.31653245911002 135.17227050755173 9.5419936142861825 26.118216650560498 36.585577500984073 21.926091929432005 47.837755560874939 25.717955354601145 10.418692551553248 14.746303952299057 14.682153351604937 97.253765833564103 22.99482948333025 10.910907275974749 7.5662634409964067 41.03065125644207 7.5930393449962139 11.101786976214497 93.027422470040619 84.031871471554041 44.92628294415772 20.874171055853367 341.68161425366998 45.409059444442391 76.861770164687186
leaf_count=112 1948 1814 963 6914 3493 95 1378 79 202 245 420 455 395 123 112 115 950 135 69 52 314 48 119 670 565 430 115 3524 478 745
internal_value=0.000161269 0.00334992 -0.00106291 -0.000662696 -0.00135768 -0.000548944 -0.00328784 0.00039423 0.00128604 -0.00758967 0.00229735 0.0049779 0.00373475 0.00324207 -0.00871791 0.00258065 -0.0121394 0.00172692 -0.00129738 0.00761338 -0.00635544 -0.0207935 -0.0169468 -0.00974626 0.0123185 -0.0151972 -0.00837264 0.00407611 0.00650135 0.00803621
internal_weight=2351.48 651.852 1699.63 1669.42 1577.78 1473.68 750.928 448.043 438.501 128.504 722.75 309.997 299.68 689.722 302.885 70.4591 232.426 273.962 226.124 110.102 55.777 15.1593 33.0279 116.022 94.9428 91.9187 65.8005 637.928 463.952 418.543
internal_count=27077 6673 20404 18456 17493 14000 6424 3555 3476 992 7576 2484 2389 7037 2869 541 2328 1994 1539 734 426 100 539 805 634 747 545 6561 4747 4269
is_linear=0
shrinkage=0.03


Tree=173
num_leaves=31
num_cat=0
split_feature=2 33 4 46 37 30 25 23 23 29 14 3 21 1 26 22 42 38 27 28 12 15 22 48 6 30 2 36 25 14
split_gain=10.6278 10.8919 10.8062 16.3055 18.4853 14.4146 13.7652 13.74 11.2838 18.4836 13.6328 11.6146 11.1459 11.8113 16.3528 12.8997 17.9097 13.7261 13.1575 11.6176 11.0918 11.019 10.938 14.6888 10.6092 10.5397 14.5437 10.5818 11.4087 13.0863
threshold=74.500000000000014 193.79124139670853 4.2138818037327397 124.00000000000001 41.000000000000007 85.100000000000009 0.93540483100319627 0.20396764252696456 0.31851119894598162 1.1650000000000003 384.50000000000006 246.50000000000003 1.8765642867569292 181.78571428571431 0.95642797789208711 6.8750000000000009 1.0000000180025095e-35 24.400000000000002 137.00000000000003 0.0052950000000000011 108.50000000000001 600.50000000000011 7.1250000000000009 143.50000000000003 0.2166666666666667 84.050000000000026 151.50000000000003 0.42772499999999997 0.88144907265856365 287.50000000000006
decision_type=2 2 2 2 2 2 2 2 2 2 2 2 2 2 2 2 2 2 2 2 2 2 2 2 2 2 2 2 2 2
left_child=-1 2 3 4 -2 -6 -5 -8 11 10 21 12 13 14 15 20 19 18 -18 -17 -4 -10 -21 -24 -3 -19 27 28 29 -27
right_child=1 24 8 6 5 -7 7 -9 9 -11 -12 -13 -14 -15 -16 16 17 25 -20 22 -22 -23 23 -25 -26 26 -28 -29 -30 -31
leaf_value=-0.040791906036832151 0.023094713764200438 0.0016493291567385082 0.00090524236076279768 0.023616939521772858 -0.019107555316871826 0.020467687653935453 0.025018096719983385 -0.011335498417648698 0.00023063618378045008 -0.023542741403364428 0.017740231467155327 -0.023059435870340726 0.024360858433008711 0.010350144388315514 -0.01992952154922174 -0.0013225238796194039 -0.027650388163123266 0.0076654308524923866 0.0018781058636155488 -0.026158540700938884 0.039476116899762104 -0.0234322720873213 -0.02538078269717009 -0.0037488523144480193 0.028733469296029712 -0.029453434853163603 -0.021104772405629975 0.020763433039525436 0.02012778757467935 0.0018035376734273887
leaf_weight=4.8760445951484135 16.192659832537174 31.415899367071688 1178.7633997271769 58.24192430311814 46.959056172054261 9.1539784669876081 13.051444996148346 27.011688915081322 52.816888936795294 51.587765795178711 23.909744495525956 19.649983899667859 15.172786119394003 83.090187221765518 39.795313256792724 99.862998115830123 27.078529619378969 175.15005835215561 26.072641764767468 48.505157024599612 5.7493074135854831 25.632200100459158 37.942654161248356 104.57327974727377 21.384051249362528 18.526933015324175 31.261153061874211 20.515344779938459 13.349455826450138 31.22552633844316
leaf_count=166 281 548 11952 546 667 137 105 330 898 542 177 126 100 421 1443 972 865 1998 238 654 56 227 779 1471 618 237 258 131 177 204
internal_value=-0.000495795 -0.000395025 -0.000706729 0.00653592 -0.00424922 -0.0124061 0.0144316 0.000828333 -0.00128959 -0.00908569 -0.0016422 -0.000678009 -0.000441573 -0.000647849 -0.00114489 -0.000723101 -0.00417304 0.00047186 -0.0133984 -0.00963585 0.0011256 -0.00769853 -0.0139524 -0.00964474 0.0129486 0.00305105 -0.00398974 0.00258269 -0.00355984 -0.010187
internal_weight=2358.52 2353.64 2300.84 170.611 72.3057 56.113 98.3051 40.0631 2130.23 153.947 102.359 1976.28 1956.63 1941.46 1858.37 1818.58 634.064 343.18 53.1512 290.884 1184.51 78.4491 191.021 142.516 52.8 290.028 114.878 83.6173 63.1019 49.7525
internal_count=27324 27158 25992 2066 1085 804 981 435 23926 1844 1302 22082 21956 21856 21435 19992 7984 4108 1103 3876 12008 1125 2904 2250 1166 3005 1007 749 618 441
is_linear=0
shrinkage=0.03


Tree=174
num_leaves=31
num_cat=0
split_feature=6 1 22 45 18 37 3 32 3 20 45 37 6 20 20 50 3 34 6 21 20 33 27 17 28 3 1 23 4 17
split_gain=12.7779 10.261 9.95175 17.2513 14.983 14.2989 17.7077 22.9518 14.6799 15.189 12.3133 11.6108 13.5464 11.517 13.8075 13.4236 15.0234 12.7291 12.259 11.0841 10.2546 14.6861 9.77498 12.1813 13.2108 10.2739 10.0196 12.0544 11.0496 9.53214
threshold=1.1500000000000001 190.35714285714289 5.6250000000000009 6.1500000000000012 59.642857142857153 47.500000000000007 179.50000000000003 0.14850000000000002 171.50000000000003 35.780769230769245 7.8500000000000005 29.000000000000004 -0.14999999999999994 33.373076923076937 35.880769230769239 142.50000000000003 115.50000000000001 133.97021393997559 0.24999999999999997 -0.67184450938563589 50.003846153846169 176.75544053759225 120.00000000000001 625.50000000000011 0.0068650000000000004 165.50000000000003 132.35714285714286 0.26546556122448989 8.5729808113218162 2884.5000000000005
decision_type=2 2 2 2 2 2 2 2 2 2 2 2 2 2 2 2 2 2 2 2 2 2 2 2 2 2 2 2 2 2
left_child=1 2 5 -4 -5 13 8 29 22 -10 19 12 -6 17 18 16 -16 -1 -15 -9 -13 -22 -7 24 -24 -26 -25 28 -28 -8
right_child=-2 -3 3 4 11 6 7 10 9 -11 -12 20 -14 14 15 -17 -18 -19 -20 -21 21 -23 23 26 25 -27 27 -29 -30 -31
leaf_value=-0.0029198859549849788 0.016996856187963452 0.029350515790539107 -0.021816139719303164 -0.015985227669676312 -0.0032468547311394137 -0.012427633965152 -0.014176355845056188 0.0092886902063323753 0.00059073568606185154 0.046682971680081148 0.015143696196388036 -0.0010582785004633118 0.020335784964305482 -0.018815742979377797 0.061518420885158784 -0.00075283919627126003 0.010311568367350785 0.032489687387856264 0.023656209932371223 -0.017044154966384187 -0.019158766359589938 0.011586562511843285 -0.023105453257487696 0.023713202387394151 0.024266984342084345 -0.023397776022446137 0.019882320103768229 -0.026565949449158691 -0.019696595052044689 -0.063848566779672281
leaf_weight=13.32821557112038 36.357921967282891 9.1894834861159307 37.98853338509798 61.715167607180774 39.99355757329613 42.515084304381162 6.5039612846449009 17.703646140173078 12.650088447146119 12.150575803127138 18.534059911035001 1359.3776236674748 46.879130613990128 35.099173109978437 4.3780357679352155 131.55592834530398 166.61012196866795 27.020893390290439 6.4736776603385797 64.928955040406436 60.178308400092646 17.387832324951887 23.403254214208573 32.341043224558234 12.760118570178749 4.8733769208192816 24.894599507562816 9.4319920372217876 7.5277970423921934 8.7803921643644554
leaf_count=89 412 43 2384 1796 407 692 52 179 115 154 134 12237 460 284 54 1606 1712 185 53 592 2250 86 377 226 180 58 192 67 72 54
internal_value=-0.000408967 -0.000689411 -0.000821735 -0.00209985 -0.001614 0.00221296 -0.0027027 -0.0117921 0.00312828 0.0241068 -0.0064028 -0.00102186 0.00956565 0.00603295 0.0042216 0.006455 0.0119728 0.0210054 -0.0118017 -0.0113589 -0.00166815 -0.0122069 -0.000300993 0.00424158 -0.00873892 0.0105451 0.0114417 0.00162738 0.0103786 -0.0448801
internal_weight=2352.53 2316.17 2306.99 1623.52 1585.53 683.465 298.999 116.451 182.548 24.8007 101.167 1523.82 86.8727 384.466 344.117 302.544 170.988 40.3491 41.5729 82.6326 1436.94 77.5661 157.747 115.232 41.0367 17.6335 74.1954 41.8544 32.4224 15.2844
internal_count=27202 26790 26747 19620 17236 7127 3144 1011 2133 269 905 15440 867 3983 3709 3372 1766 274 337 771 14573 2336 1864 1172 615 238 557 331 264 106
is_linear=0
shrinkage=0.03


Tree=175
num_leaves=31
num_cat=0
split_feature=6 2 26 33 2 24 22 25 0 11 2 6 30 4 22 42 23 25 36 50 20 22 38 23 47 36 20 46 23 16
split_gain=11.3663 10.6837 9.15255 12.3666 10.047 13.0658 12.0784 9.3887 12.761 9.2484 8.65282 15.5964 15.2347 15.8819 17.1569 11.7523 18.8164 11.3839 11.3901 12.0523 11.1163 10.6024 15.2097 11.7062 13.9034 13.0763 10.6349 10.4256 10.3492 10.1944
threshold=1.2833333333333334 178.50000000000003 0.91037613702198772 165.99553548645582 157.50000000000003 0.18786764705882353 5.9583333333333348 -0.99465189230620688 169.50000000000003 37.500000000000007 115.50000000000001 0.35000000000000003 76.700000000000017 11.397473398820926 6.6250000000000009 1.0000000180025095e-35 0.24068965517241384 0.95642797789208711 0.29847499999999999 137.50000000000003 56.484615384615395 8.4583333333333339 29.150000000000002 0.26201923076923078 134.50000000000003 0.37297499999999995 30.350000000000009 112.50000000000001 0.23453443877551022 333.50000000000006
decision_type=2 2 2 2 2 2 2 2 2 2 2 2 2 2 2 2 2 2 2 2 2 2 2 2 2 2 2 2 2 2
left_child=1 2 7 -4 5 -5 -6 8 9 -1 12 -12 -9 14 15 17 29 18 19 -14 -19 22 23 24 25 -16 -25 -24 -27 -17
right_child=-2 -3 3 4 6 -7 -8 10 -10 -11 11 -13 13 -15 21 16 -18 20 -20 -21 -22 -23 27 26 -26 28 -28 -29 -30 -31
leaf_value=-0.022802811235201489 0.021005655221980328 0.025388227252890794 -0.026739406986679273 -0.023765775562867648 0.01088518094078322 0.027644695072471717 -0.020650239788108857 -0.016882545709681347 0.010783968386753464 0.026848959773316645 0.0005449461671372727 0.011204834936779564 -0.0002496683053912258 -0.011430003832946645 -0.0099145102725242355 0.011312509310249913 0.012220590458647968 -0.030743203644035086 0.033216839943606302 0.028534901441739004 0.031369691060038146 0.024399023920356609 -0.0037006095499684121 0.032561222922891125 0.037941827268135456 0.0032472286109153058 -0.016198064931123274 -0.034006149516145057 0.055077554394448801 -0.022522387720407624
leaf_weight=43.568374170456082 21.958383062854409 13.585921693593262 25.840486690867692 5.2136820591986206 15.634023249149321 15.622213074937461 31.776630718261003 61.877221857197583 16.629716539755464 2.8264232892543069 1515.1873117703944 133.50447560288012 35.413342957850546 102.36225198023021 31.596779151121154 9.9078947496600431 52.835776447784156 7.7935680788941664 30.87269087228924 19.753848163411021 2.7617461001500487 9.0778364073485118 16.99570502480492 3.4953906824812284 10.269735263194887 8.8091017417609674 43.766057600034401 25.671500253491104 4.866798495873808 31.903835204429924
leaf_count=713 259 67 1891 38 127 135 301 1892 90 25 14454 1278 500 1228 745 204 570 198 270 314 86 70 124 30 112 96 926 199 42 267
internal_value=2.31926e-07 -0.000206705 -0.000367752 -0.00948222 -0.00265628 0.0142812 -0.0102412 2.23217e-05 -0.0112993 -0.0192753 0.000357938 0.00141441 -0.00305323 -0.00111046 0.00196851 0.00795722 0.000420583 0.0152619 0.0188629 0.0103818 -0.0131833 -0.00544558 -0.00746184 -0.0011498 0.00812478 0.000687235 -0.0119919 -0.0222957 0.024188 -0.0144278
internal_weight=2351.38 2329.42 2315.83 94.087 68.2465 20.8359 47.4107 2221.75 63.0245 46.3948 2158.72 1648.69 510.031 448.154 345.792 191.243 94.6475 96.5952 86.0399 55.1672 10.5553 154.549 145.471 102.804 55.5424 45.2727 47.2614 42.6672 13.6759 41.8117
internal_count=27251 26992 26925 2492 601 173 428 24433 828 738 23605 15732 7873 5981 4753 2409 1041 1368 1084 814 284 2344 2274 1951 995 883 956 323 138 471
is_linear=0
shrinkage=0.03


Tree=176
num_leaves=31
num_cat=0
split_feature=29 2 2 17 22 24 35 2 33 10 49 46 26 22 3 17 1 17 30 2 26 19 15 28 22 33 10 25 27 34
split_gain=10.291 10.9712 18.6272 14.2954 11.8362 13.8012 9.40794 8.64759 8.48925 8.49028 8.71567 8.33944 7.81147 16.0851 13.2178 18.0511 21.3947 18.5084 15.109 13.6126 12.295 11.6031 15.0213 11.1428 20.3248 16.5078 11.1313 9.78446 9.99377 16.6653
threshold=0.78150000000000019 110.50000000000001 129.50000000000003 6353.5000000000009 4.8750000000000009 0.21563498982853821 168.81388498662389 175.50000000000003 215.59979381006005 7.5000000000000009 84.500000000000014 146.00000000000003 -0.097964660725097436 4.1250000000000009 208.50000000000003 4585.5000000000009 158.78571428571431 4962.5000000000009 75.100000000000009 80.500000000000014 0.16280825711809024 4.7500000000000044 629.50000000000011 0.0037950000000000002 6.3750000000000009 154.90162944556707 132.50000000000003 0.9946518923062071 139.50000000000003 126.40443786342549
decision_type=2 2 2 2 2 2 2 2 2 2 2 2 2 2 2 2 2 2 2 2 2 2 2 2 2 2 2 2 2 2
left_child=1 -1 4 -4 -3 -6 -5 8 9 10 -2 -9 -11 20 15 16 27 -17 -19 -20 -14 22 -21 24 25 -23 -16 -15 29 -29
right_child=7 2 3 6 5 -7 -8 11 -10 12 -12 -13 13 14 26 17 -18 18 19 21 -22 23 -24 -25 -26 -27 -28 28 -30 -31
leaf_value=-0.028262053911896848 0.0053229217615016478 0.029773558342802074 -0.035617266752023265 -0.023866907657701712 -0.015769215746808847 0.031067033337609674 0.01863226134338089 0.0068489434803247189 0.024126263348687237 0.002051698461306606 -0.026391260812884853 0.037381814764021609 -0.013251267758542384 -0.026455864497530387 0.02566387243464828 0.036549140780993278 0.0013407041186697711 -0.019947927951941204 0.047509554747349587 0.026273924819890795 0.018879405499944959 -0.031164920135399343 -0.0073992572904523265 -0.0021075750270905707 0.029111016268985435 0.027260039102741548 -0.016528852802770819 -0.023572732265160146 -0.01991678253316654 0.034418994463216036
leaf_weight=20.123937535332516 11.929431283846499 15.494186073075978 19.993259453913197 6.9902125238440957 19.06006908626296 6.8951172397937617 10.346542138606308 44.392171490937471 12.600857602432368 1293.8758978247643 20.045859799254686 9.035081531852482 12.630488053895531 60.112941653700545 5.1575033105909815 12.164379420690237 87.413110523950309 29.52114640083164 4.7996621648780993 33.211623547133058 52.644888431299478 11.660209219902756 17.740925135090947 373.82809510780498 27.663052019663155 5.7184787038713685 82.12756659090519 6.7811306747607913 21.401716747321188 9.6194126969203335
leaf_count=1403 102 152 353 142 365 106 59 212 596 10548 167 56 164 4863 34 98 1117 382 63 320 691 73 132 3097 189 44 811 296 359 191
internal_value=0.000373058 -0.00904856 -0.00384781 -0.0189672 0.00989501 -0.00263599 0.00112943 0.000791771 0.000498325 0.000350755 -0.0147566 0.0126043 0.000582399 -0.00164299 -0.00283223 -0.00145347 -0.00945827 0.00143257 0.000514575 0.00182659 0.0125561 0.00125998 0.0146327 -0.000397686 0.0135312 -0.0115029 -0.0137733 -0.0190151 -0.00680587 0.0104644
internal_weight=2344.98 98.9033 78.7794 37.33 41.4494 25.9552 17.3368 2246.08 2192.65 2180.05 31.9753 53.4273 2148.07 854.196 788.921 701.636 185.328 516.308 504.143 474.622 65.2754 469.822 50.9525 418.87 45.0417 17.3787 87.2851 97.9152 37.8023 16.4005
internal_count=27185 2580 1177 554 623 471 201 24605 24337 23741 269 268 23472 12924 12069 11224 6826 4398 4300 3918 855 3855 452 3403 306 117 845 5709 846 487
is_linear=0
shrinkage=0.03


Tree=177
num_leaves=31
num_cat=0
split_feature=33 2 0 27 22 29 37 20 4 40 28 1 2 22 30 6 4 32 17 4 25 16 32 23 16 17 21 50 2 39
split_gain=12.3975 11.8745 10.9321 15.0875 9.98205 16.0508 14.6687 15.7949 13.8527 12.88 12.8838 11.6972 11.5172 10.3769 10.3132 14.0389 11.417 12.5846 11.7073 13.5315 10.6463 19.2825 19.0559 14.3323 11.2716 14.6026 14.773 13.9818 10.351 9.93755
threshold=189.68797671968693 175.50000000000003 120.50000000000001 211.50000000000003 5.6250000000000009 0.79900000000000015 29.000000000000004 49.626923076923084 4.2430177772197775 8.0000000000000018 0.0055800000000000008 143.07142857142858 154.50000000000003 7.3750000000000009 74.850000000000009 0.35000000000000003 19.879839030254463 0.13200000000000003 3568.0000000000005 7.9651239764142376 -0.72947329433276231 1544.5000000000002 0.19350000000000003 0.19900990099009905 761.50000000000011 8381.5000000000018 0.5665091646528212 138.50000000000003 108.50000000000001 83.850000000000009
decision_type=2 2 2 2 2 2 2 2 2 2 2 2 2 2 2 2 2 2 2 2 2 2 2 2 2 2 2 2 2 2
left_child=1 4 -2 -4 14 -6 12 8 9 10 11 -8 -7 -14 28 16 17 -16 19 -19 22 -22 23 -20 -24 -26 27 -27 -1 -12
right_child=2 -3 3 -5 5 6 7 -9 -10 -11 29 -13 13 -15 15 -17 -18 18 20 -21 21 -23 24 -25 25 26 -28 -29 -30 -31
leaf_value=-0.030256982302640061 -0.016312391597941626 0.013726721596418957 0.027490169413368751 -0.0060105425779742785 -0.018353911074806464 0.01600124663362601 -0.0310755165151138 -0.014041232250925201 -0.0021872736534906565 0.02707571812624443 -0.0098512508441478408 0.019800282137040739 0.0055109490164084096 -0.039649059792967477 -0.0096805300790072952 0.015568993936884127 -0.016773132208423084 0.0048705531908683651 -0.01787553483806769 -0.010577810385068449 0.027565648468779857 -0.0007079471677401744 0.023542539558520661 0.036522350533391361 -0.019552467582710904 0.008848471108590333 0.034191747820651652 -0.029223646146635002 -0.001160268751801314 0.019898858837084268
leaf_weight=15.422693253494797 9.2065968550741655 51.399622112512589 39.853344363160431 16.745881756767631 51.383976258337498 68.989608673378825 14.055341705912726 93.60747167468071 1240.5833324522246 26.470987482462078 13.755457416176794 4.793665869627147 12.862078691832723 5.9439159221947184 63.120405697263777 74.291670341510326 27.442440908867866 154.84103663964197 4.7838180921971825 74.875171506777406 58.082620843313634 34.241900293156505 12.193434158340095 21.051161732524633 39.079626699909568 24.326745921745896 10.791826428845523 12.238567426800726 33.603839180897921 32.457921617664397
leaf_count=280 90 246 1041 129 2100 732 137 3182 11854 222 163 53 107 52 600 592 253 1914 47 1166 486 246 95 163 330 151 74 109 351 292
internal_value=-1.59757e-05 -0.000389582 0.0127221 0.0176461 -0.000721659 -0.00202661 -0.00146054 -0.00219595 -0.00135368 0.00984591 0.00253213 -0.0177911 0.0103721 -0.0100438 0.00236903 0.00343572 0.00173153 0.00275887 0.00453507 -0.000188808 0.0095185 0.0171841 0.00374072 0.0261588 -0.00233505 -0.00621305 0.00497149 -0.00433315 -0.0107353 0.0110226
internal_weight=2342.5 2276.69 65.8058 56.5992 2225.29 1564.9 1513.52 1425.72 1332.12 91.5334 65.0624 18.849 87.7956 18.806 660.387 611.36 537.069 509.626 446.506 229.716 216.79 92.3245 124.465 25.835 98.6302 86.4368 47.3571 36.5653 49.0265 46.2134
internal_count=27257 25997 1260 1170 25751 18894 16794 15903 12721 867 645 190 891 159 6857 6226 5634 5381 4781 3080 1701 732 969 210 759 664 334 260 631 455
is_linear=0
shrinkage=0.03


Tree=178
num_leaves=31
num_cat=0
split_feature=5 4 23 46 37 24 30 20 16 2 40 12 2 13 36 33 17 2 46 4 20 2 18 23 28 15 27 16 34 4
split_gain=10.6928 9.84178 20.3559 13.5091 22.3231 20.7448 15.8635 14.0208 11.9739 11.1063 21.1272 17.4758 12.9342 12.5661 11.3068 11.8156 10.9202 10.7806 15.1936 10.5313 10.3257 14.8196 10.2449 10.171 10.3564 9.74625 9.60641 9.55545 9.46699 9.35851
threshold=1.5000000000000002 5.1228117184267985 0.35138101335284438 118.50000000000001 41.000000000000007 0.20483682983682983 85.100000000000009 39.319230769230778 4470.5000000000009 110.50000000000001 5.3000000000000016 54.500000000000007 100.50000000000001 25.867006261964246 0.10993374999999991 193.79124139670853 699.50000000000011 117.50000000000001 120.50000000000001 25.064746385036411 40.319230769230778 97.500000000000014 75.357142857142875 0.15635345047109753 0.0063100000000000005 553.50000000000011 167.00000000000003 1156.5000000000002 103.8632778871491 25.064746385036411
decision_type=2 2 2 2 2 2 2 2 2 2 2 2 2 2 2 2 2 2 2 2 2 2 2 2 2 2 2 2 2 2
left_child=1 2 3 4 5 27 -6 -5 9 10 11 12 16 29 -15 -16 -3 18 -9 -14 -13 -22 -12 -19 26 28 -25 -1 -18 -11
right_child=-2 8 -4 7 6 -7 -8 17 -10 13 22 20 19 14 15 -17 25 23 -20 -21 21 -23 -24 24 -26 -27 -28 -29 -30 -31
leaf_value=0.050582462495544947 0.017357001785539772 -0.011967500137149251 -0.030832949080353556 0.015709023336217848 -0.015216251468695799 -0.012429634057148819 0.017790889868627216 0.052640777260406155 0.025730910281332352 -0.0012347570045848609 -0.010266112413430275 -0.0031110130997311571 -0.0063924823257293251 0.012832940815018127 -0.019290494934560112 0.023638046044926843 -0.0058774073049502606 0.024568222619713951 0.00090749830295434679 0.043442738893731139 0.0021611933768714898 -0.057246966300569441 -0.028668666994004402 -0.015881749727200734 0.0057131486475473425 0.011976209331208919 0.010402790573361747 -0.01256653854778686 0.052262183580824573 -0.023131924282007651
leaf_weight=13.330044840229677 29.496476476080716 9.7134893450420332 14.02186113456264 126.17526581091806 83.224071406992152 9.8171920729801041 14.650721416343002 7.8665311224758652 13.443308698013423 1407.6696723375935 90.729939899174497 19.041369128506631 62.115425231168047 101.78903907933272 21.319603803567592 6.8499514302238813 2.8919222471304229 12.72382233198732 12.141982049215583 3.0672905333340159 5.8151153139770022 9.4318177760578674 39.253840572666377 57.531860335264355 70.257713564671576 32.027764362283051 15.164783492684363 2.1268785516731432 12.012526391539721 16.792703476734459
leaf_count=274 404 599 153 953 1463 267 225 70 108 14436 1964 320 948 1067 162 252 113 107 194 21 108 91 396 850 730 561 106 26 155 140
internal_value=-0.000290326 -0.000524803 0.00350908 0.0047118 -0.00364106 0.0209751 -0.0101455 0.00812024 -0.00148143 -0.00169406 -0.00711525 0.000336961 0.00568071 -0.000692325 0.00820173 -0.00839912 0.016038 0.00261205 0.0227844 -0.00342642 -0.0182726 -0.0358505 -0.0159999 -0.000109483 -0.00246136 0.021963 -0.0103319 0.0416575 0.0413211 -0.00150894
internal_weight=2322.49 2293 439.033 425.011 123.149 25.2741 97.8748 301.862 1853.96 1840.52 286.101 156.117 121.828 1554.42 129.959 28.1696 56.6457 175.687 20.0085 65.1827 34.2883 15.2469 129.984 155.678 142.954 46.9322 72.6966 15.4569 14.9044 1424.46
internal_count=27263 26859 5418 5265 2255 567 1688 3010 21441 21333 5276 2916 2397 16057 1481 414 1428 2057 264 969 519 199 2360 1793 1686 829 956 300 268 14576
is_linear=0
shrinkage=0.03


Tree=179
num_leaves=31
num_cat=0
split_feature=2 4 25 25 13 26 0 35 21 28 25 25 49 23 21 27 9 31 50 21 27 37 1 21 27 1 9 23 2 28
split_gain=10.1774 11.2716 10.8913 24.8832 22.2126 22.0132 26.6972 15.4977 14.3831 14.3523 14.1608 19.0854 16.5624 26.7569 17.9531 21.507 16.0731 15.2407 18.9524 13.9179 13.5208 13.436 13.4219 13.1915 12.9759 15.3865 12.705 12.5683 11.9698 16.2248
threshold=171.50000000000003 22.583215005145473 -0.22695468355932447 -0.72947329433276231 2.3267089578772064 0.16280825711809024 160.50000000000003 165.49368226849415 1.6815192626666624 0.0076250000000000007 0.58216583101416142 0.16280825711808983 83.500000000000014 0.30358412743564217 0.017266905808210654 129.50000000000003 1.0000000180025095e-35 0.088500000000000009 157.00000000000003 -1.7099269611115357 149.50000000000003 31.500000000000004 150.78571428571431 -0.10925266925799228 142.50000000000003 150.78571428571431 0.34000000000000002 0.23956521739130437 104.50000000000001 0.0069700000000000014
decision_type=2 2 2 2 2 2 2 2 2 2 2 2 2 2 2 2 2 2 2 2 2 2 2 2 2 2 2 2 2 2
left_child=2 -2 3 8 24 10 -7 -6 -1 -9 11 17 16 14 15 21 19 18 20 -12 22 -14 -4 -23 25 -5 -8 -27 29 -21
right_child=1 -3 5 4 7 6 26 9 -10 -11 12 -13 13 -15 -16 -17 -18 -19 -20 28 -22 23 -24 -25 -26 27 -28 -29 -30 -31
leaf_value=-0.002440001062811194 0.010582943250299228 -0.022072587256860909 -0.010540924272704654 0.013284548216310168 -0.027596607995939899 -0.028848507804233592 0.010206316496557771 0.0066666983908761661 0.027601044412880204 -0.023012941652897835 -0.024868409007901972 -0.016068867614740041 0.042650176151656463 -0.024601986759241665 -0.0056514423164186747 0.016031556918020665 -0.013280266069347055 0.0073200117368154823 0.032724396828557344 0.010342820547906684 -0.02902925125966304 -0.018663864532538574 0.01140345316394804 0.024734905193568021 0.025172037043748013 0.012210937810204325 -0.013056310174386824 -0.024445524550539211 0.014070105297164098 -0.025534418924943642
leaf_weight=614.77092644199729 122.9548551524058 9.3757634349167329 107.38392849406227 149.83627334935591 17.355896237771958 58.033332177437842 37.989127048291266 94.850379482842982 13.689450317993758 16.319502599537373 9.2424891637638193 107.69299557525665 3.4036304107867172 42.02465976215899 189.42269230424426 101.75930215325207 30.092034068889916 111.61400947952643 9.3085813708603364 30.527835508808494 25.255205415189266 40.476756169926375 31.74402991682291 6.5416764216497532 61.492635464295745 13.701732870191334 45.182020506355911 19.034065056592226 204.22826766269282 16.733657114207745
leaf_count=5667 665 49 786 1172 561 6058 500 1105 103 178 85 1762 46 430 1794 728 192 796 54 344 146 552 191 55 550 93 667 142 1519 244
internal_value=7.18184e-05 0.00812107 -0.000413675 0.00189958 0.00803155 -0.00232958 -0.0134177 -0.00205463 -0.00174282 0.00214347 -0.000851635 -0.00537092 0.00178577 -0.00230618 0.000500492 0.00814481 0.0071729 -0.0012908 -0.00683432 0.00957519 -0.00925875 -0.00777406 -0.00548835 -0.0122364 0.0133297 0.00922564 -0.00243589 -0.00919561 0.0109345 -0.00262594
internal_weight=2342.04 132.331 2209.71 1001.05 372.59 1208.66 141.204 128.526 628.46 111.17 1067.45 392.999 674.453 383.629 341.604 152.181 290.824 285.306 173.692 260.732 164.383 50.4221 139.128 47.0184 244.065 182.572 83.1711 32.7358 251.49 47.2615
internal_count=27234 714 26520 9571 3801 16949 7225 1844 5770 1283 9724 3735 5989 3605 3175 1381 2384 1973 1177 2192 1123 653 977 607 1957 1407 1167 235 2107 588
is_linear=0
shrinkage=0.03


Tree=180
num_leaves=31
num_cat=0
split_feature=2 33 6 23 3 12 22 12 49 3 2 10 21 19 26 32 23 37 10 26 28 2 33 17 37 34 11 34 34 28
split_gain=10.0657 11.9113 8.41752 8.39437 11.3302 10.1382 17.0683 13.7129 16.8373 13.5116 11.8195 11.8059 11.5208 11.0338 15.4834 11.3518 10.8609 10.3441 10.9423 12.2525 20.4611 12.6847 11.7579 10.0873 9.66487 9.52849 9.37275 9.3591 12.1037 9.26052
threshold=74.500000000000014 193.79124139670853 1.1500000000000001 0.31851119894598162 246.50000000000003 11.500000000000002 6.4583333333333348 29.500000000000004 83.500000000000014 172.50000000000003 175.50000000000003 92.500000000000014 1.8765642867569292 -0.53571428571428459 0.16280825711809024 0.22650000000000003 0.23154623154623152 29.000000000000004 122.50000000000001 -0.41248606129204535 0.0073900000000000016 120.50000000000001 169.7287325069216 9715.5000000000018 64.000000000000014 132.504714441922 39.500000000000007 129.76915624755091 154.7040681502564 0.0059000000000000007
decision_type=2 2 2 2 2 2 2 2 2 2 2 2 2 2 2 2 2 2 2 2 2 2 2 2 2 2 2 2 2 2
left_child=-1 2 3 4 5 10 17 25 -9 -10 12 -11 13 14 15 16 27 -7 19 21 23 26 -23 -21 -15 -8 -19 -2 -29 -13
right_child=1 -3 -4 -5 -6 6 7 8 9 11 -12 29 -14 24 -16 -17 -18 18 -20 20 -22 22 -24 -25 -26 -27 -28 28 -30 -31
leaf_value=-0.039713215719236056 -0.014596728055098143 0.013641231953965849 0.01453738332942754 -0.0076204434749980654 -0.022929444496114337 -0.027290134919648646 0.0078603883778487326 0.0056958817523871177 -0.023620639638430935 0.017288772077559692 0.018331360046064289 -0.00017970952793115895 0.024954781102720876 0.00031593894616407448 -0.020561692006556314 -0.012783547623755952 -0.0065748956849637514 -0.025064294820097671 -0.0065005130270350438 0.042178254089170204 -0.014678977789486774 -0.01438599344605699 0.029222088491617282 -7.3223836720088791e-05 0.017030070772511851 -0.030860154979822491 0.0037803770734030633 0.051797211095261697 -0.0038466367006390768 -0.03187349308800836
leaf_weight=4.9456154434010378 3.469783398788425 50.484760826453567 30.147662863135338 166.81303461547941 19.329426971729845 9.0773403472267074 6.3013712377287439 63.527927022892982 56.717221137601882 17.155132407322526 32.155898530036211 21.281821621116251 15.797100989148019 1466.0367210258264 53.57989643025212 27.375965104438365 14.695642518578095 17.217530542984605 57.053790314588696 24.929647077806298 9.660184942185877 6.9930561278015402 19.099518086761236 6.3219740190543225 30.81342033855617 37.404959584586322 22.359355668537319 11.326349539682271 4.7398955523967734 12.61101849703118
leaf_count=170 85 1171 261 2032 130 103 152 737 974 102 161 214 113 14425 3204 518 325 221 592 184 82 80 132 58 213 339 162 108 34 165
internal_value=-0.0007283 -0.000627881 -0.00095195 -0.0011674 -0.000643199 -0.000421737 -0.00478298 -0.0104052 -0.00649898 -0.0136742 0.000599154 -0.00238155 0.000237836 -1.96969e-05 -0.00892566 0.00136093 0.0127144 0.00223541 0.0040291 0.00967371 0.0223481 0.00156083 0.0174351 0.0338938 0.000671148 -0.0252267 -0.00907665 0.0268381 0.0361176 -0.012548
internal_weight=2319.42 2314.48 2263.99 2233.84 2067.03 2047.7 387.712 214.999 171.293 107.765 1659.99 51.048 1627.83 1612.04 115.188 61.6076 34.2317 172.712 163.635 106.581 40.9118 65.6695 26.0926 31.2516 1496.85 43.7063 39.5769 19.536 16.0662 33.8928
internal_count=27247 27077 25906 25645 23613 23483 4297 2683 2192 1455 19186 481 19025 18912 4274 1070 552 1614 1511 919 324 595 212 242 14638 491 383 227 142 379
is_linear=0
shrinkage=0.03


Tree=181
num_leaves=31
num_cat=0
split_feature=1 6 10 15 22 45 37 21 9 20 22 2 26 37 3 37 32 15 3 25 25 10 21 50 22 17 37 17 15 27
split_gain=10.2195 11.0294 9.62746 12.1666 9.59897 14.1351 13.6185 13.6277 13.0255 14.8272 11.2747 14.7247 15.5384 14.1954 10.0943 21.2681 16.9565 15.1627 20.6887 14.1266 12.8014 16.8688 13.8889 12.0282 11.8356 11.2753 11.0231 10.6495 10.5853 10.4122
threshold=188.21428571428575 -0.61666666666666659 270.00000000000006 649.50000000000011 5.541666666666667 5.9500000000000011 29.000000000000004 0.94187341653512191 0.8600000000000001 49.811538461538468 6.7083333333333348 165.50000000000003 -0.065403129230143228 44.000000000000007 178.50000000000003 48.500000000000007 0.14850000000000002 365.50000000000006 174.50000000000003 0.97335555334614954 -0.77259657388510627 117.50000000000001 -0.79177982956637782 123.50000000000001 3.6250000000000004 2884.5000000000005 53.500000000000007 3568.0000000000005 698.50000000000011 138.50000000000003
decision_type=2 2 2 2 2 2 2 2 2 2 2 2 2 2 2 2 2 2 2 2 2 2 2 2 2 2 2 2 2 2
left_child=1 2 3 -1 14 -6 7 -7 9 -8 11 12 13 -11 17 23 25 18 -3 -20 21 -19 -23 27 -22 -17 -24 -16 -29 -25
right_child=-2 4 -4 -5 5 6 8 -9 -10 10 -12 -13 -14 -15 15 16 -18 20 19 -21 24 22 26 29 -26 -27 -28 28 -30 -31
leaf_value=-0.01150457511259991 0.022062225478446242 -0.0086879974533556215 -0.017790695620949603 0.021090912545497591 -0.021499511312659564 0.0017998229432955083 -0.0011352327832943934 0.026825191686839861 0.015600581160907867 0.033796066367673745 -0.023880907622727592 0.028917060768250114 -0.02992939001902473 -0.022654579998685691 -0.035371236348572282 -0.0099606299633011822 -0.0067107345764301886 0.035605498978656162 -0.0057321387324891209 0.066449240446752822 -0.023786290563081246 -0.038248826762244788 -0.0083454646455262977 0.0028389010200014471 0.013888019231945561 -0.062995211624541719 0.026294621776006017 0.031686874504659991 -0.012863953920172632 0.02377998852174221
leaf_weight=25.969740583794191 17.372156526893377 88.486824009101838 58.774465716909617 15.682597908657042 29.219635758083314 54.153340304270387 1364.8626755631994 29.819942560978234 38.274944281205535 8.6007970087230188 45.958661300363019 9.3573022531345469 18.038300034124404 5.9831968620419493 8.8651617015711981 6.7812985982745868 83.96133034164086 8.181603432632981 3.9002687381580454 4.9213146641850471 6.881323284469544 10.160784572362898 38.099658343940973 47.664126204326749 226.7513784924522 7.9558263318613172 9.4862254448235017 6.3936856957152512 12.714792985469101 38.200601248070598
leaf_count=306 85 2048 585 135 1933 603 13318 316 203 65 2001 59 1121 76 103 61 769 83 87 32 70 81 314 430 1746 50 81 50 87 305
internal_value=-0.000224303 -0.000401067 -0.0100748 0.00097476 4.2147e-05 -0.0011755 -0.00078506 0.0108977 -0.00144987 -0.00190949 -0.0137787 -0.00242055 -0.0120021 0.0106691 0.0032443 -0.00202578 -0.012155 0.0060646 -0.00419174 0.0372015 0.0093991 -0.00224935 -0.00812745 0.00678568 0.0126817 -0.040775 -0.00104091 -0.0100466 0.00287721 0.0123219
internal_weight=2331.47 2314.1 100.427 41.6523 2213.68 1604.27 1575.05 83.9733 1491.08 1452.8 87.9383 41.9796 32.6223 14.584 609.406 212.537 98.6985 396.869 97.3084 8.82158 299.561 65.9283 57.7467 113.838 233.633 14.7371 47.5859 27.9736 19.1085 85.8647
internal_count=27203 27118 1026 441 26092 19695 17762 919 16843 16640 3322 1321 1262 141 6397 1855 880 4542 2167 119 2375 559 476 975 1816 111 395 240 137 735
is_linear=0
shrinkage=0.03


Tree=182
num_leaves=31
num_cat=0
split_feature=21 16 23 47 1 25 47 4 25 39 23 30 23 15 25 17 49 29 49 34 34 1 30 23 18 33 27 33 17 14
split_gain=12.4635 9.93001 9.27708 11.9758 13.3948 12.38 9.99962 8.75901 16.1139 16.5303 19.6173 13.8883 13.6302 13.3023 11.2441 11.5677 10.9797 10.4732 10.3603 11.4325 9.29763 9.12236 14.1124 12.8966 13.918 12.6491 13.9486 11.325 11.4552 11.1333
threshold=-1.5667040502015588 4750.0000000000009 0.24371464487743558 113.00000000000001 168.6428571428572 0.63405362205439475 141.50000000000003 5.1228117184267985 0.93540483100319627 82.450000000000017 0.23956521739130437 79.40000000000002 0.21846590909090907 584.50000000000011 0.84874750804349208 9268.5000000000018 74.000000000000014 1.2880000000000003 113.50000000000001 118.49908119814522 133.97021393997559 124.07142857142858 75.100000000000009 0.27092233009708738 65.071428571428584 189.68797671968693 219.00000000000003 127.00681761060864 11500.500000000002 298.50000000000006
decision_type=2 2 2 2 2 2 2 2 2 2 2 2 2 2 2 2 2 2 2 2 2 2 2 2 2 2 2 2 2 2
left_child=2 7 6 4 -4 -5 -1 8 11 10 20 14 17 18 15 -2 -15 -13 19 -14 -10 22 -9 27 -25 -23 -27 28 -24 -26
right_child=1 -3 3 5 -6 -7 -8 21 9 -11 -12 12 13 16 -16 -17 -18 -19 -20 -21 -22 25 23 24 29 26 -28 -29 -30 -31
leaf_value=0.0070412072787642685 0.0088371170283853082 0.031307509210034223 0.01159407106058208 0.039577508524043549 -0.039437642609593676 0.0014487660342542802 -0.018707474103725818 -0.029680081249380846 0.0099402306033762947 -0.0099039286477217957 -0.01246613173316735 -0.0063642844218643642 0.066942781367060625 -0.030453284757159135 -0.019119430506118799 -0.017263683095629818 0.011963217298771639 0.031880928729253452 -0.015924080141041158 0.025412053507433398 0.063608911558455689 -0.0010318464002892556 -0.0068394101300034349 -0.021828560650181707 0.024349716389292574 0.025347515090409421 -0.017064907187032637 -0.019765710303659312 0.024822167698259161 0.00093401314396300962
leaf_weight=64.125774485291913 82.676431130850688 7.8210913753136984 24.842237771023068 24.924283306114376 4.6428265618160358 10.991641550324855 16.155377009883523 20.77970569091849 5.3622381878085452 111.9123604753986 10.040166406193746 40.100438330788165 6.3922286205925039 5.3177463654428712 22.026850651251152 17.733284398447722 42.530407479032874 6.6425396101549259 3.9809641190804532 53.485913605894893 6.6968798376619816 1429.2583902946208 96.831799116916955 14.248677525436504 27.84907287848182 30.455759041942656 8.2035074569284898 60.053668722510338 10.508019399363546 50.087783731054515
leaf_count=784 1080 58 268 209 30 147 137 863 119 1414 266 503 74 37 310 200 369 54 51 561 56 14666 1786 616 457 817 63 566 126 519
internal_value=0.000113349 -0.000458285 0.00857704 0.0168743 0.00252835 0.028264 0.00169326 -0.000587549 0.00332606 -0.00520749 0.0179748 0.00740146 0.0132366 0.0188853 -0.000196112 0.00410269 0.00672221 -0.000375419 0.0277546 0.0308724 0.042333 -0.00151769 -0.00646621 -0.00450113 0.00447845 -0.000568812 0.0161442 -0.00944352 -0.0035394 0.00950359
internal_weight=2316.68 2171 145.682 65.401 29.4851 35.9159 80.2812 2163.17 414.898 134.012 22.0993 280.887 158.45 111.707 122.437 100.41 47.8482 46.743 63.8591 59.8781 12.0591 1748.28 280.359 259.579 92.1855 1467.92 38.6593 167.393 107.34 77.9369
internal_count=27206 25631 1575 654 298 356 921 25573 5094 1855 441 3239 1649 1092 1590 1280 406 557 686 635 175 20479 4933 4070 1592 15546 880 2478 1912 976
is_linear=0
shrinkage=0.03


Tree=183
num_leaves=31
num_cat=0
split_feature=33 10 49 1 6 13 6 50 3 11 33 10 48 38 49 0 26 20 1 28 26 38 50 15 46 26 1 38 1 15
split_gain=9.94325 12.7069 7.9825 7.36733 7.50689 7.17299 14.251 12.7649 12.5618 18.7652 14.3178 13.913 11.838 10.3851 10.7723 9.22335 8.75189 15.1625 15.7888 12.6013 9.72733 13.6166 15.5863 15.5538 13.5942 17.8221 14.5008 13.341 26.4053 17.9744
threshold=215.59979381006005 7.5000000000000009 84.500000000000014 188.21428571428575 -0.58333333333333315 2.8526220614828222 1.0833333333333337 115.50000000000001 166.50000000000003 32.500000000000007 155.46122641397309 42.500000000000007 197.50000000000003 26.850000000000005 86.500000000000014 154.50000000000003 -0.13052619222005143 48.426923076923082 170.07142857142858 0.0025350000000000004 -0.97335555334614932 22.700000000000006 157.00000000000003 574.50000000000011 131.50000000000003 -0.41248606129204535 175.6428571428572 30.250000000000004 133.78571428571431 938.50000000000011
decision_type=2 2 2 2 2 2 2 2 2 2 2 2 2 2 2 2 2 2 2 2 2 2 2 2 2 2 2 2 2 2
left_child=1 2 -1 4 -3 6 16 12 11 10 13 15 -7 -10 -15 -9 20 19 -19 -18 21 23 -23 -6 27 26 -26 28 -22 -29
right_child=-2 3 -4 -5 5 7 -8 8 9 -11 -12 -13 -14 14 -16 -17 17 18 -20 -21 24 22 -24 -25 25 -27 -28 29 -30 -31
leaf_value=0.00080875883799429876 0.026090366873645274 -0.0071296447134980524 -0.028051997096908782 0.018946215225254425 -0.0033387761117139028 -0.0008801539798272887 0.027864487245071835 -0.0083290811411154304 -0.0058958825545563582 0.02144658374588795 -0.0077601623427609187 -0.022123986589506026 0.024383649705767004 0.050301219701592223 -0.0050605078269345205 0.017038220520388486 0.029222603440170053 -0.017633467326675294 0.0051015727488090854 -0.0001544350826019067 0.0074272602512877907 -0.0066792714731583134 0.032035126276399289 0.032577311569430431 0.023189848780748645 0.0019305071810679774 -0.016931772167468644 0.01716581327630419 -0.0079101300106867601 -0.022792687878508709
leaf_weight=13.473753217607735 12.048115718178449 125.90742829116061 22.700531314127147 17.541563089936972 23.04187656706199 44.953582679852843 16.922465479001403 72.091900317929685 10.047395749250429 28.946697158738971 147.80524421622977 66.231202870141715 25.489848108962178 9.11987731233239 4.3542252047918728 14.698610125109552 12.444991080090402 90.142883856315166 38.826322021428496 581.60044633131474 198.99465539911762 213.68617582088336 8.8040817491710168 19.234820970799774 95.169477416202426 95.391051821410656 8.1449620202183706 80.906710850074887 203.15181845193729 10.684140980243681
leaf_count=124 621 1294 208 85 208 494 148 769 219 313 1191 1614 196 70 65 142 89 4855 289 6987 2073 1436 50 161 665 531 57 485 1656 53
internal_value=-2.42723e-05 -0.000172315 -0.0175697 0.000113253 -4.21464e-05 0.000381768 0.00125373 -0.00310531 -0.00543169 -0.000475401 -0.00428221 -0.0118732 0.00847486 0.0169979 0.0332972 -0.0038878 0.000969302 -0.00152078 -0.0108025 0.000509077 0.00284977 -0.00203542 -0.00501083 0.0133773 0.00471795 0.0113237 0.0198948 0.00204195 -0.000321112 0.0123088
internal_weight=2312.56 2300.51 36.1743 2264.33 2246.79 2120.89 1697.15 423.739 353.295 200.273 171.327 153.022 70.4434 23.5215 13.4741 86.7905 1680.22 723.015 128.969 594.045 957.21 264.767 222.49 42.2767 692.443 198.705 103.314 493.737 402.146 91.5909
internal_count=27148 26527 332 26195 26110 24816 19743 5073 4383 1858 1545 2525 690 354 135 911 19595 12220 5144 7076 7375 1855 1486 369 5520 1253 722 4267 3729 538
is_linear=0
shrinkage=0.03


Tree=184
num_leaves=31
num_cat=0
split_feature=2 25 25 1 23 45 24 22 22 21 21 16 40 35 38 21 21 21 38 21 38 40 2 23 23 49 50 29 31 25
split_gain=9.84416 10.4322 22.3747 13.6316 12.751 14.9945 12.6388 12.9424 19.5615 20.5092 19.848 15.8688 16.1155 15.3655 13.9936 13.3558 15.3397 22.9755 13.5054 12.8522 20.1034 12.8365 18.0533 14.3715 12.6107 12.444 14.9849 12.3715 12.4286 12.0294
threshold=74.500000000000014 0.097964660725097311 0.58216583101416142 176.6428571428572 0.31914251207729472 6.9500000000000011 0.21563498982853821 7.041666666666667 7.8750000000000009 -0.81849844750215717 -0.4889132683607314 423.50000000000006 7.7000000000000002 198.49011541068157 22.550000000000004 0.88397546135357186 -0.070265295633763686 -0.10617880772227219 30.250000000000004 0.44034919528348271 27.850000000000005 6.9000000000000012 132.50000000000003 0.14635113696456897 0.28117647058823536 90.500000000000014 148.50000000000003 1.3360000000000003 0.076500000000000012 0.95642797789208711
decision_type=2 2 2 2 2 2 2 2 2 2 2 2 2 2 2 2 2 2 2 2 2 2 2 2 2 2 2 2 2 2
left_child=-1 -2 3 27 6 -6 7 11 9 -9 -11 15 21 14 -10 16 17 -4 -17 20 -8 23 -23 -13 -12 -21 -27 -3 -29 -16
right_child=1 2 4 -5 5 -7 19 8 13 10 24 12 -14 -15 29 18 -18 -19 -20 25 -22 22 -24 -25 -26 26 -28 28 -30 -31
leaf_value=-0.038504378573022913 0.0018732625879288149 -0.01968294083866453 -0.0017180712999042369 0.00084815975742390574 -0.037269626174950145 -0.0030172399877250811 0.035063507382278987 -0.038196100853109441 -0.029910403829490884 0.030244270712545047 -0.01738682908423244 -0.030679523989906435 0.021811791391827175 -0.037299950513085017 0.022461940042305582 0.00016320813012359869 -0.016729951095303633 0.07344253052802148 0.048428538190198926 0.010713837137189453 0.00023981272474920244 -0.02544486784042652 0.026890495141126979 0.0091192384062089189 0.016594396847665591 -0.04002705721444693 0.027758876807043906 -0.017454770187212656 0.025894041961839927 -0.0074399961120798115
leaf_weight=4.9465848766267291 1331.7713353687432 122.26028288714588 101.13636602694169 61.510107963345945 16.02508281217888 36.079499403014779 32.901880997698754 24.821561853168532 6.2708337479270986 9.9888204641174507 70.044887993717566 7.6802441496402016 54.413149601779878 5.931165672838687 43.001675420673564 14.054591886466371 75.148789750412107 2.7966291909106067 7.3049017139710477 23.347677382640541 26.671397199388593 24.930584102403376 6.8046148698776951 145.97277923673391 10.595483500976114 10.845114214811472 3.113436652114614 10.814225932117553 11.042055926285682 16.137592621846125
leaf_count=178 12322 3644 1818 366 369 396 443 361 213 125 1153 59 391 39 485 412 1504 47 124 338 267 214 38 986 174 188 48 206 142 242
internal_value=4.52163e-05 0.000144245 -0.00220099 -0.0109739 0.000134765 -0.0140552 0.00117409 -0.00039036 -0.00698595 -0.0145706 -0.00775382 0.0024176 0.00761085 0.00531997 0.00968807 -0.00380239 -0.00650043 0.000984976 0.0180975 0.0112002 0.019734 0.00334809 -0.0137445 0.00694441 -0.0127734 -0.00258662 -0.0240625 -0.0159907 0.0046203 0.0143144
internal_weight=2318.36 2313.42 981.645 205.627 776.019 52.1046 723.914 627.035 186.792 115.451 90.6292 440.243 239.801 71.3413 65.4101 200.441 179.082 103.933 21.3595 96.8795 59.5733 185.388 31.7352 153.653 80.6404 37.3062 13.9586 144.117 21.8563 59.1393
internal_count=27292 27114 14792 4358 10434 765 9669 8385 2792 1813 1452 5593 1688 979 940 3905 3369 1865 536 1284 710 1297 252 1045 1327 574 236 3992 348 727
is_linear=0
shrinkage=0.03


Tree=185
num_leaves=31
num_cat=0
split_feature=2 16 5 24 39 25 37 37 3 24 21 26 46 25 30 21 49 21 20 37 1 28 16 47 2 23 26 4 0 24
split_gain=10.2315 9.55172 9.32971 8.69467 19.2763 15.7273 21.4028 14.5249 10.8961 12.1489 10.3843 10.3015 9.88209 9.69393 12.8852 9.35183 11.2974 9.39298 8.34712 12.875 13.866 15.5615 14.5466 14.0332 12.398 16.4198 14.7059 14.5569 13.0769 11.2414
threshold=74.500000000000014 4750.0000000000009 1.4333333333333333 0.21563498982853821 93.65000000000002 0.81241147629689026 39.500000000000007 55.500000000000007 202.50000000000003 0.21947915098600027 -1.0000000180025095e-35 0.47114434510950071 133.00000000000003 -0.4124860612920454 87.200000000000017 0.70602231031921592 97.500000000000014 0.1269052216909998 39.242307692307705 35.500000000000007 157.6428571428572 0.007255000000000001 1080.5000000000002 98.000000000000014 115.50000000000001 0.1437177280550774 -0.98611507088852035 6.3334034882292798 166.50000000000003 0.19777533308886444
decision_type=2 2 2 2 2 2 2 2 2 2 2 2 2 2 2 2 2 2 2 2 2 2 2 2 2 2 2 2 2 2
left_child=-1 2 3 18 5 8 -7 12 -5 -10 -9 15 -8 -13 -15 17 -17 -6 19 -2 23 -22 -23 -21 27 26 -26 -20 -29 -27
right_child=1 -3 -4 4 11 6 7 10 9 -11 -12 13 -14 14 -16 16 -18 -19 24 20 21 22 -24 -25 25 29 -28 28 -30 -31
leaf_value=-0.03882196765226998 0.021203509662962562 0.030347750742099652 0.015681795040878254 -0.01103984697754775 0.0044300879816430465 0.05379785688477786 -0.037217177100580631 -0.0033375888820564759 0.037236633239642131 -0.0097912357062365125 0.048270024954312575 0.044181818425919041 0.0063196242493676518 -0.013246485609608043 0.040581315495205675 0.005413043303646497 -0.031546562644402004 0.024532939906386962 0.00022011363890739284 0.01072701672140644 -0.0076114231463153791 -0.0096782324921041683 0.019786671563812204 0.00037426844551582218 -0.028072614325070688 0.0020289864475934844 0.027015443640240489 -0.019136033370382409 0.0099440867267595479 -0.0059004849107564244
leaf_weight=5.1220630577299735 25.893613377586007 8.3041835110634548 32.186925018206239 113.73307327786461 47.646453991997987 8.2910340302623791 8.501111950958153 6.2760514859110117 8.6741992244496942 9.443766366224736 6.6253571873530728 14.708013551309707 8.7815063823945803 8.8134969049133343 5.841727419756352 26.451440471224487 9.2427068045362812 37.075714102014899 84.801758394110948 150.36363282706589 287.87278661970049 23.366683223750442 39.176052963361144 532.38614164898172 4.283048288896679 294.90054437029175 28.434796116081998 115.61415657703765 15.177921669557689 352.09973682067357
leaf_count=189 206 64 437 1456 369 87 171 86 60 83 81 136 86 274 57 292 83 318 2043 1490 2215 226 284 5168 22 3673 327 2447 109 4703
internal_value=-9.00326e-05 1.23909e-05 -0.000109923 -0.00034019 0.00423516 -0.00266637 0.0139795 0.0016676 -0.0075924 0.013494 0.0247307 0.0120491 -0.0159599 0.0277197 0.00943148 0.00803097 -0.00475625 0.013411 -0.00109137 0.000711224 0.000177632 -0.00466573 0.00879918 0.00266663 -0.00322206 -0.0012284 0.0191852 -0.0094729 -0.0157115 -0.0022887
internal_weight=2320.09 2314.97 2306.66 2274.48 320.106 170.326 38.4751 30.184 131.851 18.118 12.9014 149.78 17.2826 29.3632 14.6552 120.416 35.6941 84.7222 1954.37 1059.06 1033.17 350.416 62.5427 682.75 895.312 679.718 32.7178 215.594 130.792 647
internal_count=27242 27053 26989 26552 3639 2110 511 424 1599 143 167 1529 257 467 331 1062 375 687 22913 9589 9383 2725 510 6658 13324 8725 349 4599 2556 8376
is_linear=0
shrinkage=0.03


Tree=186
num_leaves=31
num_cat=0
split_feature=29 14 10 40 27 34 6 24 1 25 5 10 38 14 27 25 18 49 35 15 35 15 30 26 18 36 28 37 38 26
split_gain=8.79361 12.2832 12.3292 12.1115 11.688 10.85 10.7571 13.1003 12.3475 11.624 10.1843 10.0799 9.94283 9.34082 12.0943 13.4164 10.7716 9.36888 9.2719 9.25068 14.3788 13.4105 25.7786 16.8279 15.0982 12.6745 11.2608 11.1947 10.2574 12.0822
threshold=1.0285000000000002 394.50000000000006 270.00000000000006 2.0500000000000003 159.00000000000003 158.06036107130726 -0.21666666666666665 0.18533094812164577 178.21428571428575 0.9946518923062071 0.50000000000000011 97.500000000000014 22.400000000000002 278.50000000000006 117.50000000000001 -0.32143946530316142 69.928571428571445 94.500000000000014 203.4464766350801 598.50000000000011 199.75637935897683 315.50000000000006 86.15000000000002 0.097964660725097366 60.928571428571431 0.45747500000000002 0.0055800000000000008 50.500000000000007 26.100000000000005 0.63405362205439464
decision_type=2 2 2 2 2 2 2 2 2 2 2 2 2 2 2 2 2 2 2 2 2 2 2 2 2 2 2 2 2 2
left_child=1 2 3 -1 -3 10 18 11 9 19 -4 -8 13 14 -5 16 -16 -15 -2 21 28 22 23 26 -24 -23 -9 -27 -21 -30
right_child=6 4 5 12 -6 -7 7 8 -10 -11 -12 -13 -14 17 15 -17 -18 -19 -20 20 -22 25 24 -25 -26 27 -28 -29 29 -31
leaf_value=-0.029058570792975913 -0.00031675145785909573 0.0025384105908854916 -0.004679140202430764 -0.028732794298489611 0.03285557439787596 0.013025068316581312 0.038708158740722171 -0.016769531657860565 0.023199402987013694 -0.015482893911790562 0.0088835306229727053 0.010393699697152779 -0.011983273031264617 0.032574395779192085 0.03728244466669671 -0.016843792182632576 -0.01456956555368737 -0.0063940078011503918 -0.016273307477126908 -0.011370302006951299 0.018616296832317525 0.012569680041165359 0.069573942013739745 -0.026506958807324021 0.011232919503989783 0.013924096628968749 0.011846243742653077 -0.021710009257334798 -0.0017411161924284248 0.020230760461632222
leaf_weight=25.040602082852274 537.50823963643052 206.49804562749341 331.39926258591004 13.028052643639965 11.134530057199298 43.248854188248515 12.43694793153554 19.722535816952586 24.590048622339964 31.752581355627626 57.669189577922225 82.485722620971501 127.26992151373997 13.48964693117887 11.526991596445443 13.007338243536649 4.4328929521143428 8.5430735507979971 33.905632591806352 86.975453374907374 30.395045887678862 219.02251463104039 3.6822725175879887 35.564224928850308 31.713715287391096 12.314123131334783 29.730892269872129 18.914540026336908 202.31990525964648 24.331885416060686
leaf_count=357 4940 2512 6184 402 76 266 138 151 130 493 740 794 1953 144 97 216 46 178 342 711 569 1698 89 1694 392 68 205 112 1303 176
internal_value=0.000464848 -0.00192133 -0.00398942 -0.00981852 0.00423268 -0.00105652 0.00190332 0.00400976 0.00270511 0.00199983 -0.00265121 0.0144684 -0.00716201 0.00245822 -0.00584064 0.00507038 0.0228706 0.017843 -0.00129033 0.00279711 -0.000745947 0.00607865 -0.00213677 -0.0110753 0.019047 0.0100245 0.000327796 -0.00766267 -0.00267564 0.00069615
internal_weight=2303.65 866.288 648.656 216.339 217.633 432.317 1437.37 865.952 771.03 746.44 389.068 94.9227 191.298 64.028 41.9953 28.9672 15.9599 22.0327 571.414 714.687 344.022 370.665 120.414 85.0177 35.396 250.251 49.4534 31.2287 313.627 226.652
internal_count=27176 13171 10583 3393 2588 7190 14005 8723 7791 7661 6924 932 3036 1083 761 359 143 322 5282 7168 2759 4409 2531 2050 481 1878 356 180 2190 1479
is_linear=0
shrinkage=0.03


Tree=187
num_leaves=31
num_cat=0
split_feature=6 25 21 21 46 26 30 1 3 21 2 17 21 39 26 27 21 17 36 20 25 20 21 10 26 1 16 28 40 28
split_gain=9.76349 8.73761 12.0125 14.0884 13.6915 13.6438 22.1345 21.5217 15.5095 15.7381 13.5931 13.2412 24.0198 18.6932 15.7099 12.6254 23.0189 12.9549 16.9596 13.3075 11.1258 16.2112 14.4244 12.5694 12.2452 16.0637 13.9813 12.9952 16.556 14.704
threshold=1.3166666666666669 1.0000000180025095e-35 0.68304079393161821 0.84893189831708271 146.00000000000003 0.16280825711809024 80.100000000000009 167.07142857142858 190.50000000000003 -0.74026719330855129 138.50000000000003 1237.5000000000002 1.1969363805439979 89.90000000000002 0.097964660725097366 128.50000000000003 0.36601111402300007 3916.5000000000005 0.04626750000000001 33.850000000000001 -0.72947329433276231 34.657692307692322 0.45641419620367929 187.50000000000003 -0.3520614488341256 183.92857142857147 1194.5000000000002 0.006895000000000001 6.9000000000000012 0.0038200000000000005
decision_type=2 2 2 2 2 2 2 2 2 2 2 2 2 2 2 2 2 2 2 2 2 2 2 2 2 2 2 2 2 2
left_child=1 20 4 -4 5 6 8 -7 15 -10 -6 12 13 -5 -15 -3 17 18 19 -17 22 -22 -1 -23 25 -24 -26 29 -29 -28
right_child=-2 2 3 11 10 7 -8 -9 9 -11 -12 -13 -14 14 -16 16 -18 -19 -20 -21 21 23 24 -25 26 -27 27 28 -30 -31
leaf_value=-0.0044453679515982373 0.021485632603082932 -0.0016255476074948367 -0.01720492417992486 0.0041688458121477015 -0.02076427109667588 -0.028696588229237267 -0.0058827538067640203 -0.00022135622736635941 0.019497528645843473 -0.029917582601204869 0.013228341634526221 -0.012117532868534285 -0.011288310710814356 0.06197173496201093 -0.0010029894295631107 -0.0038688989754099173 -0.012255426465609244 -0.010161700006806357 0.014896696975253547 0.054661689306376833 0.012953840921101233 -0.0073540174836892605 -0.021833319697312781 0.0045818205549379232 0.014985532423662113 0.0307316369213314 0.024429406978916903 0.055594693978501822 -0.003355405388685854 -0.011394744966250599
leaf_weight=450.95690227299929 17.308305053040385 87.888010124210268 96.178607332520187 24.351359884021804 11.045790491160004 41.502947551896796 331.76475242245942 54.579998789355159 7.3407565932720926 19.187725817784667 91.923677690327168 67.500997046008706 37.731185660464689 12.004589000716807 4.8683775884564957 4.1578537914901998 28.175498420372605 13.731942256912587 112.51005634386092 17.436037261970341 145.61023761541583 109.05940271681175 26.691989708226174 284.24338532797992 105.27597892656922 5.530442737042903 11.198942851275204 6.6674508024007109 9.4866928961127979 66.828400552272797
leaf_count=3873 229 1611 1502 566 137 4210 2836 576 53 158 641 768 812 108 243 42 251 104 697 246 1493 1544 355 2319 944 26 89 93 149 539
internal_value=-0.000335317 -0.000509899 -0.00249638 -0.00834652 -0.000759922 -0.00222995 -0.000596852 -0.0126901 0.00544086 -0.0160323 0.00941723 -0.00245195 0.0058596 0.0214501 0.0447621 0.00765182 0.0122673 0.016992 0.0198271 0.0437193 0.00122081 0.00443909 -0.00132266 0.00126186 0.00474856 -0.012158 0.00752683 -0.000880338 0.0227981 -0.00600899
internal_weight=2302.74 2285.43 1063.88 242.635 821.245 718.276 622.193 96.0829 290.428 26.5285 102.969 146.457 78.9555 41.2243 16.873 263.899 176.011 147.836 134.104 21.5939 1221.55 538.913 682.637 393.303 231.68 32.2224 199.457 94.1815 16.1541 78.0273
internal_count=27214 26985 15561 3999 11562 10784 5998 4786 3162 211 778 2497 1729 917 351 2951 1340 1089 985 288 11424 5356 6068 3863 2195 381 1814 870 242 628
is_linear=0
shrinkage=0.03


Tree=188
num_leaves=31
num_cat=0
split_feature=6 38 2 22 45 7 18 36 12 13 42 50 23 3 25 3 23 18 26 15 49 13 50 35 34 26 40 21 21 21
split_gain=8.28417 9.19716 8.17911 7.57882 16.9726 14.0782 11.64 10.3792 9.55197 9.04633 19.4241 11.8664 10.4008 10.4082 11.0324 10.3302 10.3268 18.1442 17.3855 9.83855 10.2115 9.81449 11.4524 10.4284 9.51231 9.16403 9.0979 8.92488 22.2038 15.2444
threshold=1.1500000000000001 24.850000000000005 175.50000000000003 5.6250000000000009 6.1500000000000012 -0.62499999999999989 59.642857142857153 0.39297500000000002 109.50000000000001 1.0000000180025095e-35 1.5000000000000002 108.50000000000001 0.29128787878787882 125.50000000000001 1.0000000180025095e-35 170.50000000000003 0.2797849462365592 67.357142857142875 -0.68322629814330815 548.50000000000011 97.500000000000014 24.971504347615468 157.00000000000003 149.00016186883178 137.52305127253263 -0.88144907265856332 1.8 0.93866780261644267 0.7501204755312324 1.1969363805439979
decision_type=2 2 2 2 2 2 2 2 2 2 2 2 2 2 2 2 2 2 2 2 2 2 2 2 2 2 2 2 2 2
left_child=2 -2 3 5 7 -1 -6 -5 9 12 11 -11 16 14 -14 19 27 -18 -19 20 24 22 23 -17 -13 -26 -15 28 -8 -29
right_child=1 -3 -4 4 6 -7 8 -9 -10 10 -12 15 13 26 -16 21 17 18 -20 -21 -22 -23 -24 -25 25 -27 -28 29 -30 -31
leaf_value=-0.029403188431740824 -0.0028578298560087618 0.028316461995327825 0.011245281975701377 -0.029044439143372819 -0.014331394946236477 0.0026835555213664112 0.00082105317875550495 0.013300291894730936 0.030087549707192667 0.013898764300394124 0.020312743113712818 -0.0227931856740008 0.039740658039171949 0.027632872432400962 -0.017637584831305713 0.022013312174736618 -0.016327606712359569 -0.0045182822964237677 0.028206249314756925 -0.019387458487630675 -0.0239624686611856 0.0089939430217121589 0.034122009607711182 -0.012012636109790985 -0.021537829648038069 0.021025078398576542 -0.0082205655709889497 0.024177318965927064 -0.022259141519013974 0.00085575407521048196
leaf_weight=11.55098858149722 15.039432731457053 18.147295433096588 52.37791439332068 29.588307542959228 58.211623400682583 642.2559691183269 652.12099914462306 5.6667174864560357 7.9775828616693607 22.035717689897865 24.310091046616435 7.4258894124068311 7.8495913185179216 5.6214217334054402 3.864613744430244 7.8491210737265638 15.934362393571062 20.502838119398803 47.786480669863522 101.61783169116825 13.891680851113049 42.879744214005768 4.7023126143030813 107.97720544412732 4.7310793548822394 23.62192173302174 198.59216105053201 36.648192461580038 38.800349398283288 76.681429295102134
leaf_count=111 127 279 266 2232 1815 6932 6395 187 147 226 249 242 49 58 102 127 350 175 454 1397 166 443 36 868 51 218 1884 369 450 823
internal_value=-0.000139488 0.0145187 -0.000359787 -0.000638445 -0.00177028 0.00207263 -0.00128919 -0.022059 -0.00076455 -0.000952905 -0.00506831 -0.00695539 0.000395839 -0.00549447 0.0209127 -0.00845504 0.00183194 0.0117623 0.0184578 -0.0140795 -0.0030521 -0.00319375 -0.00756802 -0.00953813 0.00549745 0.0134311 -0.00710378 0.000778681 -0.000505367 0.00854292
internal_weight=2306.26 33.1867 2273.07 2220.7 1566.89 653.807 1531.63 35.255 1473.42 1465.45 361.043 336.733 1104.4 215.928 11.7142 314.697 888.475 84.2237 68.2893 151.288 49.6706 163.408 120.529 115.826 35.7789 28.353 204.214 804.251 690.921 113.33
internal_count=27228 406 26822 26556 19513 7043 17094 2419 15279 15132 4023 3774 11109 2093 151 3548 9016 979 629 2074 677 1474 1031 995 511 269 1942 8037 6845 1192
is_linear=0
shrinkage=0.03


Tree=189
num_leaves=31
num_cat=0
split_feature=9 4 23 46 37 20 30 25 24 28 23 28 35 20 22 33 12 31 6 12 28 18 40 2 6 19 22 29 2 26
split_gain=8.99083 10.1584 15.0483 13.5024 17.8641 16.3663 15.5929 13.0546 12.9744 11.1695 10.736 9.03814 8.14493 9.62124 10.2563 7.97541 9.18808 12.5977 11.2515 9.71234 9.58233 10.9062 8.89928 14.2713 8.76012 8.54037 7.87062 7.84829 7.63179 7.15627
threshold=0.90000000000000013 5.1228117184267985 0.3467611336032389 118.50000000000001 41.000000000000007 39.319230769230778 85.100000000000009 0.88144907265856365 0.18786764705882353 0.0060300000000000015 0.17316341829085458 0.0029650000000000006 155.79538612185709 44.426923076923082 6.4583333333333348 191.81505566045851 62.500000000000007 0.10500000000000001 0.88333333333333341 108.50000000000001 0.0061250000000000011 75.071428571428584 5.1500000000000012 109.50000000000001 -0.21666666666666665 7.607142857142855 6.541666666666667 0.87150000000000005 149.50000000000003 0.93540483100319627
decision_type=2 2 2 2 2 2 2 2 2 2 2 2 2 2 2 2 2 2 2 2 2 2 2 2 2 2 2 2 2 2
left_child=1 2 3 4 8 7 -6 -5 -1 10 -7 -12 13 -11 -15 16 18 19 -3 20 21 -18 -20 -24 25 -17 -21 -10 -4 -2
right_child=29 15 28 5 6 9 -8 -9 27 12 11 -13 -14 14 -16 24 17 -19 22 26 -22 -23 23 -25 -26 -27 -28 -29 -30 -31
leaf_value=0.057333037027162671 0.018320638799288188 -0.0013556924109361236 -0.03196790066090445 0.022910490077350541 -0.013927480143709895 0.034175762103377021 0.019180069593935666 0.0020729039430307503 -0.019859049846657838 -0.023408007586372452 0.021944514646076285 -0.016986754052049427 0.012592160079751507 -0.015054523402436062 0.027722810167616518 -0.033128805020801379 -0.0032507966761760715 -0.027901419419386571 0.026292353131128834 0.046251848986818993 -0.015339222327497896 0.036648357890479016 -0.026281223028186976 0.019597201196691113 0.017821802525152825 0.024203787729151632 -0.0090475890748202212 0.018380789043980019 0.011791474622387449 -0.0068034591267540443
leaf_weight=5.0344391432590809 40.017725899815559 1589.5027548964135 14.225640339544045 88.308039417024702 84.783128399401903 3.8651931509375563 14.151451581623403 39.127321738749743 6.016882007475945 13.552937890402971 5.2030125111341468 45.297108350554481 82.531557753216475 8.2634408152662235 10.274137045722453 5.9270817684009653 36.376261785859242 24.958241808693856 23.046183648519218 4.8379476452246291 55.515041667036712 6.3941245945170513 9.5824622120708245 13.413872508332132 35.248795029707253 2.6668876716867089 3.3752034408971667 14.831233941484241 4.1143145104870191 12.992117464542387
leaf_count=88 215 18475 176 712 1461 38 229 253 319 149 33 695 627 239 258 67 391 387 189 51 789 46 76 114 884 63 49 167 28 65
internal_value=5.52038e-05 -0.00023499 0.00385074 0.00502792 -0.00323106 0.00850476 -0.00904729 0.0165785 0.0185107 0.00235451 -0.00874273 -0.0126275 0.00764803 -0.00506372 0.00885955 -0.00122837 -0.00154463 -0.00914455 -0.000928572 -0.00453016 -0.0072258 0.00341509 0.0135321 0.000181341 0.0112679 -0.0146689 0.0250111 0.00694073 -0.022049 0.012151
internal_weight=2303.43 2250.42 439.58 421.24 124.817 296.423 98.9346 127.435 25.8826 168.987 54.3653 50.5001 114.622 32.0905 18.5376 1810.84 1767 131.457 1635.55 106.499 98.2854 42.7704 46.0425 22.9963 43.8428 8.59397 8.21315 20.8481 18.34 53.0098
internal_count=27333 27053 5472 5268 2264 3004 1690 965 574 2039 766 728 1273 646 497 21581 20567 1713 18854 1326 1226 437 379 190 1014 130 100 486 204 280
is_linear=0
shrinkage=0.03


Tree=190
num_leaves=31
num_cat=0
split_feature=46 22 22 33 16 25 25 26 0 22 23 40 18 26 1 23 24 36 21 3 29 33 22 49 22 24 22 23 20 2
split_gain=9.91446 8.3103 8.09649 7.7425 7.2487 7.10973 12.072 16.0865 15.3275 12.9786 12.382 23.3976 19.2265 25.5135 18.2626 17.538 15.2615 13.212 17.5186 18.2361 13.4607 12.54 12.3091 12.1536 12.4288 14.9543 11.7164 21.5038 16.6456 12.7104
threshold=157.00000000000003 3.6250000000000004 3.7083333333333335 205.60855771946493 4470.5000000000009 0.097964660725097311 0.68322629814330826 -0.44228869021900113 166.50000000000003 7.9583333333333348 0.23154623154623152 12.550000000000002 69.928571428571445 0.16280825711809024 176.35714285714286 0.22996794871794868 0.21563498982853821 0.29847499999999999 0.52771068065820848 146.50000000000003 1.2435000000000003 115.89816460864539 8.1250000000000018 113.50000000000001 7.1250000000000009 0.21680376028202111 8.0416666666666696 0.23745594898472897 36.750000000000007 105.50000000000001
decision_type=2 2 2 2 2 2 2 2 2 2 2 2 2 2 2 2 2 2 2 2 2 2 2 2 2 2 2 2 2 2
left_child=1 -1 -3 4 5 26 8 9 -7 23 11 12 13 15 -15 22 -14 -12 19 21 -20 -19 -9 24 -8 -26 -4 29 -29 -28
right_child=-2 2 3 -5 -6 6 7 10 -10 -11 17 -13 16 14 -16 -17 -18 18 20 -21 -22 -23 -24 -25 25 -27 27 28 -30 -31
leaf_value=-0.022273814336873598 0.010026486270484452 0.027963319263068252 0.0018917972242940117 0.020225055702766372 0.021194593016339931 -0.015323493197942684 0.010345768906305119 0.020152024465020627 -6.8119812762971877e-05 0.029721520874087456 -0.015086042347422378 -0.03229242146358545 -0.012213568987530231 -0.027608375189948024 0.028802523390706554 0.070111003964117832 0.028781740014069846 -0.013615319634729379 -0.028526021766169876 -0.0052583907584027451 0.012121792475814529 0.030516717490871512 -0.028892906460092897 -0.0263964977497466 -0.019637527316203773 0.023260863996762103 0.037690343802367354 -0.0037163782062785583 -0.03802780751775748 -0.0016806287758044782
leaf_weight=14.100089306943117 89.692303085699677 8.3180806799791736 1184.0921340684872 15.803023279644547 13.136192607693372 126.06696041231044 134.21663866378367 71.695893273223191 111.11826141085476 18.93360061198473 119.27909138146788 15.219825516454874 60.734345686621964 18.484064352698628 6.1231403201818457 5.2703772550448766 8.4565843455493432 6.5476272315718225 27.437634393572807 51.392603773623705 9.2388217709958536 29.327905209735036 4.0554170454852274 10.03200778365135 28.267727425787598 8.8277024868875724 8.0300329439342004 23.889902747701854 26.824093801435083 39.972578594461083
leaf_count=189 619 116 10474 751 119 4415 936 846 883 132 3388 230 458 1224 29 50 73 99 247 282 48 197 48 62 250 70 61 247 352 312
internal_value=0.000305331 -9.44797e-05 5.83653e-05 -6.07472e-05 -0.000217968 -0.000358357 -0.0024491 -0.000283978 -0.00820684 0.00672715 -0.00353293 0.00219939 0.00536883 0.0133713 -0.0129947 0.0214398 -0.00686442 -0.00800246 -0.00111934 0.00619979 -0.0182368 0.0223114 0.0171841 0.00417655 0.0061097 -0.00908626 0.00106157 -0.00881603 -0.0222491 0.00554022
internal_weight=2294.58 2204.89 2190.79 2182.47 2166.67 2153.53 870.726 633.541 237.185 200.278 433.263 190.04 174.82 105.629 24.6072 81.0217 69.1909 243.224 123.945 87.2681 36.6765 35.8755 75.7513 181.344 171.312 37.0954 1282.81 98.7166 50.714 48.0026
internal_count=27207 26588 26399 26283 25532 25413 13967 8669 5298 1450 7219 2958 2728 2197 1253 944 531 4261 873 578 295 296 894 1318 1256 320 11446 972 599 373
is_linear=0
shrinkage=0.03


Tree=191
num_leaves=31
num_cat=0
split_feature=2 5 1 7 26 33 25 26 25 26 50 37 20 23 50 1 22 21 21 22 21 20 50 22 25 20 35 23 23 28
split_gain=9.94946 9.30645 9.62756 10.3161 8.94935 14.0827 8.68582 19.5453 16.5601 16.567 15.1798 14.4433 14.8879 14.9 18.7924 17.7125 17.1712 16.8951 20.6203 26.0044 16.5888 16.9782 17.4958 13.8445 13.0478 19.0083 17.0532 17.0424 14.9147 14.7155
threshold=74.500000000000014 1.5000000000000002 181.21428571428575 -0.62499999999999989 0.91037613702198772 167.73569192550488 0.097964660725097311 -0.84874750804349175 -0.72947329433276231 -0.47114434510950048 147.50000000000003 37.500000000000007 47.811538461538468 0.15737874097007223 139.50000000000003 134.78571428571431 8.0416666666666696 1.3082276800861388 0.6704366220588015 5.541666666666667 -0.9044482394244574 29.203846153846158 110.50000000000001 6.4583333333333348 -0.25881904510252046 35.242307692307705 120.89808370442275 0.15094936708860762 0.20396764252696456 0.004935000000000001
decision_type=2 2 2 2 2 2 2 2 2 2 2 2 2 2 2 2 2 2 2 2 2 2 2 2 2 2 2 2 2 2
left_child=-1 2 4 -4 6 -6 8 -8 9 -2 11 -9 13 15 17 -13 -16 18 20 -20 21 -15 -23 -24 25 -10 -27 -26 29 -29
right_child=1 -3 3 -5 5 -7 7 10 24 -11 -12 12 -14 14 16 -17 -18 -19 19 -21 -22 22 23 -25 27 26 -28 28 -30 -31
leaf_value=-0.039233730483656908 -0.021479454507509446 0.017659635485898648 -0.011129102009275199 0.012634454378507373 -0.027424619002528215 4.5823883287065192e-05 -0.014103274935597732 0.010995855662115403 0.02234154366001391 -0.00047827139891931024 -0.011279037630235753 -0.045903939773833016 -0.012111963918052186 0.021307993078715934 0.010375842973496249 0.0066568810354137595 0.057485257139679759 0.034417470392817479 0.022528700277938529 -0.027889204284981067 0.0058139030914884562 0.017184450087402617 -0.0044719961549894412 -0.033783758899931474 -0.03179636773937438 0.050258229854845272 0.0033038197241035579 -0.0095123053786162915 -0.0005703776097411771 0.027566763329952868
leaf_weight=4.7310230652801684 34.886101959273219 26.598004989326 19.038134718313813 94.770919743925333 26.848869742825627 42.308617214672267 108.09676493378356 109.74660662794486 79.409207387827337 584.29603722551838 101.92508935066871 11.773457519710066 88.057769835460931 12.44554760167375 87.741087097208947 10.117497658357022 6.6634674863889805 10.93393698055297 10.632513068616388 46.283290537307039 211.13861032063141 11.562930476386098 24.721067856065929 35.309185184305534 12.630365954712031 6.2331496039405456 192.69819850148633 12.602526099421082 235.32609344366938 34.791955397464335
leaf_count=172 525 375 108 494 1979 394 1792 1271 946 5262 2042 105 3140 108 823 108 63 124 108 498 2050 137 352 423 91 123 1790 78 1628 233
internal_value=0.000245165 0.000343834 0.000132603 0.00859694 -0.000319413 -0.0108579 3.6023e-05 -0.00221057 0.00170728 -0.00169425 -0.000544438 0.00108565 -0.000847228 0.00124316 0.00242012 -0.0223819 0.0142687 -0.000691815 -0.00187649 -0.0182442 0.00133046 -0.00986963 -0.0155083 -0.0219839 0.00537509 0.0100234 0.00501907 0.000975484 0.00254646 0.0177144
internal_weight=2294.32 2289.59 2262.99 113.809 2149.18 69.1575 2080.02 887.149 1192.87 619.182 779.052 677.127 567.38 479.323 457.432 21.891 94.4046 363.027 352.093 56.9158 295.177 84.0387 71.5932 60.0303 573.691 278.341 198.931 295.351 282.721 47.3945
internal_count=27342 27170 26795 602 26193 2373 23820 13144 10676 5787 11352 9310 8039 4899 4686 213 886 3800 3676 606 3070 1020 912 775 4889 2859 1913 2030 1939 311
is_linear=0
shrinkage=0.03


Tree=192
num_leaves=31
num_cat=0
split_feature=1 22 45 4 46 37 20 37 3 45 45 22 17 23 1 17 26 18 23 15 17 38 21 22 34 21 28 16 22 34
split_gain=9.26625 10.0831 14.5418 10.8866 10.7012 13.5494 11.752 9.75924 20.6377 17.4302 14.1918 14.1863 13.0813 13.1116 12.5662 12.4805 15.208 24.9586 16.9777 12.4119 11.983 11.8902 11.7323 11.3119 10.9467 11.9471 9.94639 16.9252 11.4332 9.44399
threshold=183.35714285714289 5.541666666666667 5.9500000000000011 4.2792522670497295 124.00000000000001 42.500000000000007 36.903846153846168 47.500000000000007 178.50000000000003 7.8500000000000005 6.9500000000000011 4.9583333333333348 7923.5000000000009 0.23499399759903963 142.21428571428575 1654.5000000000002 -0.58216583101416164 71.214285714285737 0.20304626660558867 587.50000000000011 4031.5000000000005 29.550000000000004 0.72755383816166563 4.8750000000000009 114.39595050397649 0.5665091646528212 0.0062400000000000016 604.50000000000011 4.2083333333333348 128.74726008806519
decision_type=2 2 2 2 2 2 2 2 2 2 2 2 2 2 2 2 2 2 2 2 2 2 2 2 2 2 2 2 2 2
left_child=1 7 -3 4 5 -4 -6 12 10 -10 11 -9 13 15 20 -1 17 18 -17 -13 24 -18 26 -20 -15 29 27 -12 -28 -26
right_child=-2 2 3 -5 6 -7 -8 8 9 -11 22 19 -14 14 -16 16 21 -19 23 -21 -22 -23 -24 -25 25 -27 28 -29 -30 -31
leaf_value=0.018374185606274854 0.010128524185487328 -0.02277941177524842 0.023111477587010449 -0.0019972214742158007 0.034360030984814077 -0.011876633973941243 0.0072975536039928844 -0.015106259501149669 -0.017429495774989579 0.015329604246329122 -0.038427493367271089 -0.010634397951110338 0.017356283191865302 -0.03374971981779723 -0.013349669570809611 -0.034102879001569143 -0.0040234481459909023 0.032536216625153873 -0.0078951813061747794 0.036164419989751159 0.02564218847987515 -0.044375825377196351 0.029374406904157491 0.041650460701194297 0.043661203688121292 -0.023069301936011512 0.033906077193849957 0.0096463947026307287 0.0041346810320055747 0.00012405909702769917
leaf_weight=67.628991867415607 77.32135146483779 27.728848580969498 12.132496917154638 1441.7317528445274 18.202531340532005 40.424220974789932 61.675609342288226 45.071299806702882 85.449881414882839 16.783877531066537 9.6894216393120605 8.6819759979844111 73.517959557939321 7.5221677813678971 63.659232205245644 11.632528860121967 30.968180031515658 25.51674044970423 9.7847899021580798 10.239533141255377 17.788445412181318 7.4276612512767306 24.879615616053343 5.8885557577013961 6.9875402855686906 8.0122666321694833 15.840717816725371 16.420685066841543 38.476049564778805 10.236543224193154
leaf_count=1053 391 1979 156 16675 160 596 679 706 805 138 128 148 559 178 622 95 288 216 86 80 127 51 247 47 103 124 163 132 405 121
internal_value=-1.31108e-05 -0.00037074 -0.00162654 -0.00123971 0.00696002 -0.00351905 0.0138131 0.00288119 -0.00137566 -0.011955 0.0050455 -0.00603845 0.00621073 0.00315747 -0.00457259 0.00870898 0.00142169 0.0117741 -0.00809168 0.0152353 0.00652587 -0.0127579 0.0117745 0.012101 -0.0043067 0.00542122 0.00603612 -0.00895315 0.0132731 0.019213
internal_weight=2297.32 2220 1601.9 1574.17 132.435 52.5567 79.8781 618.105 271.533 102.234 169.299 63.9928 346.572 273.054 114.206 158.847 91.2185 52.8226 27.3059 18.9215 50.547 38.3958 105.306 15.6733 32.7585 25.2364 80.4269 26.1101 54.3168 17.2241
internal_count=27258 26867 20245 18266 1591 752 839 6622 2952 943 2009 934 3670 3111 1275 1836 783 444 228 228 653 339 1075 133 526 348 828 260 568 224
is_linear=0
shrinkage=0.03


Tree=193
num_leaves=31
num_cat=0
split_feature=2 7 33 22 23 49 14 37 22 29 22 25 4 2 23 37 17 22 36 19 23 47 2 2 17 25 17 38 18 29
split_gain=9.55876 8.79831 12.4859 11.5812 14.5768 12.4612 14.3525 11.9912 11.8351 10.6571 10.0143 12.2576 10.1839 10.3977 9.61695 10.2349 12.9327 18.2498 9.66602 9.6032 9.30309 9.21643 10.4583 8.99756 12.0994 8.40661 9.07345 9.23565 8.12398 8.10436
threshold=74.500000000000014 0.10833333333333332 189.68797671968693 5.791666666666667 0.33798076923076931 83.500000000000014 276.50000000000006 29.000000000000004 5.2083333333333348 0.8610000000000001 3.8750000000000004 0.097964660725097311 5.1539499322001641 81.500000000000014 0.20396764252696456 51.500000000000007 4106.0000000000009 5.3750000000000009 0.33822499999999994 5.0357142857142856 0.24681708299758257 104.50000000000001 106.50000000000001 116.50000000000001 5490.5000000000009 -0.16280825711808972 4915.5000000000009 27.750000000000004 75.071428571428584 1.6865000000000003
decision_type=2 2 2 2 2 2 2 2 2 2 2 2 2 2 2 2 2 2 2 2 2 2 2 2 2 2 2 2 2 2
left_child=-1 9 3 4 8 6 19 -7 -3 10 11 -2 -12 -14 15 18 17 -17 -15 -5 25 22 -21 -22 -25 26 -9 -28 -16 -11
right_child=1 2 -4 5 -6 7 -8 20 -10 29 12 -13 13 14 28 16 -18 -19 -20 21 23 -23 -24 24 -26 -27 27 -29 -30 -31
leaf_value=-0.038832308421648684 0.039041150888746289 0.0069461026900739355 0.026417734446969637 -0.00072182707571888155 -0.033007160703921443 0.019972146845161 -0.0029415759558033194 0.030873227055284856 0.027624504871934349 0.00066578597562963807 0.0018893353910034777 -0.025263275433496175 0.043892801481520728 -0.02102715760008508 -0.020031293617644955 -0.012687113580764608 -0.0046432688529914534 0.08864300025578134 0.01888904133067848 -0.030496034522800603 -0.023423740895022655 0.033233963488431544 0.029898637178085049 -0.01611876906773094 0.01518696831934002 -0.010246459562612175 -0.0079853401726145586 0.027127849054418479 0.013017169511113747 -0.013534999056982794
leaf_weight=4.6012585370335719 7.7800779351964575 94.24034418258816 20.562834652140737 17.138011224102229 5.710457380861043 14.945670956280081 58.506229482591152 11.157573763281105 33.405318020842969 1570.1808717416134 65.067153348354623 3.0270693339407444 1.9654087829403568 21.128992223879326 101.76403739629313 2.2296350779943159 8.4028052417561394 3.183122830465436 6.3885305905714622 4.4159082355909032 44.038344958098605 31.443197840359062 3.9322736524045467 28.431132370606065 16.899298085365444 38.311536364722997 26.349588464247063 7.9478484056890002 6.4962371569126836 36.021836258471012
leaf_count=185 79 887 598 328 63 241 566 78 296 16710 1245 99 93 439 2463 47 101 70 56 70 644 229 27 305 140 525 300 61 94 291
internal_value=0.000310599 0.000406119 0.00412345 0.00301617 0.0103493 -0.00022918 0.00749243 -0.00498292 0.0125304 -0.000522983 -0.00658602 0.0204154 -0.0080207 -0.0122598 -0.0132841 -0.000934907 0.0193155 0.0514334 -0.0114227 0.0180811 -0.00723945 0.0259986 -0.00189293 -0.0139155 -0.00437202 -3.68119e-05 0.00860367 0.000689572 -0.0179472 0.000339086
internal_weight=2295.67 2291.07 457.436 436.873 133.356 303.517 115.436 188.081 127.646 1833.64 227.433 10.8071 216.626 151.559 149.593 41.3331 13.8156 5.41276 27.5175 56.9294 173.135 39.7914 8.34818 89.3688 45.3304 83.7665 45.455 34.2974 108.26 1606.2
internal_count=27330 27145 5358 4760 1246 3514 1220 2294 1183 21787 4786 178 4608 3363 3270 713 218 117 495 654 2053 326 97 1089 445 964 439 361 2557 17001
is_linear=0
shrinkage=0.03


Tree=194
num_leaves=31
num_cat=0
split_feature=1 2 7 29 22 37 24 33 21 47 22 21 21 16 26 45 33 24 13 22 37 21 2 25 22 31 37 16 22 3
split_gain=12.2034 8.14923 8.90318 13.1869 14.2998 10.8782 13.3425 9.80857 9.76879 9.47067 16.5923 15.6931 15.2628 13.6281 11.4108 10.267 9.51651 9.47217 8.57751 8.56223 15.9429 12.3029 10.6619 10.7459 10.8144 10.2443 10.7895 14.5666 9.9198 11.0932
threshold=188.21428571428575 74.500000000000014 -0.041666666666666644 0.89050000000000018 3.9583333333333335 42.500000000000007 0.21563498982853821 189.68797671968693 -1.8941008333593499 131.50000000000003 8.1250000000000018 1.1004683323044897 0.7501204755312324 1494.5000000000002 -0.93540483100319605 7.1500000000000012 159.0059986276637 0.20766968880176429 7.2359225774172442 5.791666666666667 29.000000000000004 0.94187341653512191 136.50000000000003 0.9946518923062071 7.541666666666667 0.052500000000000005 60.000000000000007 1322.5000000000002 6.8750000000000009 180.50000000000003
decision_type=2 2 2 2 2 2 2 2 2 2 2 2 2 2 2 2 2 2 2 2 2 2 2 2 2 2 2 2 2 2
left_child=1 -1 3 4 -3 6 8 19 -5 10 11 12 -7 18 -12 -16 17 -11 -13 -4 21 -21 25 24 28 26 -22 -28 -24 -30
right_child=-2 2 7 5 -6 9 -8 -9 -10 16 14 13 -14 -15 15 -17 -18 -19 -20 20 22 -23 23 -25 -26 -27 27 -29 29 -31
leaf_value=-0.037224561396641008 0.023357500066575908 0.016102771040130769 0.0059151417880002099 0.033732513323136364 -0.011373337587161374 0.0021219571770901341 0.018481328509262398 0.017775877985391948 0.00012293186754674696 0.0029872732100230462 -0.042830396660287297 0.036152137815812772 -0.015917700434306216 -0.013930435971677103 0.024327665240864046 -0.015857563972457064 -0.012015319578251787 -0.0090074760514007139 -0.00030481348115231777 0.0051906076788207772 -0.0012152953058102683 0.043517028214153014 0.0047998175661337411 -0.026656251231068989 -0.007543841486578641 -0.0081390826710294982 0.0010375906588226283 0.054747816709976894 0.033082680309294919 -0.0046625024761747184
leaf_weight=4.3910076105967155 18.654239367693663 17.908348404569551 262.583256367594 7.1015427797101429 183.55545905418694 432.31706893397495 50.86250484874472 33.390717715024948 198.25877271848731 138.24267004546709 10.563593525439499 25.139184997649863 45.766413404140621 8.1129985265433771 6.222334239864721 27.449236028129235 137.34634551173076 102.23996898601763 7.4461555057205251 20.342634851578627 148.60201313393191 11.283489808673037 62.792706740554422 7.9188903067260972 32.223844786640257 244.31066211033612 11.270285282749684 6.6602779272943726 28.593451959546655 8.8849427280947548
leaf_count=184 91 247 2680 68 3955 4316 450 829 1918 1644 93 310 511 74 127 362 1170 1134 64 297 1682 155 534 84 294 3532 193 37 252 64
internal_value=-0.000180783 -0.000383363 -0.000296023 -0.00178252 -0.00886348 -0.000584405 0.00488397 0.00206879 0.00144301 -0.00207723 0.000389749 0.00190567 0.00036542 0.0195563 -0.0170378 -0.00794406 -0.00574468 -0.00212842 0.0280602 0.00142819 -0.000599814 0.0197793 -0.00180268 0.00530893 0.00740478 -0.0042402 0.00149406 0.0228263 0.0122358 0.0242459
internal_weight=2300.44 2281.78 2277.39 1398.53 201.464 1197.07 256.223 878.857 205.36 940.846 563.017 518.782 478.083 40.6983 44.2352 33.6716 377.829 240.483 32.5853 845.466 582.883 31.6261 551.257 140.414 132.495 410.843 166.533 17.9306 100.271 37.4784
internal_count=27351 27260 27076 16443 4202 12241 2436 10633 1986 9805 5857 5275 4827 448 582 489 3948 2778 374 9804 7124 452 6672 1228 1144 5444 1912 230 850 316
is_linear=0
shrinkage=0.03


Tree=195
num_leaves=31
num_cat=0
split_feature=45 14 20 2 22 1 15 26 21 4 22 1 24 39 50 54 34 18 8 36 56 35 7 21 21 42 0 31 39 31
split_gain=8.9187 8.82184 12.3696 12.5857 13.2866 12.1535 9.45636 8.99803 8.65123 8.33914 8.34667 7.91401 8.10738 16.9375 10.8463 9.91723 8.71114 8.28867 8.16346 8.03908 10.7887 11.4534 7.58859 11.3704 14.6707 14.9285 12.2724 12.2633 11.3725 11.0381
threshold=6.5500000000000007 227.50000000000003 45.603846153846163 135.50000000000003 5.541666666666667 172.78571428571431 688.50000000000011 0.58216583101416164 0.73979396832918953 3.9244872276515319 5.1250000000000009 188.21428571428575 0.21563498982853821 93.100000000000009 119.50000000000001 1.0000000180025095e-35 156.38946644830449 74.071428571428584 -0.63333333333333319 0.10100874999999991 1.0000000180025095e-35 167.85791923535669 -0.1083333333333333 -0.081029202328514946 -0.23932066145152142 1.5000000000000002 128.50000000000003 0.0095000000000000015 105.15000000000002 0.067500000000000018
decision_type=2 2 2 2 2 2 2 2 2 2 2 2 2 2 2 2 2 2 2 2 2 2 2 2 2 2 2 2 2 2
left_child=1 9 3 4 7 8 -4 -3 -5 10 -1 12 22 14 16 19 -14 -17 -16 20 21 -15 -2 24 25 -24 29 28 -25 -26
right_child=11 2 6 5 -6 -7 -8 -9 -10 -11 -12 -13 13 15 18 17 -18 -19 -20 -21 -22 -23 23 27 26 -27 -28 -29 -30 -31
leaf_value=0.042908169136492799 -0.0021982657759310881 -0.0051958728957864951 0.029008350724872744 0.0032305449730425789 -0.018985053220612207 -0.027588704037646336 -0.0067338395815981647 0.025465190924496686 0.042523414196597463 -0.020521388791308125 -0.0226947847454235 0.020039113231534528 0.0048150075451454432 -0.020734403988513585 0.010220421115779791 -0.010813354355525131 0.042574355834538634 0.021795243630774591 -0.010453108659610291 0.022242624069829266 -0.015428588252170278 0.03077081963521261 0.0019862531804160457 0.020789440278919737 -0.021923493413199126 0.032092111271749546 0.031657698539328115 -0.0030130411203170434 -0.0087171882578358714 0.029165819487671173
leaf_weight=3.1573474467732003 908.7972044616472 36.061175037175417 16.908867734018717 10.074100481346255 64.470945530571043 4.3917511887848368 10.099718382582067 10.229636335745452 9.4692399352788907 46.445574197918177 2.1801108045037836 17.766566678881645 26.805714926216751 4.3854563119821277 20.334384058136493 24.32603682950139 6.0286371642723671 8.7093973439186794 90.241498342715204 75.05929821357131 13.634729974437503 14.675027425400911 312.42496270732954 38.089221015572548 8.6541963014751655 14.573780248872934 31.279570142738521 428.02651208592579 16.14687873236835 5.2866698126308611
leaf_count=53 9410 413 245 119 2000 24 230 82 78 2295 129 88 261 248 209 218 68 55 992 590 277 101 3390 336 84 142 313 4559 161 43
internal_value=4.13629e-05 -0.00578134 -0.00229 -0.00602341 -0.0102859 0.0133231 0.0158795 0.00197501 0.0234121 -0.016434 0.0167594 0.000645774 0.000467792 0.00516061 -0.00209533 0.0125142 0.0128013 -0.0018287 -0.00659382 0.0168879 0.0042996 0.0184776 -0.000291079 0.00173754 0.00566942 0.00342177 0.021497 -0.00130261 0.0120061 -0.00189399
internal_weight=2278.73 213.488 161.705 134.697 110.762 23.9351 27.0086 46.2908 19.5433 51.783 5.33746 2065.25 2047.48 284.2 143.41 140.79 32.8344 33.0354 110.576 107.755 32.6952 19.0605 1763.28 854.482 372.219 326.999 45.2204 482.263 54.2361 13.9409
internal_count=27213 5668 3191 2716 2495 221 475 495 197 2477 182 21545 21457 3019 1530 1489 329 273 1201 1216 626 349 18438 9028 3972 3532 440 5056 497 127
is_linear=0
shrinkage=0.03


Tree=196
num_leaves=31
num_cat=0
split_feature=16 25 26 26 23 23 2 26 31 32 22 38 23 48 40 49 18 48 40 25 22 23 38 20 25 38 32 17 39 36
split_gain=9.33788 9.22865 17.3053 14.5908 15.8634 14.5281 13.4012 18.0569 15.4474 14.5402 15.7773 17.7509 15.7397 14.3323 15.6773 12.5848 18.684 14.135 12.5449 12.316 16.1038 14.3911 14.5098 12.8735 17.7179 12.7903 25.0897 17.3555 16.9585 16.7128
threshold=4470.5000000000009 0.097964660725097311 -0.81241147629689003 -0.41248606129204535 0.15737874097007223 0.32197183098591559 167.50000000000003 0.16280825711809024 0.21050000000000002 0.18200000000000002 6.2083333333333348 26.750000000000004 0.22005021520803444 69.500000000000014 14.400000000000002 83.500000000000014 64.214285714285737 200.50000000000003 4.5500000000000007 -0.68322629814330804 3.9583333333333335 0.14877049180327867 22.400000000000002 34.657692307692322 -0.13052619222005143 25.750000000000004 0.20300000000000004 6066.5000000000009 105.15000000000002 0.29847499999999999
decision_type=2 2 2 2 2 2 2 2 2 2 2 2 2 2 2 2 2 2 2 2 2 2 2 2 2 2 2 2 2 2
left_child=1 19 -3 4 18 -6 7 8 9 10 11 -5 -13 -9 -15 16 17 -11 -4 -1 -21 22 -22 24 -23 26 -25 -27 -29 -28
right_child=-2 2 3 6 5 -7 -8 13 -10 15 -12 12 -14 14 -16 -17 -18 -19 -20 20 21 23 -24 25 -26 27 29 28 -30 -31
leaf_value=-0.0011291749545259658 0.024257218374359641 -0.012069545668116464 -0.058356955885786238 -0.010432277165657259 0.007581330754340144 -0.018927779590184247 0.0070791932228800904 0.046314168465977426 0.046244762311960168 0.0098850982277394802 -0.0042790252441754374 0.052949680658309017 0.009352777151412528 -0.024411016259604165 0.02025369218583856 -0.014402775663892659 -0.0070244734473827427 0.065385062918774092 -0.00059741028512898752 0.025759216413213507 0.023511398143498549 0.020574936136204081 -0.032065821592751946 -0.01978204797879447 0.00054332487147547943 0.012280084919745837 -0.004589840785201884 0.0014914611582296619 -0.034109626874623794 0.020237469791418366
leaf_weight=697.85916032409295 13.307693227659909 138.33631042344496 5.2866560816764814 12.123039881931616 282.01400871668011 18.971305590588599 83.689189513213933 2.0793882273137561 4.6814447473734608 18.242594992043454 58.721458382671699 14.61441286839545 15.259415980428455 75.860760602401569 7.0407831710763267 121.50000478560105 80.074054598342627 4.5340662300586692 7.3757116259075701 30.082986344583333 4.701894216239455 88.476123859873042 17.312038415577263 61.336840946460143 71.591246664058417 147.14178021810949 68.190043604932725 64.39396572811529 13.791163093876092 36.766226081177592
leaf_count=6380 121 2107 39 152 2196 173 520 94 51 241 660 94 113 5954 222 1357 672 56 70 286 25 1064 184 857 459 1195 886 619 109 222
internal_value=9.78546e-05 -5.56098e-05 -0.00230174 -0.000624986 0.00443587 0.0058533 -0.0038122 -0.00602173 -0.0028198 -0.00366605 0.0057649 0.0195816 0.0317048 -0.0182689 -0.0204215 -0.00790671 -0.000167956 0.0232186 -0.0272188 0.00158492 0.00471858 0.00357238 -0.0196894 0.00453454 0.0116747 0.00159385 -0.0047009 0.00623967 -0.00513971 0.00421609
internal_weight=2265.36 2252.05 950.405 812.068 313.648 300.985 498.421 414.731 329.75 325.069 100.718 41.9969 29.8738 84.9809 82.9015 224.351 102.851 22.7767 12.6624 1301.64 603.784 573.701 22.0139 551.687 160.067 391.62 166.293 225.327 78.1851 104.956
internal_count=27178 27057 14771 12664 2478 2369 10186 9666 3396 3345 1019 359 207 6270 6176 2326 969 297 109 12286 5906 5620 209 5411 1523 3888 1965 1923 728 1108
is_linear=0
shrinkage=0.03


Tree=197
num_leaves=31
num_cat=0
split_feature=2 6 2 15 15 26 33 22 9 25 25 25 28 20 15 32 13 22 1 35 25 2 31 9 26 25 50 2 20 4
split_gain=10.5348 8.70605 11.095 12.6622 14.6051 8.93615 12.1805 10.4431 9.6403 8.72606 9.99579 11.5586 12.5584 12.3436 11.3638 15.4353 10.9363 10.8835 19.4608 10.0488 11.1695 9.96051 9.71345 12.3731 12.3642 13.2456 18.2413 12.2262 11.1023 12.8254
threshold=178.50000000000003 0.35000000000000003 109.50000000000001 560.50000000000011 663.50000000000011 0.88144907265856365 166.87425700279391 5.9583333333333348 0.26000000000000006 -0.98611507088852035 1.0000000180025095e-35 -0.72947329433276231 0.0036850000000000003 34.326923076923087 572.50000000000011 0.19350000000000003 5.4464595125332105 6.3750000000000009 157.07142857142858 141.00046759553197 -0.25881904510252046 127.50000000000001 0.13450000000000004 0.90000000000000013 0.16280825711809024 0.58216583101416142 160.00000000000003 156.50000000000003 28.150000000000006 6.8539039810910953
decision_type=2 2 2 2 2 2 2 2 2 2 2 2 2 2 2 2 2 2 2 2 2 2 2 2 2 2 2 2 2 2
left_child=1 5 3 -3 -5 9 -7 -8 -9 -1 11 12 16 19 15 21 17 18 -11 -13 -21 -15 23 24 25 26 -12 -26 -24 -30
right_child=-2 2 -4 4 -6 6 7 8 -10 10 22 13 -14 14 -16 -17 -18 -19 -20 20 -22 -23 28 -25 27 -27 -28 -29 29 -31
leaf_value=-0.0088747896304528905 0.026820728888573231 0.010019773736853173 0.0094412272328781837 -0.035807880740557546 -0.0028213286802463091 -0.025849639520566202 0.013748408466444699 0.020522172699173592 -0.017667801920775082 -0.02947140536354266 -0.010917632485376496 0.041788167203446497 -0.0017959109968723108 -0.016965215664696404 -0.0019554420522827948 0.019158673281515645 -0.020853090795139861 0.029894096029758149 0.028600338542417735 0.024015740849996383 0.002835449977380459 0.01156214336425513 0.04211329008267458 0.032374592372945106 -0.029604834044408328 0.00026335393867835789 0.047763700717343656 -0.0051057506697767324 0.0096499650233928796 -0.0077698799579931938
leaf_weight=95.871964158024639 12.422238785773514 41.735658774385229 184.08187529584393 15.09299590392038 49.252693048212677 27.827712098602206 22.502422995865345 6.2983780279755583 33.853596923872828 9.0363451158627885 174.35070626763627 10.771344314794986 478.66869248542935 22.583008252549917 156.82571995491162 69.210681484546512 6.4955735793337217 28.271325531881303 9.7641700208187086 38.518481852021068 52.47180981002748 19.728462313301861 5.8290108777582637 7.6013132240623227 30.45494788675569 454.41782677662559 3.9275912754237643 45.202980407513678 98.643436537124217 60.603681350359693
leaf_count=1254 67 571 1843 159 600 2180 172 74 300 71 2171 120 4016 221 1308 532 72 208 61 444 367 148 36 42 3547 4122 26 463 1098 848
internal_value=0.000321354 0.000163893 0.00500601 -0.00270667 -0.0109883 -0.000551583 -0.00970761 -0.00224473 -0.0113241 -0.000105809 0.000370309 0.00258821 -0.000244985 0.00665217 0.00325267 0.0105288 0.0133927 0.0184539 0.000609768 0.0154979 0.0119652 -0.00370399 -0.00190161 -0.00341412 -0.00384327 -0.00246036 -0.00936563 -0.015225 0.00463941 0.00301349
internal_weight=2272.32 2259.89 290.163 106.081 64.3457 1969.73 90.4821 62.6544 40.152 1879.25 1783.38 902.346 532.236 370.11 268.348 111.522 53.5674 47.0718 18.8005 101.762 90.9903 42.3115 881.031 715.955 708.354 632.696 178.278 75.6579 165.076 159.247
internal_count=27141 27074 3173 1330 759 23901 2726 546 374 21175 19921 7568 4428 3140 2209 901 412 340 132 931 811 369 12353 10371 10329 6319 2197 4010 1982 1946
is_linear=0
shrinkage=0.03


Tree=198
num_leaves=31
num_cat=0
split_feature=6 33 24 39 25 1 25 32 27 25 31 39 29 22 50 17 20 2 0 17 25 4 24 22 23 2 20 22 25 21
split_gain=8.63651 8.01008 7.29117 18.3394 20.3412 17.1528 16.5634 16.8885 10.2435 12.6645 9.81233 11.0597 9.4267 13.9163 8.33944 8.0863 8.61649 8.01607 13.6102 12.5085 7.71111 14.9254 15.5925 11.6043 21.2736 14.0932 13.9909 11.4139 10.1212 11.2939
threshold=1.3166666666666669 219.05685696612679 0.21563498982853821 93.100000000000009 0.81241147629689026 124.07142857142858 -0.25881904510252046 0.12150000000000001 140.50000000000003 -0.93540483100319605 0.071500000000000008 85.050000000000026 0.78150000000000019 4.8750000000000009 115.50000000000001 3325.5000000000005 27.423076923076927 129.50000000000003 123.50000000000001 6353.5000000000009 0.097964660725097311 6.4049980289138277 0.19777533308886444 8.0416666666666696 0.26390306122448987 105.50000000000001 36.665384615384632 8.7916666666666696 0.88144907265856365 -0.070265295633763686
decision_type=2 2 2 2 2 2 2 2 2 2 2 2 2 2 2 2 2 2 2 2 2 2 2 2 2 2 2 2 2 2
left_child=1 2 12 4 14 -6 8 15 9 -5 -7 -12 13 17 -4 16 -8 18 -1 -19 23 22 28 -14 25 -25 -26 -27 -22 -30
right_child=-2 -3 3 6 5 10 7 -9 -10 -11 11 -13 20 -15 -16 -17 -18 19 -20 -21 21 -23 -24 24 26 27 -28 -29 29 -31
leaf_value=-0.02773977794743121 0.020696652575803616 0.027428300578371711 0.0066756982642021652 -0.014647803753130323 -0.016983882972130823 0.0098427739322000645 0.026248922350265391 0.010152546253672266 0.037102285259082143 0.024944045096701669 0.066586033335939973 0.0066685340430462188 0.002370107542177027 -0.021696050112705933 -0.012752470150633079 -0.047022016300989754 -0.021165033311931879 -0.035509137398797914 0.030480087256905746 0.017424746515383904 0.017538506893065086 -0.0065765742668428212 -0.0037675397261114161 0.038047060876153137 -0.0053119079262180452 -0.0087180678985899155 -0.0383359403799758 0.03560651245490546 0.012371403893745424 -0.0065413620118592482
leaf_weight=3.9035293464548912 17.491269212216139 8.6191524332389218 24.283419634215534 10.293734335340561 9.0779757669661176 12.799715990666302 4.0636124126613167 78.920864068903029 27.43708654306829 20.072512238286436 8.0175194353796524 4.353386244736611 977.40142645919695 44.200541294179857 96.795286134351045 5.8299897699616841 10.004612952936439 7.9549915208481234 13.985355783719568 6.4531659409403801 65.073110434459522 400.13767528836615 215.14646394434385 8.5065962672233564 22.121873049996793 35.720167732331902 24.02978740632534 5.1008594147860995 54.466677618212998 57.354824317153543
leaf_count=148 241 516 223 110 213 154 25 859 201 195 67 62 8131 1745 1293 45 166 116 137 55 930 6474 2869 67 237 296 307 33 592 768
internal_value=0.000277416 0.000110455 -6.14929e-06 0.00424345 -0.00305476 0.0170448 0.0114548 0.00390949 0.0240681 0.0114839 0.0294975 0.0475764 -0.000690764 -0.010943 -0.00883321 -0.0201528 -0.00663639 0.00398287 0.0169799 -0.0122088 -0.000264618 -0.00250782 0.00165114 0.00139248 -0.00853616 0.00514229 -0.0229549 -0.00246045 0.00822568 0.00269878
internal_weight=2279.62 2262.13 2253.51 311.95 155.327 34.2486 156.622 98.8191 57.8033 30.3662 25.1706 12.3709 1941.56 76.4976 121.079 19.8982 14.0682 32.297 17.8889 14.4082 1865.06 792.179 392.041 1072.88 95.4793 49.3276 46.1517 40.821 176.895 111.822
internal_count=27275 27034 26518 3613 2012 496 1601 1095 506 305 283 129 22905 2201 1516 236 191 456 285 171 20704 11633 5159 9071 940 396 544 329 2290 1360
is_linear=0
shrinkage=0.03


Tree=199
num_leaves=31
num_cat=0
split_feature=2 35 22 8 3 5 13 3 4 45 2 31 34 16 26 15 17 14 25 39 24 24 34 18 49 21 17 21 47 18
split_gain=8.81808 8.7345 12.0269 7.28059 13.8951 9.79164 8.4472 9.3867 8.70959 8.17509 9.69479 9.32808 9.23682 8.06149 8.03769 10.087 9.80885 10.3473 9.82174 10.2341 13.7451 11.1155 10.4127 9.39629 9.83232 9.13043 8.8426 8.80504 9.84074 8.21373
threshold=74.500000000000014 220.16699776180201 7.8750000000000009 -0.23333333333333328 171.50000000000003 0.76666666666666672 2.3267089578772064 226.50000000000003 15.302757919135848 6.8500000000000005 128.50000000000003 0.07400000000000001 141.76977373995177 287.50000000000006 0.58216583101416164 775.50000000000011 6066.5000000000009 438.50000000000006 -0.25881904510252046 97.500000000000014 0.18832054560954811 0.19139194139194138 136.50859044000003 71.500000000000014 75.500000000000014 0.018167911175551405 4508.5000000000009 -0.58433146887673348 80.500000000000014 72.214285714285737
decision_type=2 2 2 2 2 2 2 2 2 2 2 2 2 2 2 2 2 2 2 2 2 2 2 2 2 2 2 2 2 2
left_child=-1 3 -3 4 -2 6 8 -8 13 -6 -11 -12 -13 -5 16 -16 26 18 19 20 -18 -21 -23 -19 -25 -24 27 -15 29 -29
right_child=1 2 -4 5 9 -7 7 -9 -10 10 11 12 -14 14 15 -17 17 23 -20 21 -22 22 25 24 -26 -27 -28 28 -30 -31
leaf_value=-0.038283925825621908 -0.0016909263400077239 0.024468880729301801 -0.021750174930141305 -0.0054612826856842668 -0.0035722409655064256 0.0056809185090211821 -0.0084610307519949607 0.025547495331573362 -0.0081625971601246763 0.024630438085280083 0.00044021615396789242 0.031760643989215839 0.0087640035014857395 0.0086450277330468259 0.014982885333506656 -0.0077215371953850637 0.0079835790582275176 0.024330895469595784 -0.034086567677984625 -0.023649439249091065 -0.019678541601571502 -0.011869465730826334 0.0051379718559197117 -0.03229974895493349 0.0068304522678206501 0.044585021868156972 0.011598741794213377 0.0025671526994311194 -0.0039884091206523909 0.037011176296557792
leaf_weight=4.4402754849288604 409.3745044246316 24.836481196805838 5.4769631428644052 199.05717786960304 61.12907757749781 151.16859542322345 233.83562752371654 6.5894117616116992 139.36018888140097 29.018812867347151 122.13604403054342 17.175200162921101 130.85203720629215 89.639936021529138 71.179843897465616 22.597970091272146 20.898303912952542 16.045847461558878 12.649451103527097 8.0469646006822568 64.002011063974351 8.958995630033316 10.615719571709635 6.9537186063826111 20.272248832508922 10.123747203499077 78.035503991413862 17.628091852646325 249.44744588807225 8.779254198074339
leaf_count=169 5936 768 96 5219 666 1538 2894 37 1395 253 1200 190 1000 629 685 160 192 168 94 59 637 81 59 52 169 62 705 176 1752 47
internal_value=-0.000135853 -4.34267e-05 0.0156902 -0.000265676 0.00208975 -0.00152011 -0.00236462 -0.00742699 -0.00120424 0.00637802 0.00841619 0.00659018 0.0116275 -0.000136604 0.00134954 0.00948798 0.000109452 -0.00580827 -0.00987644 -0.00712396 -0.0128558 0.00576765 0.0142491 0.00684717 -0.00395395 0.0255588 0.00249966 0.000530596 -0.00212792 0.0149508
internal_weight=2250.33 2245.89 30.3134 2215.57 769.686 1445.89 1294.72 240.425 1054.29 360.311 299.182 270.163 148.027 914.932 715.875 93.7778 622.097 178.567 135.295 122.646 84.9003 37.7454 29.6985 43.2718 27.226 20.7395 443.53 365.495 275.855 26.4073
internal_count=27088 26919 864 26055 9245 16810 15272 2931 12341 3309 2643 2390 1190 10946 5727 845 4882 1573 1184 1090 829 261 202 389 221 121 3309 2604 1975 223
is_linear=0
shrinkage=0.03


Tree=200
num_leaves=31
num_cat=0
split_feature=2 6 46 26 23 23 23 24 9 35 7 1 3 26 31 24 15 6 48 0 29 7 20 39 10 17 26 46 17 29
split_gain=7.68343 8.2227 7.6257 8.55822 9.52223 9.01039 8.10162 7.62939 7.62449 7.91555 7.56439 7.5108 7.0738 9.01971 6.93977 6.84986 6.59889 8.41276 8.71062 6.05208 5.96391 5.69956 6.16782 6.29923 6.12234 4.97757 17.3145 15.7463 14.9859 18.878
threshold=74.500000000000014 1.3166666666666669 160.50000000000003 0.88144907265856365 0.34321041849575656 0.13408239700374533 0.36518518518518522 0.18786764705882353 0.94000000000000006 214.69028798354461 0.14166666666666669 181.78571428571431 182.50000000000003 -0.81241147629689003 0.040500000000000008 0.20483682983682983 582.50000000000011 -0.11666666666666664 156.50000000000003 175.50000000000003 1.2100000000000002 -0.62499999999999989 39.773076923076921 96.250000000000014 1.0000000180025095e-35 4628.5000000000009 0.16280825711809024 135.50000000000003 5920.5000000000009 1.1300000000000001
decision_type=2 2 2 2 2 2 2 2 2 2 2 2 2 2 2 2 2 2 2 2 2 2 2 2 2 2 2 2 2 2
left_child=-1 2 3 6 5 -5 8 -6 9 21 11 20 -4 -14 -12 -16 17 18 -11 -15 -7 22 23 -2 -23 26 -26 -28 29 -27
right_child=1 -3 12 4 7 10 -8 -9 -10 16 14 -13 13 19 15 -17 -18 -19 -20 -21 -22 24 -24 -25 25 28 27 -29 -30 -31
leaf_value=-0.03813920367148535 0.012784489229605126 0.020746831782525229 0.0235492575820219 0.03474337452882454 0.067421934452389962 -0.028072251583305435 -0.028031719945695654 -0.0020199127955259099 0.019366549366448802 -0.05477383167926976 0.027710436551612063 -0.0018178580657936339 -0.021611443707905059 0.0016857349448278719 -0.023798080770873142 0.017852529081101517 0.025409113886444325 0.021281609224753521 0.0075544403643591747 0.027711877840660506 -0.0038905235100275427 -0.016587407820061021 -0.030314869234397898 -0.019310395416965182 0.00022860680734151554 0.00098864795054158408 -0.021622502768328389 0.0013619988838590707 -7.6989084503869469e-05 0.020118066169753299
leaf_weight=3.6938392468728116 10.604671249166136 16.535577232018113 21.971654645167291 2.8431558185257009 1.5898289908654977 41.010140069527552 8.0882217918988299 3.0385961681604385 17.813555486500263 2.9614361114799976 6.2839399997610625 21.963560838252306 9.4742434481158835 25.800792208872736 8.3555175103247148 4.8289102085400364 19.250586681999266 6.3034359607845527 3.684668960981071 10.777368299663065 12.200675838161258 18.493953664787114 10.433871663175522 9.4909480670467001 1003.5184175572358 104.45951354736462 64.798706500092521 45.099945935886353 669.1358633544296 82.735365772619843
leaf_count=174 91 233 170 40 20 2044 180 93 95 28 76 114 68 164 129 69 535 224 76 77 313 144 93 70 9182 1154 4124 887 6021 648
internal_value=0.000203903 0.000283289 0.000123537 -0.00018736 -0.00862329 -0.0107187 0.000231363 0.0295738 0.000355352 0.000180874 -0.0124334 -0.0167041 0.00994079 0.00308568 0.00406767 -0.00836005 0.0147103 -0.00187563 -0.0237497 0.00988745 -0.0227017 -5.80448e-05 -0.0127132 -0.00257042 0.000142569 0.000307984 -0.00101426 -0.012263 0.00202636 0.00950534
internal_weight=2267.24 2263.55 2247.01 2178.99 102.114 97.4859 2076.87 4.62843 2068.78 2050.97 94.6427 75.1744 68.0241 46.0524 19.4684 13.1844 32.2001 12.9495 6.64611 36.5782 53.2108 2018.77 30.5295 20.0956 1988.24 1969.75 1113.42 109.899 856.331 187.195
internal_count=27336 27162 26929 26450 2898 2785 23552 113 23372 23277 2745 2471 479 309 274 198 863 328 104 241 2357 22414 254 161 22160 22016 14193 5011 7823 1802
is_linear=0
shrinkage=0.03


Tree=201
num_leaves=31
num_cat=0
split_feature=5 2 45 22 2 40 17 3 19 19 16 25 21 6 50 25 22 50 21 13 4 15 22 21 46 40 25 7 4 9
split_gain=7.18723 6.6371 6.19922 13.0318 12.399 9.97127 7.85956 6.43379 6.37273 5.95494 10.9638 8.25151 5.81657 5.9227 9.87278 7.24768 8.44011 12.1438 10.6481 7.25879 11.6263 10.2449 8.17616 8.58931 7.94336 7.58389 8.48458 10.6238 9.49764 12.2564
threshold=1.5000000000000002 175.50000000000003 6.1500000000000012 5.6250000000000009 98.500000000000014 2.7500000000000004 13353.000000000002 238.50000000000003 7.2857142857142891 9.4642857142857171 933.50000000000011 -0.58216583101416131 1.9329333344409647 0.2166666666666667 145.50000000000003 -0.98611507088852035 4.8750000000000009 116.50000000000001 1.3310024500184563 12.216134305384863 13.461946356821707 440.50000000000006 6.4583333333333348 0.017266905808210654 104.50000000000001 1.8 -0.58216583101416131 -0.24166666666666661 10.776641385590727 0.060000000000000005
decision_type=2 2 2 2 2 2 2 2 2 2 2 2 2 2 2 2 2 2 2 2 2 2 2 2 2 2 2 2 2 2
left_child=1 2 3 4 5 -1 -5 12 -9 10 -6 -12 13 15 -15 16 17 -4 -18 25 21 -21 23 -23 -22 26 27 -17 29 -28
right_child=-2 -3 7 6 9 -7 -8 8 -10 -11 11 -13 -14 14 -16 19 18 -19 -20 20 24 22 -24 -25 -26 -27 28 -29 -30 -31
leaf_value=0.049667088120109337 0.015288280190492295 0.010013579469450359 0.050678964069793289 -0.025596891095194314 -0.027192544244230381 -0.006312220417353364 0.033199163220578316 -0.029764577994389918 0.00015981875429633022 -0.031650592758395095 -0.01035476145447823 0.043588348508270251 0.02028106887284507 0.0056171413938337824 -0.0066750750028902479 0.036174403832160966 -0.017969832138506253 -0.0065008458527192068 0.028970003462749874 0.0048221462751820649 -0.020478651963344287 0.0093705072877399067 -0.025526533509500952 -0.018519846417594299 0.011199070608054014 -0.00045097550111676749 0.0016257758513876488 0.0017311174425495666 -0.015376463740449509 0.037552521345228483
leaf_weight=6.5360024217516166 26.05092026013881 54.108545407652855 3.6697255615144959 32.157508604461327 6.0743473588954684 4.2902223453857005 1.340976035920902 12.14335283637047 12.472319830209015 6.2050112639553836 3.8448100574314594 5.0930474926717562 11.574531643651424 301.35276296827942 72.111399326007813 16.868909319862727 58.348262403625995 11.127523344941435 3.8057093783281735 24.682632544543594 7.6943975724279872 16.629125947132707 45.138472223188728 22.067605719901621 39.445443871896714 1366.6232912810519 43.992549824994057 14.873459782451389 19.326299827545881 9.6370286461897177
leaf_count=93 378 280 37 2301 216 193 102 113 79 87 70 53 79 3022 796 99 779 118 52 334 178 205 663 238 391 15304 510 93 225 71
internal_value=-8.26029e-05 -0.000268668 -0.000528456 -0.00954445 0.00411292 0.0288256 -0.0223491 -0.000244491 -0.0151881 -0.00922678 0.0014395 0.0216766 -6.12176e-05 -0.000184261 0.00323218 -0.000934526 -0.00987078 0.0099902 -0.0146825 -0.000506065 -0.00664521 -0.0120156 -0.0169714 -0.00660041 0.00571048 0.000147495 0.00788967 0.0205812 0.00216411 0.0086509
internal_weight=2259.29 2233.24 2179.13 65.5419 32.0434 10.8262 33.4985 2113.58 24.6157 21.2172 15.0122 8.93786 2088.97 2077.39 373.464 1703.93 76.9512 14.7972 62.154 1626.98 155.658 108.518 83.8352 38.6967 47.1398 1471.32 104.698 31.7424 72.9559 53.6296
internal_count=27159 26781 26501 3115 712 286 2403 23386 192 426 339 123 23194 23115 3818 19297 986 155 831 18311 2009 1440 1106 443 569 16302 998 192 806 581
is_linear=0
shrinkage=0.03


Tree=202
num_leaves=31
num_cat=0
split_feature=20 21 21 21 17 38 21 21 22 24 50 22 50 17 17 16 10 37 21 16 40 21 33 13 24 36 54 2 25 22
split_gain=8.35706 12.8748 10.6996 11.9292 13.5231 9.52673 13.9777 11.3959 15.481 9.64213 10.9888 14.9977 10.8847 9.79896 32.4256 16.8532 9.82607 10.743 9.78147 9.18796 8.97433 8.9074 8.22784 9.44514 19.9758 15.5737 13.0991 12.8011 10.4528 13.1917
threshold=39.319230769230778 1.2766355370258498 -1.8941008333593499 -0.85373845625177858 5966.5000000000009 25.750000000000004 1.1624618634589925 1.0490994266219149 7.791666666666667 0.17206290471785382 114.50000000000001 6.2083333333333348 108.50000000000001 4508.5000000000009 5920.5000000000009 1616.5000000000002 212.50000000000003 46.500000000000007 -0.56489687077621997 287.50000000000006 2.9500000000000006 0.12284344538346091 180.89236707025751 12.828626076253345 0.19526212503504348 0.089542499999999914 1.0000000180025095e-35 83.500000000000014 -0.77259657388510627 6.041666666666667
decision_type=2 2 2 2 2 2 2 2 2 2 2 2 2 2 2 2 2 2 2 2 2 2 2 2 2 2 2 2 2 2
left_child=1 19 -2 4 -4 6 7 8 20 -7 11 12 -11 16 -15 -16 17 -12 -13 -1 -5 -17 23 27 25 26 -25 -21 29 -29
right_child=2 -3 3 5 -6 9 -8 -9 -10 10 13 18 -14 14 15 21 -18 -19 -20 22 -22 -23 -24 24 -26 -27 -28 28 -30 -31
leaf_value=-0.010502677030316286 0.027128629629202761 0.026652503808583222 -0.008120758013623117 -0.029811965272191359 -0.043644061896398939 0.017859017514110329 -0.025070634505836541 0.025095712001140098 -0.028190253271347311 -0.018118532653902227 -0.026829994472656878 0.028354718410892911 0.030551206399356191 0.030282291300912666 -0.0049246702457553795 -0.0032098064276756713 0.00059107038207757321 0.0040508136629317576 -0.021702845635136896 0.038752764109057418 -0.0013509876162997527 0.033636911775971057 0.012822633398634684 0.0047606287588989526 -0.012595036978721717 -0.016942239988190916 0.04321762233651933 -0.0097982171242491402 0.0046194103443660392 0.0023569147451596418
leaf_weight=54.272121430607513 10.34724591905251 17.526867870707065 65.832856489345431 9.3960588283371163 10.466461898759006 28.000351760070771 28.58484475966543 11.127881845692171 22.035535303875804 5.5927517428062883 25.048572259023786 2.9240175895392886 10.6538775768131 41.306663304567337 110.25310278916731 8.5395212639123219 291.519079931546 16.21736839832738 50.756321442313492 7.7030469677411011 247.65169584425166 17.024561696685851 59.162871208041906 18.081237591337413 105.56376304314472 11.917389170732347 13.667007963173093 122.71776602137834 592.50627045729198 228.47658165264875
leaf_count=983 183 171 1323 467 90 267 723 227 706 79 285 26 154 326 893 77 4416 199 711 136 4320 127 1067 266 1194 126 77 945 4674 1849
internal_value=0.000170647 0.00183027 -0.00184636 -0.00217202 -0.0134953 -0.00122611 -0.00541778 -0.00340259 -0.00462445 0.000977604 0.000133055 -0.0109325 0.013718 0.00166897 0.00734842 0.000203087 -0.00136687 -0.0148852 -0.0185075 0.00145028 -0.00250284 0.021671 0.00201818 0.00142629 -0.0055669 0.0113255 0.0221298 0.00252788 0.00219148 -0.00190621
internal_weight=2244.87 1231.59 1013.28 1002.93 76.2993 926.632 318.796 290.211 279.083 607.836 579.836 69.927 16.2466 509.909 177.124 135.817 332.785 41.2659 53.6803 1214.07 257.048 25.5641 1159.8 1100.63 149.229 43.6656 31.7482 951.404 943.701 351.194
internal_count=27087 11488 15599 15416 1413 14003 6443 5720 5493 7560 7293 970 233 6323 1423 1097 4900 484 737 11317 4787 204 10334 9267 1663 469 343 7604 7468 2794
is_linear=0
shrinkage=0.03


Tree=203
num_leaves=31
num_cat=0
split_feature=46 3 29 38 1 1 49 23 27 18 22 23 15 28 3 26 23 12 16 33 12 23 17 23 17 22 34 22 17 3
split_gain=8.34553 9.89487 19.2611 17.5047 17.1255 12.5783 9.98783 14.4117 9.30708 14.3497 11.9854 9.33344 17.8715 14.2745 11.9186 11.1761 13.6208 10.5761 9.93637 9.72399 11.0101 9.46734 9.02847 8.97787 17.01 8.86759 8.56252 8.18319 14.2058 12.5454
threshold=118.50000000000001 142.50000000000003 1.3640000000000001 29.150000000000002 128.21428571428575 124.07142857142858 91.500000000000014 0.27677175612298072 132.00000000000003 74.785714285714292 3.8750000000000004 0.29249530956848036 691.50000000000011 0.0053800000000000011 158.50000000000003 0.63405362205439464 0.32866927592954992 41.500000000000007 766.50000000000011 188.06764546071869 76.500000000000014 0.27949082858950031 4793.5000000000009 0.27361853832442068 7923.5000000000009 6.7083333333333348 158.83387073592473 7.9583333333333348 2291.5000000000005 124.50000000000001
decision_type=2 2 2 2 2 2 2 2 2 2 2 2 2 2 2 2 2 2 2 2 2 2 2 2 2 2 2 2 2 2
left_child=27 2 3 6 22 -3 7 -2 9 10 -7 19 15 -14 -15 17 -17 18 -13 20 21 23 -5 -10 -25 26 -20 -1 -29 -30
right_child=1 5 -4 4 -6 8 -8 -9 11 -11 -12 12 13 14 -16 16 -18 -19 25 -21 -22 -23 -24 24 -26 -27 -28 28 29 -31
leaf_value=-0.0037099842304387392 0.028016285287159996 -0.017878078100420369 0.045649997115616785 -0.043885011703465239 0.015637691139592517 0.029232281189573123 0.0011666412953646333 -0.003749813638533819 0.0024975208964344467 0.020356873741078623 -0.012517726767053103 -0.0054415357219959343 -0.0060055298121933802 -0.012023871594348959 0.031047544961642522 -0.011698486292075013 0.036498054629190209 0.026937021356803478 -0.00562862118233475 0.021245156619070282 -0.02353472035893215 0.012781824366406814 -0.0065782126760325077 -0.017886016011106693 0.025452366598580606 -0.037603525305334472 -0.033353016824636678 0.036126398226085751 0.032001007963093055 -0.011662487306395422
leaf_weight=708.52219363918994 43.534896541386843 33.173470739275217 10.359576496295629 12.606890408322217 11.687992830760775 5.6077988045290104 53.099582458846271 17.76471571973525 790.90156131028198 14.526518716476856 114.17657511960715 60.128946636803448 29.372611587867141 6.7252956656739107 26.740273142233491 10.509248084854336 8.9211642011068744 4.8968818951398125 33.089837187901139 23.777385051362216 13.740972472354768 74.546717032790184 10.945650267414747 43.908911073813215 9.0387356337159854 22.092069327831268 13.730572931468485 11.886324554914607 6.7633531340397921 23.989360271953046
leaf_count=11516 477 306 112 132 117 58 522 216 7134 128 1529 611 231 38 200 268 148 74 247 647 112 688 66 489 59 182 78 330 104 382
internal_value=-0.00035895 0.000933964 0.00796096 0.00506602 -0.0131706 8.93642e-05 0.0107492 0.018898 0.000558926 -0.00689166 -0.0103373 0.00141782 -0.00419823 0.00917908 0.0222941 -0.00970313 0.0111335 -0.012786 -0.014489 0.00269111 0.00219556 0.00260571 -0.0275214 0.00169268 -0.010153 -0.0221925 -0.0142865 -0.00293791 0.00968247 -0.00135431
internal_weight=2250.77 1499.6 159.999 149.64 35.2405 1339.61 114.399 61.2996 1306.43 134.311 119.784 1172.12 216.207 62.8382 33.4656 153.369 19.4304 133.938 129.041 955.914 932.137 918.396 23.5525 843.849 52.9476 68.9125 46.8204 751.161 42.639 30.7527
internal_count=27201 14869 1642 1530 315 13227 1215 693 12921 1715 1587 11206 2077 469 238 1608 416 1192 1118 9129 8482 8370 198 7682 548 507 325 12332 816 486
is_linear=0
shrinkage=0.03


Tree=204
num_leaves=31
num_cat=0
split_feature=16 35 38 5 4 3 19 8 33 17 46 3 18 9 37 16 23 35 17 56 23 26 35 1 20 1 16 17 12 15
split_gain=7.69557 7.08203 7.07909 6.40722 6.33803 20.4987 11.0569 12.0935 13.9279 10.1823 12.1219 13.3721 9.92314 10.1929 9.95854 12.8994 10.9275 13.5022 12.1851 9.31206 10.4889 24.0377 13.9577 9.41049 13.0875 10.5376 10.2899 17.2226 9.79257 9.29553
threshold=4470.5000000000009 227.27514878149776 37.100000000000009 1.5000000000000002 11.468426219678358 166.50000000000003 10.607142857142856 -0.83333333333333326 172.00428873060039 6353.5000000000009 125.50000000000001 212.50000000000003 69.785714285714292 0.18000000000000002 48.500000000000007 1175.5000000000002 0.26120401337792648 176.00243257452425 4870.5000000000009 1.0000000180025095e-35 0.16760299625468164 -0.95642797789208689 147.00007254588155 177.78571428571431 38.5346153846154 124.07142857142858 1354.5000000000002 10154.500000000002 11.500000000000002 550.50000000000011
decision_type=2 2 2 2 2 2 2 2 2 2 2 2 2 2 2 2 2 2 2 2 2 2 2 2 2 2 2 2 2 2
left_child=1 2 3 4 19 -6 7 8 -7 10 -8 -12 13 -9 -14 16 17 18 -16 20 21 -1 -23 24 -22 26 27 -26 29 -27
right_child=-2 -3 -4 -5 5 6 9 12 -10 -11 11 -13 14 -15 15 -17 -18 -19 -20 -21 23 22 -24 -25 25 28 -28 -29 -30 -31
leaf_value=-0.032552927038162233 0.021616146671177578 0.01698518087993767 -0.026968408792618075 0.01483478441087086 -0.015806829062206183 -0.0013433604124897342 -0.023286143859766347 -0.00011895485119985076 0.026799854561634754 0.024475293048393333 0.030203748251721972 -0.02098563305787635 0.0050754873588966546 -0.015531711532529573 0.0041512219441921204 -0.01580019135148342 -0.016237430159589044 -0.0086651466374810335 0.045315005187407074 0.0034434041814638038 0.0011136984365897602 -0.0077391065731446194 0.032580891289989637 0.011431271316691785 -0.014147797664561148 -0.0062085743619194949 -0.035546167819238729 0.056701748906282073 -0.015307374283855658 0.0051168229070545539
leaf_weight=7.8929477487690738 13.804114076308904 20.661867307964712 7.8903297781944266 24.405266234651208 92.455146318301558 39.440341926179826 11.704595548566433 62.098208554089069 25.33339055813849 27.670727040618658 13.25591692235321 5.9347697868943206 142.03237939882092 101.19339471473359 13.027665697969498 63.7969128806144 16.9982571718283 17.203877474181354 12.31353911757469 652.85828449181281 390.70297549851239 10.001050604972987 28.638853118289262 43.163587387651205 45.038860128959641 174.47703394084238 19.019789662677795 2.3304461694788179 59.811342675704509 102.88949664030224
leaf_count=65 123 666 40 308 1712 450 104 915 148 209 96 30 1176 1267 168 435 169 95 96 7151 3937 394 204 234 2063 2961 448 54 739 733
internal_value=5.77467e-05 -8.50615e-05 -0.000251995 -0.000144246 -0.00031856 -0.00281339 -0.00061247 -0.00208243 0.00990373 0.0115995 -0.000338277 0.014118 -0.00391245 -0.00970679 -0.000323961 -0.0065325 0.0034942 0.0115695 0.0251141 0.000728783 -0.00127774 0.0124341 0.022213 -0.00205358 -0.00279985 -0.00658203 -0.0174232 -0.00956198 -0.00440224 -0.00200411
internal_weight=2248.05 2234.24 2213.58 2205.69 2181.28 644.459 552.004 493.438 64.7737 58.566 30.8953 19.1907 428.664 163.292 265.373 123.34 59.5433 42.5451 25.3412 1536.82 883.966 46.5329 38.6399 837.434 794.27 403.567 66.3891 47.3693 337.178 277.367
internal_count=27190 27067 26401 26361 26053 7070 5358 4919 598 439 230 126 4321 2182 2139 963 528 359 264 18983 11832 663 598 11169 10935 6998 2565 2117 4433 3694
is_linear=0
shrinkage=0.03


Tree=205
num_leaves=31
num_cat=0
split_feature=46 34 4 12 26 21 47 6 17 15 50 17 22 46 21 31 1 49 26 18 8 17 39 35 4 37 31 34 36 3
split_gain=7.64247 6.95315 6.88977 6.7696 10.245 9.1663 7.36725 7.23657 7.20857 6.49903 11.8397 9.30309 9.79536 10.0423 10.8386 7.44438 14.9675 12.8052 12.2694 12.0137 11.9689 11.8885 12.8733 15.7322 11.7845 11.7353 10.8962 10.8187 15.3995 14.1503
threshold=157.00000000000003 208.37556923557196 4.0713633321332754 77.500000000000014 0.52778511650980109 0.035432849918907251 124.50000000000001 1.0500000000000005 8314.5000000000018 952.50000000000011 106.00000000000001 3049.5000000000005 6.4583333333333348 116.50000000000001 -0.38069039420378764 0.088500000000000009 144.50000000000003 101.50000000000001 -0.95642797789208689 71.928571428571445 -1.0999999999999999 8677.5000000000018 83.850000000000009 188.79500614638286 12.949316582957183 38.500000000000007 0.076500000000000012 134.35024081508382 0.29847499999999999 205.50000000000003
decision_type=2 2 2 2 2 2 2 2 2 2 2 2 2 2 2 2 2 2 2 2 2 2 2 2 2 2 2 2 2 2
left_child=1 3 -2 7 5 -5 -6 9 -7 15 -11 -12 13 14 -13 16 18 19 -1 20 -18 22 -21 -24 -25 -23 -27 28 29 -17
right_child=2 -3 -4 4 6 8 -8 -9 -10 10 11 12 -14 -15 -16 27 17 -19 -20 21 -22 25 23 24 -26 26 -28 -29 -30 -31
leaf_value=-0.0066413997761605188 0.030680308650810426 0.024609403988544575 0.0053825460857929641 0.013447889827955504 -0.031209731977409436 -0.017421532944477673 0.0015517927047542404 0.013623119075710734 0.024773676197875825 0.026227990414436367 -0.021925409355904341 -0.032021447512071192 -0.014314881112192432 0.019656149487564258 0.011404687240321785 -0.014254093271829775 0.015348573991043873 0.014496688117087316 0.0042338543607166445 -0.012743553973288253 -0.011933980578385076 0.023485831366762869 0.0094706765957081693 -0.0255850509222262 0.015648865018933256 -0.021643189226276251 0.016249630812851218 0.004434847485445567 0.004410039177283955 0.05652572998608222
leaf_weight=116.36524996906519 10.093208395875989 9.0303207836113852 82.975304503925145 22.419925883412361 21.874660885427151 24.870034234598283 8.3377431142143887 33.050021797418594 3.3431211812421671 8.0566372871398908 35.919090429320931 8.8138351459056157 38.78399103321135 22.380201338790357 10.138360635377465 91.964974369155243 14.511889314278958 28.40958937164396 456.40663422155194 42.692467127926648 252.25069929286838 6.386148687452077 146.16930526215583 21.344486610032622 7.88015067949891 51.889512298628688 7.1010793615132561 579.49513262673281 100.41774159297347 1.6457906840369094
leaf_count=959 68 565 586 260 357 334 162 336 49 42 267 61 374 155 81 3155 194 320 7364 424 3244 41 1092 143 61 329 63 5306 885 19
internal_value=5.13777e-05 -0.000311062 0.00842305 -0.000426431 -0.0088896 -0.000545232 -0.0224085 -9.37017e-05 -0.0117447 -0.000321487 -0.00694761 -0.00945549 -0.0036634 0.0064334 -0.00938361 0.000109057 -0.00141968 -0.00481885 0.0020167 -0.00584065 -0.010398 -0.0015303 0.00184528 0.00544844 -0.0143168 -0.0126488 -0.016887 0.00238351 -0.00373443 -0.0124254
internal_weight=2265.02 2171.95 93.0685 2162.92 80.8455 50.6331 30.2124 2082.07 28.2132 2049.02 124.092 116.035 80.1164 41.3324 18.9522 1924.93 1151.41 578.635 572.772 550.226 266.763 283.463 218.086 175.394 29.2246 65.3767 58.9906 773.524 194.029 93.6108
internal_count=27296 26642 654 26077 1162 643 519 24915 383 24579 980 938 671 297 142 23599 14234 5911 8323 5591 3438 2153 1720 1296 204 433 392 9365 4059 3174
is_linear=0
shrinkage=0.03


Tree=206
num_leaves=31
num_cat=0
split_feature=2 4 7 33 26 25 47 29 21 30 21 21 48 2 17 26 26 29 38 2 39 2 22 16 22 24 39 2 56 4
split_gain=6.54126 10.0964 7.24246 15.3524 14.7702 13.3658 10.851 10.5571 9.7437 13.4882 16.9926 18.3401 17.2635 16.762 15.3659 13.3921 12.7075 11.9866 12.6012 11.8375 11.7427 11.4246 11.4076 11.4047 14.0118 12.2946 16.5442 12.4018 16.7127 11.6293
threshold=168.50000000000003 23.263705383588984 -0.074999999999999942 166.87425700279391 0.84874750804349197 -0.99465189230620688 76.000000000000014 0.75500000000000012 0.44034919528348271 80.100000000000009 0.27085007219837748 -0.081029202328514946 108.00000000000001 129.50000000000003 5400.5000000000009 0.032701564615071184 -0.097964660725097436 1.2245000000000001 19.700000000000003 132.50000000000003 103.60000000000001 134.50000000000003 5.2083333333333348 687.50000000000011 3.9583333333333335 0.20296073803904743 97.050000000000026 118.50000000000001 1.0000000180025095e-35 6.5629261585255216
decision_type=2 2 2 2 2 2 2 2 2 2 2 2 2 2 2 2 2 2 2 2 2 2 2 2 2 2 2 2 2 2
left_child=2 -2 3 4 5 -1 -5 -7 9 14 11 13 15 -11 23 -12 -16 18 -10 -13 22 -15 -19 24 -4 29 27 28 -27 -25
right_child=1 -3 8 6 -6 7 -8 -9 17 10 12 19 -14 21 16 -17 -18 20 -20 -21 -22 -23 -24 25 -26 26 -28 -29 -30 -31
leaf_value=-0.020718377983440752 0.0073802983278253376 -0.019212471842436941 -0.029077998191005441 -0.029285360446194186 -0.024283752681128527 -0.023072293051264025 -0.0069512678428979326 0.001505910970103297 0.02912798085046964 0.010578196071481973 0.0064891386699382925 -0.027906067580087807 0.0069685065434907994 -0.028611607632372419 -0.020996277879598766 0.084740056336268188 0.0040033081154858419 -0.013794195956856733 -0.0062099535820534929 -0.0039225888956052656 -0.0079133006456077858 -0.0022369755622440421 0.025144473390723298 0.042628938567051446 0.0082957757259830567 -0.039851353837423185 0.038346346288120531 0.01706635376932962 0.0053168769966559634 0.015998985121210684
leaf_weight=25.193162775598466 182.25646472070366 12.868147620931266 9.0994396200403553 21.361053834669292 21.401501329150051 15.034120206255464 169.02899021282792 829.12417857418768 8.4143285397440177 89.330413994379342 3.4501176560297599 37.296519933035597 36.703224061522633 17.644071661867201 22.213293238542974 4.2114961089100689 85.504867827752605 7.6284488542005411 273.54914126545191 36.605246489634737 23.362486054189503 72.330801210366189 35.62086106557399 26.326343312393874 85.369100688258186 10.446349798701705 12.973332363180814 25.131613878533244 20.165209288708866 36.568435067078099
leaf_count=462 1096 70 141 163 1960 513 1465 9342 93 1136 54 451 405 216 309 66 875 97 3810 370 224 718 390 246 1608 147 96 200 184 379
internal_value=0.000302135 0.00553753 -0.000195948 -0.00188819 -0.000231592 0.000387739 -0.00959699 0.0010414 0.00167107 0.00389162 -0.000753331 -0.0037692 0.0161631 0.00143122 0.00802235 0.0543201 -0.00129773 -0.00235061 -0.00505619 -0.0162375 0.00900733 -0.00766669 0.0181198 0.0124492 0.00442897 0.0181291 0.0091539 0.00180377 -0.0108701 0.0276384
internal_weight=2256.21 195.125 2061.09 1081.14 890.753 869.351 190.39 844.158 979.945 631.37 297.572 253.207 44.3648 179.305 333.798 7.66161 107.718 348.575 281.963 73.9018 66.6118 89.9749 43.2493 226.08 94.4685 131.611 68.7165 55.7432 30.6116 62.8948
internal_count=27286 1166 26120 13905 12277 10317 1628 9855 12215 7601 3416 2891 525 2070 4185 120 1184 4614 3903 821 711 934 487 3001 1749 1252 627 531 331 625
is_linear=0
shrinkage=0.03


Tree=207
num_leaves=31
num_cat=0
split_feature=29 33 0 4 12 25 26 13 49 25 32 45 21 10 39 16 49 4 50 16 23 4 23 29 23 37 26 38 24 25
split_gain=7.44552 11.7376 10.782 8.39429 7.1497 9.72988 16.8952 12.5367 12.3189 11.3488 15.7778 19.2738 13.7396 20.0827 14.8332 25.7872 14.805 13.7812 14.0311 13.7304 12.1787 12.0667 11.2988 19.1297 15.8395 21.5792 15.808 23.5777 15.425 14.2067
threshold=1.8050000000000004 189.68797671968693 117.50000000000001 4.1405313623578754 62.500000000000007 0.16280825711808983 -0.88144907265856332 7.09880505237801 117.00000000000001 -0.84874750804349186 0.20100000000000004 7.5500000000000007 0.010039335735280703 270.00000000000006 103.00000000000001 1125.5000000000002 96.000000000000014 12.569996020824567 136.00000000000003 2828.5000000000005 0.20904676718630208 5.0659648242953201 0.20101010101010103 0.96200000000000008 0.21294035577258458 38.500000000000007 -0.41248606129204535 24.550000000000004 0.21340823970037451 0.88144907265856365
decision_type=2 2 2 2 2 2 2 2 2 2 2 2 2 2 2 2 2 2 2 2 2 2 2 2 2 2 2 2 2 2
left_child=1 4 -3 -4 5 9 7 -7 22 12 11 21 13 17 16 -16 -14 -1 -19 -12 -18 -11 23 -8 25 -24 27 -26 29 -25
right_child=-2 2 3 -5 -6 6 8 -9 -10 10 19 -13 14 -15 15 -17 20 18 -20 -21 -22 -23 24 28 26 -27 -28 -29 -30 -31
leaf_value=-0.0046720198637016479 -0.021881040069587243 -0.014722579296844739 -0.025377670242048653 0.024853365588204036 -0.0066182140029856611 -0.024641951728772402 0.024959189407872777 0.0027966503944403614 -0.02009778592595772 0.012346187009342532 0.0093126391626909468 0.01909418938540557 -0.0052058359000472162 -0.0136910052425895 0.045781109509412311 -0.0019558246097679363 -0.023937961478948094 0.033526827793024065 -0.009162797818074683 -0.021947022273742119 0.015105285202071926 -0.006286766623880698 0.015604801028718914 0.0082089108700006668 -0.013700335842977472 -0.025081311994222519 -0.0044455162681441424 0.010888076318084283 0.026232223319216059 -0.014644853371656833
leaf_weight=50.557748268358409 12.649216197431086 8.4390248041599971 2.452309885993599 37.557060447521508 136.01701830257662 47.221237201010808 39.480218012351543 21.470832818187773 27.476240072865039 35.464933354174718 405.30787527514622 37.474132846109569 148.93153471220285 139.86869512824342 17.758640184998512 22.110524108633399 7.1367352539673439 21.298486843705181 9.5290233734995109 12.128289521206169 67.253589233383536 220.91802778257988 14.507911505410446 45.69121368508786 42.878717958927155 49.80020076839719 315.37060363474302 175.89800601033494 17.248997892485932 50.585145917953923
leaf_count=486 77 71 50 1092 1769 819 762 381 381 353 3244 332 1509 1211 104 149 94 133 81 107 610 2174 304 563 576 748 6849 1246 275 537
internal_value=0.00020879 0.000343973 0.0147971 0.0212308 1.60361e-05 0.000460667 -0.00199673 -0.0161485 -0.000729622 0.00220287 0.00461237 -0.000713266 -0.00133713 -0.00683178 0.00329037 0.0199072 0.000248278 0.00497957 0.0204578 0.00835413 0.0110918 -0.00367135 4.31872e-06 0.00725229 -0.00185776 -0.0158041 -0.000152304 0.00602851 0.000930265 -0.00382593
internal_weight=2240.48 2227.83 48.4484 40.0094 2179.38 2043.37 847.629 68.6921 778.937 1195.74 711.293 293.857 484.445 221.254 263.191 39.8692 223.322 81.3853 30.8275 417.436 74.3903 256.383 751.461 153.006 598.455 64.3081 534.147 218.777 113.525 96.2764
internal_count=27087 27010 1213 1142 25797 24028 13441 1200 12241 10587 6210 2859 4377 1911 2466 253 2213 700 214 3351 704 2527 11860 2137 9723 1052 8671 1822 1375 1100
is_linear=0
shrinkage=0.03


Tree=208
num_leaves=31
num_cat=0
split_feature=1 3 33 10 22 8 3 7 27 36 14 1 25 39 20 7 10 32 38 2 11 18 1 0 48 16 24 18 14 34
split_gain=7.01863 9.55033 6.88849 9.11524 6.42968 6.19095 10.9734 13.3932 8.58178 7.81493 6.99643 10.0971 9.89596 11.7188 12.3969 8.55027 10.0967 9.56738 9.56781 8.75898 8.77564 6.74438 6.48894 11.9893 6.09418 6.66791 12.0709 7.02098 6.0667 9.958
threshold=188.21428571428575 242.50000000000003 219.05685696612679 1.0000000180025095e-35 6.4583333333333348 -0.23333333333333328 171.50000000000003 0.52500000000000013 139.50000000000003 0.021408749999999952 223.50000000000003 176.07142857142858 0.97335555334614954 97.500000000000014 49.626923076923084 -0.25833333333333325 132.50000000000003 0.27150000000000007 30.350000000000005 125.50000000000001 32.500000000000007 72.071428571428584 128.6428571428572 146.50000000000003 272.50000000000006 714.50000000000011 0.18944099378881982 71.642857142857153 296.50000000000006 185.48626361132619
decision_type=2 2 2 2 2 2 2 2 2 2 2 2 2 2 2 2 2 2 2 2 2 2 2 2 2 2 2 2 2 2
left_child=1 2 3 4 -1 6 -5 8 24 10 11 12 -7 14 22 -12 19 18 -18 -17 -21 -13 -14 -24 25 26 -8 -28 -11 -30
right_child=-2 -3 -4 5 -6 9 7 -9 -10 28 15 21 13 -15 -16 16 17 -19 -20 20 -22 -23 23 -25 -26 -27 27 -29 29 -31
leaf_value=-0.0011858403136576093 0.01934801969650822 -0.018090557092082026 0.027093348769569345 -0.00051659391466849901 -0.035620204558531952 -0.018942935326661532 -0.024221219957891234 0.028896986984555909 0.0090503351484577423 0.0031352214554188481 -0.013858272897647739 -0.0030380047367360346 -0.0061881163231449288 -0.02460415993434523 -0.011631444941840083 -0.018819040745878639 0.0027641499471938646 0.052275075583574485 0.034433084286342903 -0.010445718111558283 0.029658399930150566 0.026468419671073926 0.095478940013255686 0.0069912392932896346 0.03199192131040407 -0.0051456743354890899 0.0074726769185687048 0.049227060484317575 -0.0018130906415852006 0.025891528575338954
leaf_weight=9.1242033243179339 16.64920211955905 23.981715104077011 7.7735592257231465 406.64507312793285 9.6714882035739702 84.189170077443123 4.7867205452639636 21.969387287274003 198.43721002852544 485.11346329096705 30.846818627789617 39.019803337752819 1.4417277640895934 6.5878418316133311 5.0773158585652709 24.833776738028973 55.849412797484547 3.7031392501667133 9.1941436287015659 9.9313532430678624 8.0452811922878009 7.4503446016460648 2.6382741807028651 2.4923305809497833 3.8862182456068686 105.31851311819628 8.3746983129531127 6.0300836509559295 632.32199070416391 10.898045803420244
leaf_count=72 82 175 530 5974 94 4563 107 166 1669 4246 434 245 90 203 337 396 687 55 76 117 74 42 49 42 44 929 290 73 5106 223
internal_value=0.000503978 0.000354386 0.000563421 0.000457117 -0.0198087 0.000641263 0.00283342 0.00672928 0.00515559 -0.00052645 -0.00489823 -0.00942209 -0.0146425 0.00516201 0.0226091 -0.000135373 0.00374858 0.0108107 0.00769426 -0.00758003 0.0081196 0.00215055 0.0471037 0.0606456 -0.000887181 -0.00216013 0.0136673 0.0270127 0.000605545 -0.00130423
internal_weight=2242.28 2225.63 2201.65 2193.88 18.7957 2175.08 755.448 348.803 326.833 1419.63 291.301 148.897 102.427 18.2375 11.6496 142.404 111.557 68.7467 65.0436 42.8104 17.9766 46.4701 6.57233 5.1306 128.396 124.51 19.1915 14.4048 1128.33 643.22
internal_count=27190 27108 26933 26403 166 26237 9252 3278 3112 16985 7410 5571 5284 721 518 1839 1405 818 763 587 191 287 181 91 1443 1399 470 363 9575 5329
is_linear=0
shrinkage=0.03


Tree=209
num_leaves=31
num_cat=0
split_feature=29 17 28 24 19 7 24 20 46 16 24 17 16 31 24 26 20 4 24 50 39 1 20 16 7 1 42 34 35 30
split_gain=6.40846 10.9209 6.99674 6.49203 9.41111 6.22386 6.74397 5.96482 5.56816 8.728 14.8889 7.91089 7.77961 7.62624 7.52238 10.637 8.29575 8.81833 10.1268 8.47056 11.0146 9.86466 10.7017 9.77371 7.89319 9.42677 9.36896 9.48124 8.1151 7.44277
threshold=0.75500000000000012 9637.0000000000018 0.0079950000000000021 0.18533094812164577 7.607142857142855 0.10833333333333332 0.20942982456140347 36.98846153846155 118.50000000000001 1779.5000000000002 0.21563498982853821 8497.0000000000018 4470.5000000000009 0.018500000000000003 0.17206290471785382 -0.97335555334614932 63.057692307692321 4.2138818037327397 0.17844112769485901 117.50000000000001 97.050000000000026 144.50000000000003 32.419230769230786 441.50000000000006 1.0000000180025095e-35 182.78571428571431 1.0000000180025095e-35 152.88219056921699 143.4511340131285 84.050000000000026
decision_type=2 2 2 2 2 2 2 2 2 2 2 2 2 2 2 2 2 2 2 2 2 2 2 2 2 2 2 2 2 2
left_child=1 3 -3 4 -1 -5 -7 -8 9 -2 12 -12 13 -11 15 -10 17 18 -16 -20 -21 22 -22 -23 25 -19 -26 28 -28 -17
right_child=8 2 -4 5 -6 6 7 -9 14 10 11 -13 -14 -15 16 29 -18 24 19 20 21 23 -24 -25 26 -27 27 -29 -30 -31
leaf_value=-0.024618875196499052 2.3550746596749914e-05 0.04125816499066523 -0.019420612452296659 -0.029381783926623009 0.029487542432207064 -0.018350747803190407 -0.016238200876544345 0.04508268185548079 -0.022299903804459498 0.0043117576292052897 0.031554021650416104 -0.012352952205518528 0.017173636102764341 -0.023854445290256914 -0.025056104765068012 0.02315238090434607 -0.022567960449178633 -0.0010843300945609258 0.032839188018027564 0.016185082544105747 0.018220355144847676 -0.012669462457210555 -0.033959433535119619 0.034571312900057091 0.00020339976031209615 0.011529306981360631 0.024938703058808635 0.016820307895298443 -0.00098294009773506837 -0.0084064079528642921
leaf_weight=4.1547313174232823 661.21371251344681 4.7290191887877873 1.7414942232426254 23.358034868375398 5.6623079576529562 8.5124769844114763 1.6323189814575005 2.7867137927096337 5.8772744014859191 10.023858628701417 9.4192211087793094 5.0431417475920162 4.9919553454965344 51.556410373654217 6.0546275647357097 39.011329748667777 11.622511128894983 863.77060984517448 14.510815734975038 58.029895403888077 4.0666289012879195 6.833224948961286 12.570326172281055 7.1930800396949053 183.05172722996213 55.829151170328259 11.718431863468139 87.44842404872179 74.317644143011421 7.5477991062216452
leaf_count=82 10443 33 193 901 56 198 16 80 35 79 72 63 42 619 57 360 291 8623 169 594 31 90 133 51 1750 285 217 907 681 77
internal_value=0.00074041 -0.00951141 0.0245134 -0.0147054 0.0064298 -0.020442 -0.00334422 0.0236151 0.000990568 -0.0011215 -0.0103511 0.0164346 -0.0163272 -0.019274 0.00207216 0.013121 0.00164836 0.00186765 0.0100081 0.0122859 0.00859465 -0.00582764 -0.020895 0.0122454 0.0011634 -0.000306861 0.00494583 0.00991995 0.00279365 0.0179671
internal_weight=2244.28 52.5771 6.47051 46.1066 9.81704 36.2895 12.9315 4.41903 2191.7 742.248 81.0346 14.4624 66.5722 61.5803 1449.45 52.4364 1397.02 1385.39 109.259 103.204 88.6932 30.6633 16.637 14.0263 1276.14 919.6 356.536 173.485 86.0361 46.5591
internal_count=27228 1559 226 1333 138 1195 294 96 25669 11318 875 135 740 698 14351 472 13879 13588 1125 1068 899 305 164 141 12463 8908 3555 1805 898 437
is_linear=0
shrinkage=0.03


Tree=210
num_leaves=31
num_cat=0
split_feature=1 38 3 24 3 24 34 1 26 32 15 47 1 3 1 45 32 37 23 38 25 26 21 34 21 16 39 4 12 1
split_gain=7.26771 8.03806 9.0052 8.51657 13.5567 8.56684 16.4897 11.7765 10.9283 19.4853 13.139 9.99375 13.8543 10.3467 11.5963 13.8234 11.8564 9.05323 8.63447 9.88856 9.02982 8.51048 14.2624 9.8593 8.15255 7.90298 7.79542 14.5281 7.61451 8.85087
threshold=182.78571428571431 26.650000000000002 242.50000000000003 0.17206290471785382 175.50000000000003 0.21563498982853821 149.80843421965434 171.35714285714286 -0.95642797789208689 0.24100000000000002 288.50000000000006 72.500000000000014 139.35714285714286 109.50000000000001 123.64285714285715 7.0500000000000007 0.24900000000000003 52.500000000000007 0.30940170940170947 30.250000000000004 -0.8814490726585632 -0.19509032201612822 0.36414519522962085 152.88219056921699 0.29948682362853424 668.50000000000011 82.450000000000017 5.5644586365001603 84.500000000000014 148.21428571428575
decision_type=2 2 2 2 2 2 2 2 2 2 2 2 2 2 2 2 2 2 2 2 2 2 2 2 2 2 2 2 2 2
left_child=1 28 3 4 -3 11 8 -8 9 -7 -10 12 -5 -13 15 -15 25 -9 19 20 -12 22 -14 -23 -6 -17 27 -16 29 -1
right_child=-2 2 -4 5 24 6 7 17 10 -11 18 13 21 14 26 16 -18 -19 -20 -21 -22 23 -24 -25 -26 -27 -28 -29 -30 -31
leaf_value=0.00066206476551326191 0.0086485292113319089 0.031277619920555326 -0.027982574507976327 0.025590423740430135 -0.016357786196917756 -0.036927725584912897 0.02612533095339006 0.017383060352917975 -0.020593325598217777 0.020687082303102521 -0.014092590425132742 0.034161805617911531 0.029426664789175976 -0.019295478605656832 0.066459434566767422 -0.013377587012626738 -0.023085151431714288 -0.015885692950265148 -0.023949915690940144 0.032131924754508753 0.014047224804564551 -0.029505363361826766 -0.011525411678977703 0.006887892773591052 0.01709543762688584 0.017053859598943465 -0.00037818210776261168 0.0053405868223920967 -0.015563093059930422 -0.0054808696423224688
leaf_weight=544.64326800743584 86.639286557212472 21.078003201633692 8.3045972534455341 30.667440845631063 13.351930950302632 15.377571941353382 49.658858004026115 14.55192707013339 14.566912171663715 7.0221566371619693 13.73665344621986 6.5213396074250332 16.260868556797508 63.411373788956553 3.4037360642105368 9.4017201112583262 12.279543294571338 12.987323134206234 5.3085982725024214 16.786171089857817 33.248368244152516 12.720337645616384 12.998272237367926 12.491733151953666 11.073979269713162 29.832464312203228 764.49450131459162 18.111808583140373 36.274397012311965 343.49877157295123
leaf_count=9803 445 240 71 320 130 121 516 93 541 45 148 49 119 695 23 122 96 83 67 106 295 157 94 123 76 192 7700 193 699 3792
internal_value=0.000179924 -0.000164549 0.00142396 0.00164664 0.0142395 0.00114762 0.00708865 0.0175403 -0.00061259 -0.0187537 0.00440957 4.48086e-05 0.00981073 -0.000881233 -0.00117248 -0.0100301 0.00152536 0.00168686 0.00990058 0.0130447 0.00569796 0.00062555 0.0114542 -0.0118989 -0.00111523 0.0096103 0.000133724 0.0175318 -0.00227682 -0.00171728
internal_weight=2240.7 2154.06 1229.65 1221.34 45.5039 1175.84 183.245 77.1981 106.046 22.3997 83.6467 992.595 85.1387 907.456 900.935 114.925 51.5137 27.5393 69.0798 63.7712 46.985 54.4712 29.2591 25.2121 24.4259 39.2342 786.01 21.5155 924.416 888.142
internal_count=27154 26709 12415 12344 446 11898 2015 692 1323 166 1157 9883 813 9070 9021 1105 410 176 616 549 443 493 213 280 206 314 7916 216 14294 13595
is_linear=0
shrinkage=0.03


Tree=211
num_leaves=31
num_cat=0
split_feature=2 23 29 14 15 40 25 19 26 23 19 2 37 7 16 0 16 15 2 47 25 12 38 38 1 29 34 34 2 36
split_gain=7.03356 6.89861 9.34047 14.6914 11.284 12.6398 9.17658 7.24372 11.7875 7.80898 10.4358 7.96461 7.0454 6.98706 6.66063 7.23377 6.43428 7.08761 10.2355 11.6646 10.1713 9.79671 8.99102 9.34059 14.7166 9.0068 10.9583 8.93809 10.9144 8.73909
threshold=74.500000000000014 0.31851119894598162 1.1650000000000003 394.50000000000006 600.50000000000011 11.100000000000001 0.065403129230143062 -0.53571428571428459 -0.065403129230143228 0.18808962264150944 -3.7142857142857113 175.50000000000003 64.000000000000014 0.30833333333333335 1316.5000000000002 163.50000000000003 4470.5000000000009 823.50000000000011 96.500000000000014 91.000000000000014 0.91037613702198772 81.500000000000014 28.950000000000003 27.750000000000004 159.6428571428572 0.85450000000000015 162.35107069633503 137.52305127253263 115.50000000000001 0.24872499999999995
decision_type=2 2 2 2 2 2 2 2 2 2 2 2 2 2 2 2 2 2 2 2 2 2 2 2 2 2 2 2 2 2
left_child=-1 7 3 4 5 -3 -5 8 -2 10 -10 13 16 -11 15 -6 17 -9 -19 20 21 -20 23 25 -25 -21 27 28 29 -27
right_child=1 2 -4 6 14 -7 -8 12 9 11 -12 -13 -14 -15 -16 -17 -18 18 19 22 -22 -23 -24 24 -26 26 -28 -29 -30 -31
leaf_value=-0.036703329355596517 0.0090220069907569356 -0.0037965424696580802 -0.01636798391174836 0.032212525348194063 -0.014202226825067062 0.039540497880358474 -0.0053205004176010134 0.0013855008376374427 0.039918857351645652 -0.021435330288157486 -0.0081024408549946834 0.0092202208933884842 0.014039011562093143 0.027561519986661152 -0.0016219046876958091 -0.051551288981054946 0.021289542426638317 -0.022404493284767592 0.022203891058851916 -0.025643630667924255 -0.01898482017315185 -0.02448362290789537 -0.012870897293964017 0.028104443113250652 -0.021007753504833131 0.014590592743535993 0.022576496502744771 -0.012204603352304886 0.016009807061707123 -0.026085307305495329
leaf_weight=3.6977152726612976 32.24004399497062 52.729798746062443 51.081798903644085 15.679547809530051 11.986602154560392 5.8275010692886999 8.6519675469025952 1584.1966051771306 4.6612305738963213 64.215826745843515 13.678373838774858 9.2765139490365964 35.4167973799631 1.9012251931708295 10.646910707931964 8.0142070893198234 12.58664198592305 22.940396734513342 36.464547619223595 14.105462997686116 7.4472294077277175 3.7058732295408836 79.353917552158237 19.717781972605739 6.6484450306743375 6.4760371642187264 14.44943164475262 59.030998140573502 30.154805968515575 12.737183262594042
leaf_count=173 318 914 615 128 137 87 66 17103 78 3480 426 42 276 52 104 47 116 461 389 180 39 59 578 154 50 71 204 424 251 93
internal_value=-3.34272e-05 4.3594e-05 -0.00584829 -0.00101374 -0.00667421 0.00110776 0.0191831 0.000514429 -0.00642858 -0.011782 0.00553575 -0.0160119 0.000967084 -0.0196367 -0.0211081 -0.0309099 0.000717476 0.000569868 -0.00354654 -0.00198449 0.0114418 0.0174067 -0.00465514 -0.000609242 0.0154053 -0.00378167 -0.00108469 -0.00441623 0.00495401 -0.0123315
internal_weight=2239.72 2236.02 164.618 113.537 89.205 58.5573 24.3315 2071.41 125.973 93.7332 18.3396 75.3936 1945.43 66.1171 30.6477 20.0008 1910.02 1897.43 313.232 290.292 47.6177 40.1704 242.674 163.32 26.3662 136.954 122.848 108.399 49.368 19.2132
internal_count=27115 26942 2098 1483 1289 1001 194 24844 4396 4078 504 3574 20448 3532 288 184 20172 20056 2953 2492 487 448 2005 1427 204 1223 1043 839 415 164
is_linear=0
shrinkage=0.03


Tree=212
num_leaves=31
num_cat=0
split_feature=1 33 12 25 25 21 11 47 38 23 25 23 21 46 32 22 1 32 21 37 3 50 9 35 39 39 49 26 23 24
split_gain=6.98148 6.61023 7.3415 10.5846 19.0244 16.1333 15.7377 13.6823 14.4481 12.7902 10.2365 14.4758 16.7043 12.4753 15.7938 15.0693 11.2288 11.9505 16.9342 14.2366 15.6285 12.4754 10.7074 11.8043 11.5726 11.8267 10.2677 18.1443 18.9755 12.0777
threshold=188.21428571428575 205.60855771946493 62.500000000000007 1.0000000180025095e-35 -0.81241147629688981 0.45641419620367929 16.500000000000004 87.500000000000014 27.050000000000001 0.13714733542319749 0.58216583101416142 0.29249530956848036 -1.277648337674621 138.50000000000003 0.12700000000000003 7.041666666666667 176.6428571428572 0.20300000000000004 -1.5667040502015588 46.500000000000007 168.50000000000003 160.00000000000003 0.14000000000000004 141.41010530509888 99.600000000000009 97.050000000000026 83.500000000000014 1.0000000180025095e-35 0.29948453608247422 0.21089696071163824
decision_type=2 2 2 2 2 2 2 2 2 2 2 2 2 2 2 2 2 2 2 2 2 2 2 2 2 2 2 2 2 2
left_child=1 2 3 4 5 6 9 -6 -9 -1 16 12 13 14 -12 -16 17 21 19 20 -19 -5 23 -20 25 -25 27 28 -13 -30
right_child=-2 -3 -4 10 7 -7 -8 8 -10 -11 11 26 -14 -15 15 -17 -18 18 22 -21 -22 -23 -24 24 -26 -27 -28 -29 29 -31
leaf_value=0.031338543832567088 0.019558028118222069 0.019456264007489961 -0.0065952456479295464 -0.020918368597244698 0.017687738962511152 0.005654193406051655 0.020725592974027221 -0.00065054099966190178 0.010244260570276238 -0.007785639788159133 0.019707530384177208 -0.028597505665174053 0.0035770988106536496 0.0098857344693477744 -0.013895273919523886 -0.051225136518700809 0.0041672769583011304 0.0013095545107873583 -0.023396058295979953 -0.012771353176999288 0.093592343657116925 0.025485288118985316 -0.019781042554657177 0.0061855933552274287 -0.017781230718478057 0.047942390512757102 -0.018127457627732043 -0.028196190772246433 0.034942386664084404 -0.0013834259868425647
leaf_weight=6.7298790076747528 15.409989323467014 14.477165919262914 150.37048045755364 86.727448190213181 80.921865054406226 179.5409155623056 18.692356353625655 240.13773490139283 200.28249521320686 325.72404366498813 7.8250149153172961 8.2447517132386547 545.45927326974925 18.274229136295617 37.33737221499905 12.797568612964822 63.560133768245578 2.7484949231147748 14.889531981083563 3.6264477833174169 3.250156918540597 4.7175266365520647 38.947005540132523 38.187348627019674 13.457323213107882 6.365881043020635 61.066221249522641 14.426508160075171 19.010207941755652 13.876235083676873
leaf_count=60 79 799 2040 2009 718 1687 155 2293 1514 2878 106 47 7548 187 476 158 391 48 793 74 43 60 671 562 180 68 1104 319 139 85
internal_value=6.18148e-05 -8.15088e-05 -0.000217794 0.000249158 0.0023566 -0.00164112 -0.00537668 0.00642133 0.00431589 -0.00690204 -0.00193578 -8.94295e-05 0.00173393 -0.0113296 -0.0180728 -0.0242396 -0.00684826 -0.0101407 -0.00391824 0.032339 0.0575384 -0.0182747 -0.00729731 -0.000450425 0.00573569 0.0130734 -0.00974142 -0.000366375 0.00983232 0.0200264
internal_weight=2247.08 2231.67 2217.19 2066.82 1052.03 530.687 351.146 521.342 440.42 332.454 1014.79 738.317 621.693 76.2342 57.96 50.1349 276.477 212.917 121.472 9.6251 5.99865 91.445 111.847 72.9001 58.0106 44.5532 116.624 55.5577 41.1312 32.8864
internal_count=27291 27212 26413 24373 9305 4780 3093 4525 3807 2938 15068 10169 8475 927 740 634 4899 4508 2439 165 91 2069 2274 1603 810 630 1694 590 271 224
is_linear=0
shrinkage=0.03


Tree=213
num_leaves=31
num_cat=0
split_feature=25 26 26 12 28 21 21 24 20 46 23 29 28 35 21 21 23 34 34 32 24 31 35 30 39 24 23 23 35 27
split_gain=7.477 19.7804 13.2782 13.2771 11.0533 11.2875 22.4435 10.3169 9.89938 9.83688 9.70526 13.4134 12.3144 15.7005 11.8837 11.6227 18.2303 11.4603 11.0898 10.9704 9.77561 13.1457 9.51478 12.1968 10.0648 13.2447 12.4518 15.4917 16.6754 13.0771
threshold=-0.22695468355932447 -0.81241147629689003 0.38268343236508995 77.500000000000014 0.0065350000000000009 -1.312672233882221 -1.5251753490268432 0.20296073803904743 43.165384615384632 160.50000000000003 0.20101010101010103 1.2400000000000004 0.0062100000000000011 163.00084408483949 -1.6096915127218898 1.000207056808512 0.22996794871794868 163.43471454728908 138.54073015430313 0.23300000000000004 0.20101010101010103 0.071500000000000008 132.52330019830433 77.700000000000017 89.050000000000011 0.22100122100122097 0.22713159780272266 0.23294573643410851 160.41054062727207 135.00000000000003
decision_type=2 2 2 2 2 2 2 2 2 2 2 2 2 2 2 2 2 2 2 2 2 2 2 2 2 2 2 2 2 2
left_child=1 -1 4 8 10 6 -6 -5 22 -2 11 -3 14 -14 -12 18 -17 -15 -16 -18 21 -20 23 -4 25 -24 -26 28 -28 -29
right_child=9 2 3 7 5 -7 -8 -9 -10 -11 12 -13 13 17 15 16 19 -19 20 -21 -22 -23 24 -25 26 -27 27 29 -30 -31
leaf_value=0.011308473072630016 -0.0024734836291031648 -0.023602211139428435 -0.024914413318358006 -0.032383599773431346 -0.019562252803910794 -0.014636909588205939 0.038980374443330995 0.0028519393234207593 0.015081233835583121 0.010286218325398283 0.026118775619408899 0.019783730178207032 0.044553524128668497 -0.012197709599368268 -0.019836371740972539 0.04892426694946192 0.014904745461205179 0.029043333711960502 -0.029811427678854391 -0.028674106143242513 0.0065704200465287179 0.0019691728512461846 -0.001004676053526219 0.033245564435495187 0.018495393044490747 -0.029917143134416811 0.012243852836005069 -0.016809539238929177 -0.04601775585884519 0.011108088488977704
leaf_weight=158.47732058027759 1161.3047179414425 29.249512040056288 3.2394006284885135 15.086460627615454 11.462291119620206 117.53948720172048 10.256190430372952 13.697594161145387 67.669774836627766 56.070102538913488 12.264157969504593 7.3179480554535976 11.804477555677293 15.327357992529871 40.742772218305618 8.2048702389001864 12.461960731074216 8.6628237143158895 19.480346380732954 7.4753995332866898 58.571292768698186 27.098213919438422 158.186015506275 15.915252280421553 53.310571822337806 14.681651744060217 6.5599080175161388 17.759358255192637 10.666311268694697 77.558812953531742
leaf_count=1707 16962 364 125 265 120 1640 90 281 532 359 70 47 104 87 839 56 92 63 144 86 435 215 1099 186 405 85 40 119 66 533
internal_value=-0.000295018 0.00161138 -0.000202947 0.00329817 -0.00419866 -0.0109803 0.00858244 -0.0160831 0.00464376 -0.00187783 -0.000519345 -0.0146242 0.00185815 0.0177191 -0.00126764 -0.00333574 0.0139991 0.00326065 -0.00675211 -0.00202401 -0.00154319 -0.0116695 0.00263365 0.0226615 0.00143771 -0.00361816 0.00669745 0.000995267 -0.0243767 0.00578605
internal_weight=2228.1 1010.73 852.25 454.331 397.919 139.258 21.7185 28.7841 425.547 1217.37 258.661 36.5675 222.094 35.7947 186.299 174.035 28.1422 23.9902 145.893 19.9374 105.15 46.5786 357.877 19.1547 338.723 172.868 165.855 112.544 17.2262 95.3182
internal_count=27216 9895 8188 3736 4452 1850 210 546 3190 17321 2602 411 2191 254 1937 1867 234 150 1633 178 794 359 2658 311 2347 1184 1163 758 106 652
is_linear=0
shrinkage=0.03


Tree=214
num_leaves=31
num_cat=0
split_feature=7 49 25 29 16 17 32 24 4 24 49 21 30 18 17 15 14 32 24 31 23 22 49 30 2 2 2 1 25 49
split_gain=7.57409 11.0798 11.3383 15.5437 9.87992 15.054 12.9796 12.4458 12.0645 11.0753 10.0197 9.58808 13.1203 10.7842 10.4088 13.7538 12.7975 8.45098 8.37553 13.3515 11.9607 9.17861 9.10895 8.26834 15.6494 10.7041 8.61359 9.51663 9.76921 9.95821
threshold=-0.1083333333333333 82.500000000000014 -0.29012925520284083 1.2400000000000004 1328.5000000000002 5263.0000000000009 0.17400000000000002 0.21089696071163824 5.2199616496860015 0.19253938832252088 107.00000000000001 0.45641419620367929 80.100000000000009 70.928571428571445 2245.5000000000005 649.50000000000011 220.50000000000003 0.19500000000000003 0.19900990099009905 0.07400000000000001 0.2137002341920374 4.2083333333333348 89.000000000000014 74.850000000000009 122.50000000000001 83.500000000000014 86.500000000000014 139.6428571428572 0.9946518923062071 81.500000000000014
decision_type=2 2 2 2 2 2 2 2 2 2 2 2 2 2 2 2 2 2 2 2 2 2 2 2 2 2 2 2 2 2
left_child=-1 23 3 4 7 -6 -7 8 10 -8 -3 12 -4 -14 15 16 -15 -10 19 21 -21 -13 -20 24 -2 -25 -27 -28 29 -29
right_child=1 2 11 -5 5 6 9 -9 17 -11 -12 18 13 14 -16 -17 -18 -19 22 20 -22 -23 -24 25 -26 26 27 28 -30 -31
leaf_value=-0.0016923427449278942 -0.027350169046199427 0.024165731610657291 0.0059223104321592989 0.0322514532976374 0.028743911825322838 0.0090838357241803374 0.0082273362336005157 0.022742101704823412 -0.013421961171532255 -0.020076095001881608 -0.017622385446609767 0.011969401924177201 -0.016230178299411747 0.020287746714544384 -0.017609225659727102 0.03943122938070244 -0.01461503311907923 0.0041446848178552098 0.0058876361908979042 0.02720015260891525 -0.0042465199969415326 -0.026167497241884531 -0.022071737689910515 0.042397397413203738 0.032419845391926078 -0.028176563093480628 0.013156576466825701 0.0026081517368284728 -0.021273977983978471 0.027223995447047167
leaf_weight=1128.2683306511026 14.743814740329983 30.472548742778599 143.87023359932937 15.600186374038456 10.152949915267525 28.489834474632517 15.009322708006946 34.460004785098135 38.28767957072705 60.408163344487548 5.424927255138754 6.7064816872589317 61.00834166421555 15.443957756273447 17.732229437213391 9.3221586272120458 21.24491070676595 65.277478597126901 12.312680748058481 16.431725942878984 28.398311030119658 23.968928093556315 57.89742807939183 6.558776606572791 4.3379716521594665 5.4693067583721122 131.86112261377275 185.5125684752129 13.077500397339461 15.105659658089278
leaf_count=13434 571 283 2130 194 88 375 183 318 466 626 53 75 1204 142 163 68 143 569 158 181 383 375 986 107 38 77 1707 1740 132 173
internal_value=3.17635e-05 0.00180884 -0.000378804 0.00401818 0.00238246 -0.00445559 -0.00794264 0.00686676 0.00281012 -0.0144093 0.0175441 -0.00360237 -0.000232859 -0.00732198 0.00132301 0.0088387 0.000225551 -0.0024159 -0.00977003 -0.00276879 0.00762175 -0.0177151 -0.0171547 0.00596843 -0.0128245 0.00700424 0.00622438 0.00684859 0.00291309 0.00458745
internal_weight=2222.86 1094.59 717.92 303.583 287.983 114.06 103.907 173.923 139.463 75.4175 35.8975 414.337 268.622 124.752 63.7433 46.011 36.6889 103.565 145.716 75.5054 44.83 30.6754 70.2101 376.667 19.0818 357.585 351.026 345.557 213.696 200.618
internal_count=27142 13708 9163 3155 2961 1272 1184 1689 1371 809 336 6008 3850 1720 516 353 285 1035 2158 1014 564 450 1144 4545 609 3936 3829 3752 2045 1913
is_linear=0
shrinkage=0.03


Tree=215
num_leaves=31
num_cat=0
split_feature=6 46 34 25 26 26 2 26 16 50 32 4 22 22 22 28 47 49 14 2 31 48 47 47 42 30 24 30 18 22
split_gain=7.76792 6.88742 7.66209 6.87381 12.6687 13.25 12.2636 23.5584 18.5818 13.1522 17.3867 12.8574 11.2118 10.8323 14.8955 19.3694 14.0059 13.0829 16.3013 16.4346 11.5282 11.4518 20.9442 11.1333 9.65151 9.54747 10.8075 11.5608 10.0236 9.42656
threshold=1.2833333333333334 166.50000000000003 208.37556923557196 0.097964660725097311 -0.81241147629689003 -0.32143946530316164 162.50000000000003 0.16280825711809024 154.50000000000003 136.00000000000003 0.18750000000000003 4.9733690143732172 6.541666666666667 7.9583333333333348 7.041666666666667 0.0076250000000000007 186.50000000000003 86.500000000000014 274.50000000000006 106.50000000000001 0.081000000000000016 195.00000000000003 98.000000000000014 104.50000000000001 1.0000000180025095e-35 78.300000000000026 0.18046132971506107 82.800000000000011 65.500000000000014 6.3750000000000009
decision_type=2 2 2 2 2 2 2 2 2 2 2 2 2 2 2 2 2 2 2 2 2 2 2 2 2 2 2 2 2 2
left_child=1 2 3 -1 -5 13 7 8 9 10 11 -7 -13 14 16 21 17 18 23 29 -15 22 -16 -6 -23 -8 28 -28 -27 -20
right_child=-2 -3 -4 4 5 6 25 -9 -10 -11 -12 12 -14 20 15 -17 -18 -19 19 -21 -22 24 -24 -25 -26 26 27 -29 -30 -31
leaf_value=0.00090985890374466346 0.018433562387675066 0.01937116678504474 0.027167198415772493 -0.011105504086282121 0.0043055174054832069 -0.011795322850952561 -0.022848804514970952 -0.025391356072071221 -0.012219353539435292 0.014347515463003405 -0.016305073436226152 0.045766154497184158 -0.00057219618416349931 0.0019964196807853961 0.01826383655277122 -0.051464943011532746 -0.029267417453024459 0.00031133831375692705 0.00041047199038934181 0.015400149055077193 0.038387826657929114 0.026259911619805412 -0.025590892366818292 0.040559018459830828 -0.0057802572567203486 0.05240768936526264 -0.014745826637235544 0.0096402647188863055 0.0022377264348641141 -0.038679419780418868
leaf_weight=1272.5916622530203 19.189769148360938 14.969448632560669 8.0357125052250904 130.76356638991274 10.962047481909392 11.248636656673627 9.7808546917512995 54.726211718050763 122.70875422144309 59.074601101223379 44.192227742867544 10.986893535358833 7.6894761712755999 16.084700078703467 12.717253776267169 7.744561417028307 9.1678180005401355 130.63892459310591 13.839670455083253 49.054806994274259 14.491862440947441 14.816184310708193 34.523806782439351 26.129386739805341 17.57271659001708 7.3015821697190386 23.502471126616001 60.339591538067907 6.4706856235861778 8.2488511987030488
leaf_count=11748 272 119 553 2078 83 166 90 5799 824 968 719 120 143 128 118 128 64 962 103 338 110 113 244 162 128 47 226 428 42 75
internal_value=-9.0476e-05 -0.000259559 -0.00040217 -0.00051582 -0.00249798 -0.00105003 -0.00469409 -0.00770922 -0.00384365 0.00390638 -0.00449587 0.0129069 0.0276282 0.00311351 0.00152736 -0.00905938 0.00527802 0.00672033 0.0143823 0.00581069 0.0199137 -0.00434801 -0.0136514 0.0302389 0.00922392 0.00401748 0.00691385 0.00271116 0.0305833 -0.0152305
internal_weight=2229.56 2210.37 2195.41 2187.37 914.778 784.015 418.022 310.627 255.901 133.192 74.1172 29.925 18.6764 365.993 335.416 87.3745 248.042 238.874 108.235 71.1433 30.5766 79.63 47.2411 37.0914 32.3889 107.395 97.6143 83.8421 13.7723 22.0885
internal_count=27098 26826 26707 26154 14406 12328 9572 8739 2940 2116 1148 429 263 2756 2518 731 1787 1723 761 516 238 603 362 245 241 833 743 654 89 178
is_linear=0
shrinkage=0.03


Tree=216
num_leaves=31
num_cat=0
split_feature=21 23 20 25 12 27 22 47 14 25 20 20 50 9 20 10 25 36 27 23 32 17 1 39 1 25 25 44 17 6
split_gain=8.53135 13.1026 10.7552 11.9751 9.97886 13.1185 7.8005 13.7428 10.5421 9.16738 7.45078 16.2138 11.7466 9.64652 9.45413 8.87325 8.61929 12.9555 10.8925 8.45463 8.7559 11.8463 8.33085 12.387 10.6468 12.6767 8.0411 16.673 8.23549 7.65539
threshold=-1.5667040502015588 0.24371464487743558 35.965384615384629 -1.0000000180025095e-35 108.50000000000001 105.50000000000001 5.6250000000000009 125.50000000000001 254.50000000000003 -0.81241147629688981 34.750000000000014 32.419230769230786 141.00000000000003 0.34000000000000002 28.150000000000006 7.5000000000000009 0.097964660725097311 0.11789249999999991 164.50000000000003 0.15484515484515485 0.20300000000000004 3008.5000000000005 144.50000000000003 103.60000000000001 127.78571428571431 -0.63405362205439475 -0.72947329433276231 1.0000000180025095e-35 4793.5000000000009 -0.24999999999999992
decision_type=2 2 2 2 2 2 2 2 2 2 2 2 2 2 2 2 2 2 2 2 2 2 2 2 2 2 2 2 2 2
left_child=1 2 -1 -4 5 6 7 8 -2 -10 11 12 14 26 -7 -12 17 29 -18 -13 21 -21 24 -24 25 -19 -14 28 -28 -16
right_child=4 -3 3 -5 -6 10 -8 -9 9 -11 15 19 13 -15 16 -17 18 22 -20 20 -22 -23 23 -25 -26 -27 27 -29 -30 -31
leaf_value=-0.010218314258926541 -0.014163049055296945 0.017297917867613657 0.033499638712991497 -0.0027504423540352933 0.023177340294017534 0.014192778542581917 -0.022142566169348711 -0.025503905936473455 -0.014637581992369831 0.035540524717056869 -0.019341619768306652 -0.018855168703738334 -0.022379396612515555 -0.030829713347019942 0.001366209359010751 -0.00084205683182165809 -0.015271560926730789 -0.031240049192476121 0.015003372292358317 -0.014745773754213033 0.015333145290204757 0.010205720499277359 -0.021945023602974612 0.010670050465819708 0.024293766600254809 0.015970377994718676 -0.031009858678073654 0.017372595398390256 0.01098243510950915 0.028526529643990974
leaf_weight=45.993227139813825 9.6131944304797816 63.184439891017973 12.780520128086208 19.920299767749384 15.115224007749928 44.970568219665438 37.661756426678039 14.659363399958236 3.6964908279478577 12.63100779801607 22.720340894535184 8.3089610328897816 17.147118886001408 16.86232275981456 15.45113547099754 1448.8637849648949 54.581487811170518 9.1875305930152553 12.394190492108462 23.687171355355531 128.43546561151743 55.021412235684693 30.890543245710433 14.874564322177319 16.982491299510002 9.3932621013373119 13.587569931522014 24.554995626211166 5.3075760453939429 23.026206396520138
leaf_count=481 340 644 97 343 304 349 2889 370 69 154 281 80 115 112 123 17118 470 54 93 197 1021 417 207 96 126 64 95 206 53 232
internal_value=0.000145776 0.00723809 -0.000954766 0.0119909 -0.000339 -0.000521428 -0.0124909 -0.00322072 0.009851 0.0239912 -4.6152e-05 0.00301995 -0.00138408 -0.0114191 0.00200464 -0.00114062 -0.000989803 0.00382425 -0.00953073 0.00931767 0.0105329 0.00260584 -0.00298644 -0.011343 0.00778343 -0.00777673 -0.00560497 0.00136941 -0.0192552 0.0179308
internal_weight=2231.5 141.878 78.694 32.7008 2089.63 2074.51 78.2618 40.6001 25.9407 16.3275 1996.25 524.665 309.212 77.4596 231.752 1471.58 186.781 119.806 66.9757 215.453 207.144 78.7086 81.3284 45.7651 35.5633 18.5808 60.5973 43.4501 18.8951 38.4773
internal_count=27200 1565 921 440 25635 25331 3822 933 563 223 21509 4110 2395 581 1814 17399 1465 902 563 1715 1635 614 547 303 244 118 469 354 148 355
is_linear=0
shrinkage=0.03


Tree=217
num_leaves=31
num_cat=0
split_feature=12 12 47 16 22 21 19 48 2 41 22 20 22 37 50 2 39 17 20 21 16 26 22 16 48 4 2 34 2 8
split_gain=7.97034 7.53572 6.47653 10.7595 9.16719 8.27828 8.05318 8.28598 10.6676 8.81641 7.78651 6.94774 12.2691 21.2077 20.458 16.3458 18.0607 15.9538 15.0897 12.3749 11.2921 10.9604 10.5995 14.2743 9.66424 9.26994 9.00916 10.2071 8.57022 8.31196
threshold=108.50000000000001 101.50000000000001 109.50000000000001 2610.5000000000005 8.3750000000000018 0.69688822491981461 11.464285714285717 145.50000000000003 142.50000000000003 1.0000000180025095e-35 6.4583333333333348 39.550000000000011 6.7083333333333348 46.500000000000007 147.50000000000003 137.50000000000003 99.600000000000009 10659.500000000002 29.926923076923078 -0.87984202452949833 1213.5000000000002 0.41248606129204557 5.6250000000000009 1481.5000000000002 108.00000000000001 8.4179807420907267 98.500000000000014 139.22412273035155 150.50000000000003 -1.3666666666666665
decision_type=2 2 2 2 2 2 2 2 2 2 2 2 2 2 2 2 2 2 2 2 2 2 2 2 2 2 2 2 2 2
left_child=1 2 3 4 11 -5 -4 8 -8 10 -9 12 13 20 19 17 -17 18 -15 21 -1 25 26 -24 28 -14 -20 -28 -13 -26
right_child=-2 -3 6 5 -6 -7 7 9 -10 -11 -12 24 14 15 -16 16 -18 -19 22 -21 -22 -23 23 -25 29 -27 27 -29 -30 -31
leaf_value=0.012622627762938793 0.020727051270850127 -0.02887823060308459 -0.0020125023823272773 -0.0035990391182442157 -0.024198586246236428 -0.029787780874527551 -0.021153115729613158 0.013165231371005065 0.015738327297729931 0.020132381978406222 -0.017707244920101537 0.054703300973792751 0.00035141708123615086 0.034031380950848691 -0.028514360495738775 -0.011190560000885627 0.027746056302082645 0.041758039468674187 0.038201796166037368 0.0089436042019565756 0.039173839369236414 0.019581009254373543 -0.023713234257327406 0.016324418362432772 0.028778696191243593 -0.03925416715955183 -0.0065697584904129301 0.031616173161109692 0.0030562572088685719 -0.0012391942592401702
leaf_weight=31.26201117457822 15.428248167969285 7.2423313718754789 1295.6486492382828 40.361977818422019 10.064820179948581 14.039700726047156 17.146078356076035 14.749049969017507 10.633650156669317 44.865451119374484 12.797208495438097 4.4447080269455892 8.7570242704823666 15.3150672246702 19.591716674622148 67.104488562326878 11.748896883334963 13.922294124495236 8.4935076986439508 94.384355566930026 28.227817091625184 6.0921487086452535 22.226167127955705 11.380379257025195 7.5053278864361337 12.477193421684204 21.339062984567139 7.7990213818848124 6.4367928467690945 346.90459835994989
leaf_count=267 311 185 16633 337 181 120 244 117 77 370 97 71 66 139 295 516 89 115 61 833 182 55 268 131 100 98 246 51 66 4864
internal_value=-9.19483e-05 -0.00024639 -0.000139335 0.00199336 0.00292572 -0.0107734 -0.00137729 0.00677585 -0.00697546 0.0120745 -0.00129511 0.00332389 0.00615754 0.0102894 -0.000849005 0.00507621 -0.00511432 0.0130453 0.00800265 0.00380035 0.0256605 -0.0136529 0.00201325 -0.0100751 0.000366438 -0.0236396 0.01279 0.0043609 0.0269808 -0.000524322
internal_weight=2228.39 2212.96 2205.72 809.879 755.477 54.4017 1395.84 100.191 27.7797 72.4117 27.5463 745.413 380.121 238.819 141.302 179.329 78.8534 100.475 86.5532 121.711 59.4898 27.3264 71.2381 33.6065 365.291 21.2342 37.6316 29.1381 10.8815 354.41
internal_count=27185 26874 26689 9151 8694 457 17538 905 321 584 214 8513 3412 2065 1347 1616 605 1011 896 1052 449 219 757 399 5101 164 358 297 137 4964
is_linear=0
shrinkage=0.03


Tree=218
num_leaves=31
num_cat=0
split_feature=8 33 2 30 13 6 18 50 2 35 10 24 20 9 39 48 26 2 16 33 31 47 13 46 3 9 15 3 45 30
split_gain=6.60259 7.7129 7.29747 8.11064 7.29571 12.3942 7.14222 6.86936 6.74535 6.68043 6.222 6.05331 14.5647 7.47365 7.39431 7.34672 8.41019 14.6466 8.61489 8.35981 6.49816 5.98817 5.65601 7.18991 5.65169 6.50114 5.8816 9.45547 9.30762 6.96404
threshold=-0.099999999999999936 205.60855771946493 172.50000000000003 84.300000000000026 2.3267089578772064 0.2166666666666667 65.928571428571445 108.50000000000001 116.50000000000001 122.00182460607927 202.50000000000003 0.19253938832252088 38.5346153846154 0.26000000000000006 88.90000000000002 125.00000000000001 0.38268343236508995 156.50000000000003 756.50000000000011 179.54978809656595 0.12200000000000001 87.500000000000014 25.296699400857946 127.50000000000001 236.50000000000003 0.8600000000000001 334.50000000000006 145.50000000000003 7.1500000000000012 84.300000000000026
decision_type=2 2 2 2 2 2 2 2 2 2 2 2 2 2 2 2 2 2 2 2 2 2 2 2 2 2 2 2 2 2
left_child=2 4 -1 10 5 9 -7 8 -6 -2 -4 12 20 -14 -13 -16 18 -18 -17 -20 22 -8 23 -9 25 26 27 -11 -29 -30
right_child=1 -3 3 -5 7 6 21 11 -10 24 -12 14 13 -15 15 16 17 -19 19 -21 -22 -23 -24 -25 -26 -27 -28 28 29 -31
leaf_value=0.0014714764680928665 -0.018335204546097258 0.023160755537005171 0.0003819178273585634 -0.0076661711860568412 0.038973426787441083 -0.0040645002485734331 0.027865702243345048 -0.019341386941677596 -0.0011215680224898425 0.0075922937651785776 0.026408865669496819 -0.01554958304222295 -0.023911936823296693 0.0076206973662493183 -0.022088070727046653 0.019017468947309334 0.031809211483334314 -0.021266143933684641 -0.016160178136879661 0.011318832367862078 -0.013910531050108338 0.0084852360526030558 0.031368600210893285 0.025929848895297536 -0.015863354320958561 0.017987600538000855 0.00023485528126808834 -0.02299494856744937 -0.009059197366441599 0.009830184293937512
leaf_weight=899.64748476573732 19.925797958625481 10.607355680782346 11.438510298728941 12.693818364292381 4.8574458640068761 33.640613355557434 16.438235234003514 5.4071686887182313 10.477589400485156 35.450156264938414 29.092045739293098 93.494621690595523 19.779193602968011 9.4436390497721714 15.647837951313702 9.9004708668217045 14.401331028435381 5.9046386228874317 43.874960230197757 12.030433820560573 5.1416093148291102 92.828977766912431 16.35289470711723 5.2433943320065737 21.900065211579204 15.335316579788921 615.56042946316302 34.032086735707708 79.678674678318202 21.567326862365007
leaf_count=11328 1651 647 58 71 40 595 146 93 107 760 162 1409 262 66 119 77 150 45 451 106 80 805 159 32 162 86 4527 1290 1452 275
internal_value=0.000231374 -0.00118547 0.00211742 0.0128073 -0.00140893 -0.000207509 0.00793072 -0.00574962 0.0131871 -0.00159415 0.0192496 -0.00692803 0.00127609 -0.0138069 -0.00949992 -0.00384439 -0.000313729 0.016102 -0.0055444 -0.0101519 0.0149908 0.0116271 0.020794 0.00325879 -0.00116734 -0.000746586 -0.00113435 -0.00604364 -0.00964648 -0.00497861
internal_weight=2221.79 1268.92 952.872 53.2244 1258.31 986.358 142.908 271.957 15.335 843.45 40.5306 256.622 61.3679 29.2228 195.254 101.76 86.1118 20.306 65.8059 55.9054 32.1451 109.267 27.0035 10.6506 823.524 801.624 786.289 170.728 135.278 101.246
internal_count=27211 15592 11619 291 14945 11749 1546 3196 147 10203 220 3049 692 328 2357 948 829 195 634 557 364 951 284 125 8552 8390 8304 3777 3017 1727
is_linear=0
shrinkage=0.03


Tree=219
num_leaves=31
num_cat=0
split_feature=4 22 27 23 21 46 22 22 25 30 25 22 28 48 25 25 21 25 35 22 28 20 17 23 21 2 29 1 26 1
split_gain=8.28758 11.9385 11.6987 11.5497 11.4018 10.0025 11.0266 12.4359 10.2598 9.65862 14.3775 9.01303 8.78002 12.4451 9.30168 9.03931 10.914 8.77035 11.1912 8.71888 10.3615 10.9225 10.2634 8.68236 13.6297 14.5574 12.3862 12.132 12.7946 11.4242
threshold=5.2520471845529251 3.7083333333333335 107.00000000000001 0.34759725400457669 -1.5667040502015588 102.50000000000001 4.2083333333333348 5.541666666666667 -0.84874750804349186 81.90000000000002 -0.81241147629688981 4.4583333333333348 0.0063100000000000005 165.50000000000003 -0.95642797789208678 0.91037613702198772 -0.21895164586918262 -1.0000000180025095e-35 146.4089592828482 8.1250000000000018 0.004935000000000001 33.373076923076937 7923.5000000000009 0.20304626660558867 0.63384706484899178 152.50000000000003 0.89050000000000018 128.92857142857147 -0.3520614488341256 143.35714285714286
decision_type=2 2 2 2 2 2 2 2 2 2 2 2 2 2 2 2 2 2 2 2 2 2 2 2 2 2 2 2 2 2
left_child=1 -1 11 12 9 6 -6 8 -8 17 -11 -3 13 -4 -14 -16 -17 18 -2 20 21 -9 -23 24 25 27 -25 28 -7 -28
right_child=4 2 3 -5 5 23 7 19 -10 10 -12 -13 14 -15 15 16 -18 -19 -20 -21 -22 22 -24 26 -26 -27 29 -29 -30 -31
leaf_value=0.041547350031182886 0.050986013249710818 0.017052211120477567 0.011454859710762053 -0.018118314883841125 -0.030754538874813202 0.011708433946215555 -0.016815922678217163 -0.025823256519585568 0.012639718508062581 -0.025332895800232551 0.011627995984047733 -0.022801292270297324 -0.027949955968910648 -0.0029258288562085456 0.017760290459976822 0.015475649173997722 -0.0081709971606392373 0.0015576623840823387 0.014717106657142582 0.017171873926758813 -0.021935257487691956 0.018789515813885816 -0.018618430726138158 -0.0094663825384463784 -0.0056200163471681998 -0.0043006957783206711 0.0039714474865223462 0.018561122321574249 -0.024732477825536461 -0.0025523849373035369
leaf_weight=6.5674626568797967 8.9258260489441437 5.6855715699493912 81.830767492763698 18.011233986122534 15.900343542220069 22.947561160195619 12.919597230851648 11.394957800628616 44.921555873705074 15.291736770421265 21.690138621721417 23.188132141716778 4.4612278183922163 155.64305976987816 101.15444718650542 33.880206512287259 34.483066671527922 29.867013421840966 40.798861573217437 8.0716157527640444 57.141589463804848 20.752023308537904 8.5596991789061558 145.57543808897026 83.483269873540848 55.364718842320144 381.50905383611098 110.27812632615678 12.597867524018509 654.70900415210053
leaf_count=84 90 83 970 171 283 146 155 297 607 88 253 1015 59 1767 971 339 414 498 329 366 2530 337 120 1992 867 476 4263 1200 276 6281
internal_value=0.000593576 0.00415204 0.00352692 0.00477988 -0.000346777 -0.000990848 -0.00765148 -0.00523524 0.00588644 0.00867917 -0.00391966 -0.0146456 0.00582374 0.00205685 0.0109242 0.0121052 0.00360222 0.0145091 0.0221044 -0.0113069 -0.0138061 -0.00214246 0.00761169 -0.000170174 0.0045238 0.00873997 -0.00130373 0.0136867 -0.00153016 -0.000148963
internal_weight=2227.61 464.905 458.338 429.464 1762.7 1646.13 179.661 163.761 57.8412 116.574 36.9819 28.8737 411.453 237.474 173.979 169.518 68.3633 79.5917 49.7247 105.92 97.8483 40.7067 29.3117 1466.47 284.672 201.188 1181.79 145.824 35.5454 1036.22
internal_count=27327 5873 5789 4691 21454 20196 4695 4412 762 1258 341 1098 4520 2737 1783 1724 753 917 419 3650 3284 754 457 15501 2965 2098 12536 1622 422 10544
is_linear=0
shrinkage=0.03


Tree=220
num_leaves=31
num_cat=0
split_feature=24 39 1 28 17 3 24 16 19 20 24 42 16 4 40 48 31 1 27 36 22 36 29 17 4 6 2 17 24 4
split_gain=7.42703 17.8961 11.2296 9.89857 12.2872 13.7576 17.0779 16.6136 10.2789 9.4195 10.6363 10.5762 9.50634 9.43348 7.95041 7.33965 10.0559 14.6483 14.4148 15.2469 13.1937 20.161 16.246 13.1367 12.4948 11.6349 11.502 10.3328 9.88008 13.639
threshold=0.21563498982853821 98.850000000000009 188.21428571428575 0.0057700000000000008 10952.500000000002 180.50000000000003 0.21947915098600027 835.50000000000011 7.8928571428571468 49.626923076923084 0.18533094812164577 1.5000000000000002 1451.5000000000002 6.6884975720337652 6.7500000000000009 238.00000000000003 0.07400000000000001 145.92857142857147 135.00000000000003 0.19053375000000003 5.541666666666667 0.37297499999999995 0.94950000000000012 6353.5000000000009 5.6642033791352757 -0.61666666666666659 129.50000000000003 2799.5000000000005 0.19639987142397944 6.7659145464958454
decision_type=2 2 2 2 2 2 2 2 2 2 2 2 2 2 2 2 2 2 2 2 2 2 2 2 2 2 2 2 2 2
left_child=2 3 9 -2 5 7 -7 -5 -9 15 -11 12 -12 14 -13 16 17 20 19 -18 21 23 24 -1 26 -20 27 -22 -19 -30
right_child=1 -3 -4 4 -6 6 -8 8 -10 10 11 13 -14 -15 -16 -17 18 28 25 -21 22 -23 -24 -25 -26 -27 -28 -29 29 -31
leaf_value=0.010110078053358985 -0.0074616225456997903 0.017590380791419391 0.025638037411114693 0.024044665858977611 0.038321316367066871 0.0083281413057928796 -0.024908314280779331 0.010148453220838244 -0.01837894225885436 0.010542007953717614 -0.016449387758887123 0.022048334898281497 0.019563148762757662 0.03844070147641581 -0.035117871781753969 -0.0053964441390165936 -0.017601313078729294 -0.00088397359160701146 -0.013411494761782177 0.0023914352444688309 -0.037208333445171153 -0.0088265693798384379 0.0029522259924754388 0.035209224955949268 -0.021501732356236276 0.0063486831433505119 0.026991185118338583 0.00334564837633301 -0.024067454134967699 -0.0059976539961446923
leaf_weight=65.38248190889135 87.905647692503408 70.563682859065011 13.597708668559788 40.530317758559249 8.4453979402314854 26.355109731201082 27.604927826672792 25.120967127149925 19.146644422318786 22.77374308463186 107.13458355562761 3.105426238384096 6.2038088578265151 5.9536979394033551 3.8164647428784519 210.51679614337627 54.508477707160637 185.24340432928875 27.313592385500669 89.452720512170345 7.2308045257814255 35.502589883282781 229.51740267290734 26.117837881669402 51.439280297025107 534.33342722570524 10.17310140840709 17.608754787128419 49.140955448616296 154.694458988728
leaf_count=851 1111 827 69 616 121 241 222 343 190 551 3816 70 65 156 61 2735 1353 1689 223 983 147 230 2286 224 1027 4587 77 225 482 1592
internal_value=0.000120757 0.00445467 -0.000574525 0.000454419 0.0052001 0.00292443 -0.00881883 0.0104128 -0.00232366 -0.000775808 -0.00799077 -0.0113914 -0.0143243 0.0135979 -0.00992518 -0.000156699 0.000563701 -0.00166962 0.00319586 -0.00524768 0.00205941 0.0101852 -0.00122856 0.0175776 -0.0122348 0.00536559 0.00159886 -0.00944274 -0.00590958 -0.0104502
internal_weight=2216.43 305.673 1910.76 235.109 147.203 138.758 53.96 84.7979 44.2676 1897.16 148.988 126.214 113.338 12.8756 6.92189 1748.18 1537.66 832.051 705.608 143.961 442.972 127.003 315.969 91.5003 86.4519 561.647 35.0127 24.8396 389.079 203.835
internal_count=27170 3671 23499 2844 1733 1612 463 1149 533 23430 4719 4168 3881 287 131 18711 15976 8830 7146 2336 5067 1305 3762 1075 1476 4810 449 372 3763 2074
is_linear=0
shrinkage=0.03


Tree=221
num_leaves=31
num_cat=0
split_feature=24 39 27 26 23 28 22 26 34 26 9 16 34 26 21 1 16 24 34 16 0 9 20 2 2 25 27 23 21 22
split_gain=6.62918 11.1652 7.17538 8.59515 15.8557 14.5781 13.6002 13.5489 7.6229 13.3337 9.36543 9.96475 8.43438 7.2637 11.6294 7.07788 7.11705 6.94601 6.70449 6.47214 6.27616 6.22193 9.0665 6.58513 6.12114 6.26185 16.63 14.8032 17.8971 11.9519
threshold=0.21680376028202111 100.40000000000002 115.50000000000001 -0.13052619222005143 0.24865591397849462 0.0050950000000000014 6.041666666666667 -0.97335555334614932 151.74767074882632 0.41248606129204557 1.0000000180025095e-35 761.50000000000011 139.85345280889968 -0.63405362205439475 -1.0000000180025095e-35 188.21428571428575 4750.0000000000009 0.21947915098600027 144.50135449689441 1556.5000000000002 173.50000000000003 1.0000000180025095e-35 37.773076923076935 135.50000000000003 74.500000000000014 0.16280825711808983 127.50000000000001 0.23354978354978354 0.6121366075897875 6.8750000000000009
decision_type=2 2 2 2 2 2 2 2 2 2 2 2 2 2 2 2 2 2 2 2 2 2 2 2 2 2 2 2 2 2
left_child=15 2 13 4 7 -5 -7 17 9 -8 -10 -12 -11 -2 -15 16 24 -4 -3 -9 -20 22 -6 -24 -1 -26 27 28 -27 -30
right_child=1 18 3 5 21 6 8 19 10 12 11 -13 -14 14 -16 -17 -18 -19 20 -21 -22 -23 23 -25 25 26 -28 -29 29 -31
leaf_value=-0.035645085627147285 -0.032823442086283905 0.0038896794329096591 0.013702904770866338 -0.027551898505608605 0.023687825788627111 -0.017257129741238487 -0.021581979807054296 0.033658422753360229 0.053769822481655218 0.038640168106631456 -0.010184635294988271 0.0360712992938583 -0.0031154135456019907 0.021205341384478035 -0.029462600183854392 0.019957477659485186 0.026334724695521006 -0.026569091568062166 0.038884824827560352 0.0049495079270074592 0.0014844914808202175 -0.019599801678572719 -0.019466392011690866 0.017726490761858896 0.00099577136124577689 -0.010662407671950223 -0.00063032824484384321 -0.022670682822872996 0.044745557993987883 -0.018777379953264502
leaf_weight=3.4444019191432735 8.8865909867454338 14.566782471491022 7.1642870567738992 16.097429248970002 11.788915369659664 19.574957706965506 12.062987909186633 35.701011499855667 6.0012572919949916 8.0201662443578261 8.6312494641169888 6.5845050532370797 8.1491289918776584 8.895489080809055 5.9337181029841295 14.560469564050434 7.9509458481334141 6.3713394142687321 16.569773961324248 9.2269688686355931 5.3491353057324877 13.587892886251209 13.52140272781253 5.1847594222053877 1167.6140317479149 42.353910093195736 668.08281751885079 62.637633974896744 9.3092004449572396 2.9612066241679704
leaf_count=154 170 311 48 252 111 263 177 286 51 127 64 50 135 97 322 73 62 45 156 81 32 100 94 49 11375 1160 8561 2584 194 160
internal_value=0.00038414 0.00499884 0.00231132 0.00429244 0.0101009 -0.00274113 0.00335592 0.0202131 0.0116961 0.00130377 0.0248435 0.0108223 0.0186401 -0.0129051 0.000350735 -0.000196108 -0.000355572 -0.00577721 0.0200923 0.0279985 0.0302206 -0.00346081 0.00412434 -0.00878128 -0.000477442 -0.000397207 -0.00246685 -0.0128364 -0.00135457 0.0291558
internal_weight=2226.78 247.87 211.384 187.668 102.547 85.1217 69.0243 58.4636 49.4493 28.2323 21.217 15.2158 16.1693 23.7158 14.8292 1978.91 1964.35 13.5356 36.4857 44.928 21.9189 44.083 30.4951 18.7062 1956.4 1952.96 785.345 117.262 54.6243 12.2704
internal_count=27344 3021 2522 1933 814 1119 867 460 604 439 165 114 262 589 419 24323 24250 93 499 367 188 354 254 143 24188 24034 12659 4098 1514 354
is_linear=0
shrinkage=0.03


Tree=222
num_leaves=31
num_cat=0
split_feature=25 26 26 12 12 50 46 24 32 29 15 1 26 34 18 21 21 42 49 28 21 24 49 30 46 21 50 18 20 30
split_gain=6.10662 10.8559 13.3509 14.949 18.0157 12.799 11.908 11.3884 12.6891 13.8177 11.084 10.1301 17.7007 14.9031 12.9835 12.7336 22.3425 17.4766 14.4295 14.421 11.7901 18.0289 13.7986 12.9606 11.4731 14.6369 11.0908 12.2401 9.79947 9.71525
threshold=0.097964660725097311 -0.81241147629689003 -0.44228869021900113 9.5000000000000018 29.500000000000004 122.00000000000001 130.50000000000003 0.20942982456140347 0.17800000000000002 1.0450000000000002 440.50000000000006 175.21428571428575 0.16280825711809024 153.727876654266 57.785714285714292 -0.070265295633763686 -0.10617880772227219 1.5000000000000002 57.500000000000007 0.0062400000000000016 0.22726978477614779 0.21778656126482207 84.500000000000014 83.15000000000002 104.50000000000001 -0.20608011293073927 144.50000000000003 61.785714285714292 29.480769230769237 78.300000000000026
decision_type=2 2 2 2 2 2 2 2 2 2 2 2 2 2 2 2 2 2 2 2 2 2 2 2 2 2 2 2 2 2
left_child=-1 -2 3 6 -5 -6 7 8 -3 -10 -7 12 15 -14 -15 16 17 19 -17 24 21 -20 -22 -24 -4 28 27 -21 -26 -12
right_child=1 2 11 4 5 10 -8 -9 9 -11 29 -13 13 14 -16 18 -18 -19 20 26 22 -23 23 -25 25 -27 -28 -29 -30 -31
leaf_value=0.0016511159231032879 -0.0094326550026194722 -0.0083829643448397051 0.018424133157951352 -0.033810498584099534 0.019948578586385799 0.018943665145080453 0.021511730670691016 -0.010685804123382372 0.0014466371516122086 0.0315875259370485 0.016559168865359342 0.0070911307003190616 -0.029965586844719019 0.056116705305941997 -0.0086936371149232538 0.031728903659856811 0.061210286420624684 0.038302925719990645 -0.028936407236424957 0.050724842740423708 0.0054290781307983257 0.032390301287624532 -0.018857958993784039 0.0073127883025338987 0.016515427494639724 0.024917615066815297 -0.010852103566320671 0.0094307419863637731 -0.022878393114049635 -0.019903028733681428
leaf_weight=1284.628659003647 133.20833967532963 21.568713113665581 10.403392050880937 14.500749635975806 22.863990910351276 11.268606669735162 58.694911589846015 30.085954729933292 24.462650785688311 30.372895235195756 7.242454790044575 77.547024631872773 40.146268100710586 1.9957490032538761 38.819678139872849 7.4136365279555312 4.9584125191904596 10.207259298767893 37.79935430875048 6.4417437259107819 68.757092075888067 4.0200459342449895 67.028312508249655 22.112423018552363 5.6146610751748076 6.8186197094619265 19.907378911273554 55.865676529007033 54.65427678078413 35.067754850257188
leaf_count=12326 2103 176 135 174 256 114 355 228 206 165 127 492 5419 57 813 62 40 85 379 65 650 38 814 223 35 56 248 435 512 369
internal_value=0.000311347 -0.00153939 -0.000209366 0.00541987 -0.00431778 0.00164116 0.0107747 0.00471165 0.0108345 0.0184081 -0.00639363 -0.00288194 -0.00456413 -0.0172158 -0.00425839 -0.00184477 0.00410383 0.00208896 -0.00686251 -0.000449516 -0.00844599 -0.0224224 -0.00462651 -0.0123569 -0.0096714 -0.0142348 0.00825427 0.0144338 -0.0189988 -0.0134234
internal_weight=2214.48 929.848 796.64 256.129 90.9436 76.4428 165.185 106.49 76.4043 54.8355 53.5788 540.511 462.964 80.9617 40.8154 382.002 174.871 169.913 207.131 159.706 199.717 41.8194 157.898 89.1407 77.4909 67.0876 82.2148 62.3074 60.2689 42.3102
internal_count=27157 14831 12728 2170 1040 866 1130 775 547 371 610 10558 10066 6289 870 3777 1611 1571 2166 1486 2104 417 1687 1037 738 603 748 500 547 496
is_linear=0
shrinkage=0.03


Tree=223
num_leaves=31
num_cat=0
split_feature=4 46 37 30 25 39 29 23 23 16 40 48 25 25 49 25 11 28 19 38 4 48 21 16 49 32 16 40 23 21
split_gain=7.77314 9.26528 16.5462 12.1596 9.82935 13.6726 8.46662 8.16021 7.17898 21.8028 8.87528 7.82395 10.716 7.1378 7.12014 6.63528 12.8009 10.7423 13.3953 12.2166 15.2781 10.6788 17.2281 13.2192 17.7081 15.7985 10.3991 11.5243 9.53296 12.0498
threshold=4.2138818037327397 124.00000000000001 41.000000000000007 85.100000000000009 0.93540483100319627 82.450000000000017 1.1220000000000001 0.19900990099009905 0.14877049180327867 1108.5000000000002 7.4500000000000011 197.50000000000003 -0.16280825711808972 -0.60876142900872077 83.500000000000014 -0.91037613702198728 40.500000000000007 0.0066100000000000004 4.4642857142857162 26.100000000000005 11.18227168242335 173.50000000000003 -1.6096915127218898 750.50000000000011 97.500000000000014 0.17400000000000002 1544.5000000000002 4.5500000000000007 0.2137002341920374 0.7501204755312324
decision_type=2 2 2 2 2 2 2 2 2 2 2 2 2 2 2 2 2 2 2 2 2 2 2 2 2 2 2 2 2 2
left_child=1 2 7 -4 6 -6 14 -1 9 10 11 -2 -13 -11 -3 16 17 18 -10 20 -19 22 -20 24 -23 -25 -24 -28 -22 -30
right_child=8 4 3 -5 5 -7 -8 -9 15 13 -12 12 -14 -15 -16 -17 -18 19 21 -21 28 23 26 25 -26 -27 27 -29 29 -31
leaf_value=-0.014161634328521739 0.025201185530501272 -0.015468882933574271 -0.017251292735776587 0.017929543748637498 0.042327054773106651 -0.0066855156171261474 0.033503180589393146 0.033116769165898119 0.025281502725282463 -0.0074596875054504753 -0.025737233094028877 0.027987290724854376 -0.028956646553979025 -0.035101630525323349 0.016566885515808843 0.00060362224147106347 0.034525367078413721 -0.016835541055911396 0.034442927119673686 -0.020732770458291038 -0.015786917122441239 -0.00049170169873258523 -0.019474578921173095 0.015953241987294739 0.061488150694756882 -0.009173759630912888 0.041304623284439304 -0.010374108347287933 0.04686233782613395 -0.015020625729149962
leaf_weight=3.6348443592432913 18.587137879338119 7.0136319617740801 43.356271956930868 10.176458708709104 4.984215442556887 34.57507122354582 23.11514048743993 13.39441613818053 14.977833512239156 13.79295997135341 5.1353199353907248 4.0100687220692635 6.3919648022856546 23.522575481561944 29.395717698615044 1652.5567883063341 6.5901720514520994 20.336400715168566 6.0530651435255995 64.668466467410326 4.3587893135845688 9.1773681547492725 68.941977637354285 31.82086868211627 6.547874776646494 70.784824290778488 4.8511482542380682 10.714962301775811 10.315110092051325 3.2378017236478618
leaf_count=65 222 72 682 155 59 378 244 225 127 139 165 32 143 238 305 20804 77 424 32 585 70 69 688 226 47 689 43 100 109 74
internal_value=-4.23845e-06 0.00614862 -0.00214855 -0.0103573 0.0120198 0.000381085 0.0196207 0.0227996 -0.000514328 -0.00979084 0.0074559 0.0139981 -0.00647501 -0.0253457 0.0101472 -0.000175864 -0.00403005 -0.00491054 -0.00120473 -0.0128824 0.000580651 -0.00321523 -0.0109109 0.00271651 0.0274496 -0.00130241 -0.0145243 0.00725259 0.0201991 0.0320622
internal_weight=2227.02 169.646 70.562 53.5327 99.0838 39.5593 59.5245 17.0293 2057.37 71.44 34.1245 28.9892 10.402 37.3155 36.4093 1985.93 333.377 326.786 223.87 102.917 38.2481 208.892 90.5612 118.331 15.7252 102.606 84.5081 15.5661 17.9117 13.5529
internal_count=27288 2185 1127 837 1058 437 621 290 25103 939 562 397 175 377 377 24164 3360 3283 2021 1262 677 1894 863 1031 116 915 831 143 253 183
is_linear=0
shrinkage=0.03


Tree=224
num_leaves=31
num_cat=0
split_feature=16 16 3 22 23 46 30 26 20 46 23 34 21 38 1 23 7 21 2 2 20 15 25 30 25 23 29 1 23 15
split_gain=6.81672 7.68781 14.5017 15.1105 11.2285 11.3489 9.84005 9.50037 9.13889 9.68898 8.0713 7.97801 7.9638 7.92835 7.69449 9.54896 9.48544 6.63494 6.58311 6.49957 6.13197 13.3809 10.9214 9.82703 9.52064 14.6009 13.2404 12.1099 10.6922 13.7894
threshold=4470.5000000000009 1801.5000000000002 162.50000000000003 6.541666666666667 0.21778656126482207 112.50000000000001 84.300000000000026 0.91037613702198772 37.411538461538477 114.50000000000001 0.13408239700374533 168.74496738332414 0.37318019520632512 26.750000000000004 183.35714285714289 0.34321041849575656 0.62500000000000011 -0.061100276637308291 178.50000000000003 116.50000000000001 43.45000000000001 797.50000000000011 -0.95642797789208678 93.100000000000009 -0.25881904510252046 0.20501245330012455 1.0645000000000002 163.35714285714286 0.23453443877551022 698.50000000000011
decision_type=2 2 2 2 2 2 2 2 2 2 2 2 2 2 2 2 2 2 2 2 2 2 2 2 2 2 2 2 2 2
left_child=1 7 3 4 19 13 -5 18 9 -4 -9 14 -11 -6 15 16 -12 -2 20 -3 -1 22 -22 24 27 -26 -27 28 -24 -30
right_child=17 2 8 6 5 -7 -8 10 -10 12 11 -13 -14 -15 -16 -17 -18 -19 -20 -21 21 -23 23 -25 25 26 -28 -29 29 -31
leaf_value=0.0015498109877061037 -0.0042524279397019972 -0.028814527783941776 -0.014784704576761303 -0.028763039114834899 -0.028090237941341807 0.019548595560363948 0.011197746911003531 0.033205117433635051 -0.0085766282424594997 0.035492025299605927 -0.026283329974918127 0.020524605914657299 0.0023851976054712148 0.017749043911983474 0.003950604162364574 0.028705954871582302 0.01514925728343592 0.036611680245842673 0.02755370386678202 0.0022204985270250378 -0.024022809751152639 0.017182307311574472 -0.0012488238718637876 0.033718680554794662 0.00470333136745153 -0.0175292236745467 -0.0032011258014791677 -0.02208338526320967 0.027264101584398112 -0.025287900396573235
leaf_weight=1470.318050104077 5.6744781518355012 15.812145270872863 6.8355364929884663 46.181078556692228 9.4065698236227018 24.715526622720063 5.751249423949047 2.8282481494825324 22.575564969796687 17.022917060647163 49.131784182041883 5.5341791780665508 10.502429845277218 4.225537132471799 15.770121969282625 2.67149703670293 4.8746028931345782 7.8702111314050835 7.1873454935848704 9.296853856649248 21.548063927795738 28.540878544561565 39.372433956712484 5.6150300675071767 90.304843761492521 101.94803730025887 134.36790291429497 11.466646776534615 34.091684635961428 4.3560650441795579
leaf_count=13994 53 136 81 572 129 173 67 36 209 163 2075 46 76 41 75 85 51 75 44 61 320 298 318 75 1661 3293 2443 90 341 38
internal_value=-9.39824e-05 -0.000229075 -0.00629368 -0.0123716 -0.00245812 0.00770384 -0.0242096 0.000288609 0.00602489 0.0155895 -0.00972687 -0.0116846 0.0233864 -0.0136395 -0.014391 -0.0194744 -0.0223362 0.0203766 0.000708626 -0.0176786 0.000595138 -0.00237818 -0.00367404 -0.00257943 -0.00314918 -0.00552008 -0.00943017 0.0054889 0.00978026 0.0208199
internal_weight=2215.8 2202.25 172.325 115.389 63.4566 38.3476 51.9323 2029.93 56.9364 34.3609 80.8104 77.9822 27.5253 13.6321 72.448 56.6779 54.0064 13.5447 1949.12 25.109 1941.93 471.612 443.071 421.523 415.908 326.621 236.316 89.2868 77.8202 38.4477
internal_count=27119 26991 1708 1179 540 343 639 25283 529 320 2368 2332 239 170 2286 2211 2126 128 22915 197 22871 8877 8579 8259 8184 7397 5736 787 697 379
is_linear=0
shrinkage=0.03


Tree=225
num_leaves=31
num_cat=0
split_feature=2 12 1 3 10 7 2 19 24 19 7 4 37 1 1 24 24 17 15 32 36 39 21 34 4 35 17 37 27 32
split_gain=6.461 6.27922 5.754 5.81483 5.68002 5.37046 6.07841 7.0501 11.1604 9.83513 8.49178 6.71494 14.1007 9.50682 20.2126 8.43286 10.5758 13.5173 9.66865 9.48135 10.1105 8.75702 9.42946 8.29884 8.28689 8.11713 8.08764 9.5038 7.84214 10.7023
threshold=74.500000000000014 109.50000000000001 188.21428571428575 257.50000000000006 7.5000000000000009 -0.62499999999999989 175.50000000000003 -1.7142857142857115 0.18533094812164577 -3.7142857142857113 0.29166666666666669 5.7937897523941606 37.500000000000007 146.78571428571431 160.21428571428575 0.17844112769485901 0.19526212503504348 5772.5000000000009 952.50000000000011 0.16950000000000001 0.24872499999999995 98.200000000000003 -0.081029202328514946 124.25001073990514 4.3772137218323124 170.81085009711282 8497.0000000000018 52.500000000000007 188.00000000000003 0.20100000000000004
decision_type=2 2 2 2 2 2 2 2 2 2 2 2 2 2 2 2 2 2 2 2 2 2 2 2 2 2 2 2 2 2
left_child=-1 2 3 4 -2 -6 7 8 9 -7 -10 12 13 -9 -15 19 17 21 23 -14 -21 24 -23 -18 -17 -16 27 -19 -13 -30
right_child=1 -3 -4 -5 5 6 -8 11 10 -11 -12 28 15 14 25 16 18 26 -20 20 -22 22 -24 -25 -26 -27 -28 -29 29 -31
leaf_value=-0.035964540660603166 -0.01170023256485752 0.020214374301876024 0.016917978025373894 -0.025369396625753153 -0.012110146809140363 0.063446487539309038 0.012372300704915833 0.019608956910481586 -0.015753611847932929 -0.0019852032284937201 0.031578008361746811 -0.00031140071173604719 0.027429619693932265 -0.017514950200881996 0.050004046105626948 0.0051822378405078076 -0.010719053096251407 -0.037307918184858034 -0.022617482501306126 0.0019609162663966192 -0.026734444688625524 0.017952642980477326 -0.014623899880109629 0.0030554015104763358 0.033903648232227725 0.0099280249092060669 0.0097528285492991165 0.0098318619026134795 -0.027721650506534998 0.0091630404475391402
leaf_weight=3.478017608751542 36.107861510245129 12.890342237427829 16.904285784810781 7.2029897011816493 30.740858195815235 2.3471341314725578 36.0153041575104 68.253049089806154 60.794544058851898 5.2561682322993866 2.6977937577757976 1415.2917252425104 4.3496226402930906 22.968907597474754 5.6201806492172208 13.218608323601073 46.568157127592713 9.9478152994997817 16.020899580791593 18.44100203900598 26.103069689124823 18.466828371863816 12.629982941783963 227.35298354877159 30.705089006107301 16.84390736464411 13.471746458439155 5.3992698048241428 20.101420301944017 10.048524972982706
leaf_count=173 514 276 86 51 313 65 190 895 2661 180 57 16254 34 228 59 224 988 89 131 281 151 134 101 2148 425 109 161 49 133 84
internal_value=3.43976e-05 0.000107201 -1.97499e-05 -0.000158597 -6.35193e-05 0.000138231 0.000322426 0.000107202 -0.00910976 0.0232404 -0.013284 0.000438935 0.00323643 0.0126114 0.00190331 0.000805784 0.00227273 0.0104386 -0.000677611 -0.0108175 -0.0150725 0.0170843 0.00467827 0.000683194 0.0255679 0.0216582 -0.00685416 -0.0211367 -0.000639336 -0.015529
internal_weight=2216.24 2212.76 2199.87 2182.97 2175.76 2139.65 2108.91 2072.9 71.0956 7.6033 63.4923 2001.8 556.361 113.686 45.433 442.675 393.781 103.839 289.942 48.8937 44.5441 75.0205 31.0968 273.921 43.9237 22.4641 28.8188 15.3471 1445.44 30.1499
internal_count=27244 27071 26795 26709 26658 26144 25831 25641 2963 245 2718 22678 6207 1291 396 4916 4450 1183 3267 466 432 884 235 3136 649 168 299 138 16471 217
is_linear=0
shrinkage=0.03


Tree=226
num_leaves=31
num_cat=0
split_feature=16 7 3 4 13 33 13 49 12 2 2 20 22 22 2 34 48 33 16 25 25 21 16 34 21 17 27 46 21 21
split_gain=9.35979 5.18414 8.9134 5.6225 11.0688 7.84294 7.78 13.2254 15.6333 11.8501 14.3735 11.2324 10.3844 13.1038 10.2268 10.1456 9.46819 11.4025 11.811 9.18764 23.0819 17.0626 12.9632 10.1661 9.37406 10.5741 10.4897 10.3462 15.7731 8.84382
threshold=4750.0000000000009 0.80833333333333346 163.50000000000003 16.073232327795008 23.296216817676051 171.00905907822082 2.5542798329073384 83.500000000000014 18.500000000000004 157.50000000000003 102.50000000000001 37.411538461538477 4.541666666666667 7.1250000000000009 173.50000000000003 154.97702739165717 247.50000000000003 180.21941638217916 844.50000000000011 -0.19509032201612828 -0.77259657388510627 -0.0056489205857920997 1723.5000000000002 174.97494260318956 -0.029427611318121848 12471.500000000002 143.50000000000003 146.00000000000003 -1.312672233882221 0.38982386500047078
decision_type=2 2 2 2 2 2 2 2 2 2 2 2 2 2 2 2 2 2 2 2 2 2 2 2 2 2 2 2 2 2
left_child=1 3 -3 6 -5 -6 14 8 -8 10 -10 -11 -12 -14 19 -15 17 18 29 20 21 24 23 -23 25 26 -1 28 -28 -9
right_child=-2 2 -4 4 5 -7 7 16 9 11 12 -13 13 15 -16 -17 -18 -19 -20 -21 -22 22 -24 -25 -26 -27 27 -29 -30 -31
leaf_value=-0.016072380888771155 0.031195706302939594 -0.009909234938555082 0.020361501907944356 -0.0074058506557703064 -0.010612831391623941 0.018527738507068771 -0.015564627377529715 0.013498166357103344 -0.011027515119270522 0.0082383993829406102 -0.016989217954566836 -0.033459272323833479 0.032285022212717771 -0.017029814514402879 0.015599668692022561 0.020622276541177244 -0.024427607218101961 0.0083591782581572266 -0.013428837935010651 -0.0014411750484684849 0.010649134228758529 0.0038983959147781836 0.042104304872260453 -0.035964609143639636 -0.047084897423549738 0.019964008616665967 0.042483087903032922 -0.028065010316126775 -0.0023563116837456246 -0.014063828877057023
leaf_weight=86.641300975345075 7.4336856827139846 12.383099723374469 25.303795502521098 219.42913910350762 11.079740912187843 26.861495481804013 29.688046226277947 29.877213026629761 16.926764664007351 12.127516838721933 5.8612581896595648 9.6492914184927923 42.81328615359962 10.320217067841442 40.296523628756404 14.020841488614677 27.158083376241848 40.452337137889117 137.46168799814768 894.94841826125048 234.20495530590415 184.04502815380692 6.8239138573408118 4.947489731013774 4.6972079202532759 10.593593900091944 8.2184596098959428 7.6623905934393397 29.765008673071861 14.911546162562443
leaf_count=951 59 127 225 2153 353 191 287 364 297 83 83 80 608 188 229 198 589 680 1759 13247 2020 1719 58 30 22 85 51 45 185 175
internal_value=-0.000348531 -0.000469288 0.0104161 -0.000663812 -0.00481655 0.00996399 -0.00010027 -0.0038654 0.00345084 0.00859723 0.0133847 -0.0108956 0.0191166 0.022471 0.000875418 0.00461633 -0.00800323 -0.00590008 -0.00909341 0.000462174 0.00340867 -0.00154612 0.00425219 0.00267105 -0.00921655 -0.00765303 -0.0099978 0.00162987 0.00818646 0.00421519
internal_weight=2206.6 2199.17 37.6869 2161.48 257.37 37.9412 1904.11 391.268 141.407 111.719 89.9424 21.7768 73.0156 67.1543 1512.84 24.3411 249.861 222.703 182.25 1472.55 577.599 343.394 195.816 188.993 147.578 142.881 132.287 45.6459 37.9835 44.7888
internal_count=27141 27082 352 26730 2697 544 24033 5391 1824 1537 1374 163 1077 994 18642 386 3567 2978 2298 18413 5166 3146 1807 1749 1339 1317 1232 281 236 539
is_linear=0
shrinkage=0.03


Tree=227
num_leaves=31
num_cat=0
split_feature=16 21 13 3 13 23 25 50 20 16 34 6 37 37 20 27 39 32 2 21 20 33 36 50 30 32 33 7 0 23
split_gain=7.10796 6.94674 6.3286 15.5874 21.4344 11.1353 10.1587 9.73668 9.6165 10.6195 11.3611 10.5955 9.61486 10.3027 14.4453 9.22977 11.6551 9.07365 8.60343 8.25723 8.19907 8.03166 10.0585 8.31464 8.03201 7.94588 8.21788 7.94212 7.56107 7.44892
threshold=4470.5000000000009 1.9329333344409647 3.4153371232960481 160.50000000000003 25.555331223398458 0.25983796296296297 -0.98611507088852035 120.50000000000001 43.557692307692314 835.50000000000011 157.73223422641632 -0.4499999999999999 64.000000000000014 31.500000000000004 49.626923076923084 148.50000000000003 86.000000000000014 0.16950000000000001 175.50000000000003 0.45641419620367929 35.60384615384617 171.99667298322544 0.089542499999999914 143.50000000000003 79.65000000000002 0.18200000000000002 180.89236707025751 -0.39166666666666661 171.50000000000003 0.27842377260981915
decision_type=2 2 2 2 2 2 2 2 2 2 2 2 2 2 2 2 2 2 2 2 2 2 2 2 2 2 2 2 2 2
left_child=1 2 6 7 5 8 28 17 9 15 11 -11 13 27 -15 16 -5 -4 -16 -18 29 22 23 24 -6 26 -23 -8 -1 -9
right_child=-2 -3 3 4 21 -7 12 20 -10 10 -12 -13 -14 14 18 -17 19 -19 -20 -21 -22 25 -24 -25 -26 -27 -28 -29 -30 -31
leaf_value=-0.015005031534422718 0.022842130562046731 0.022947201093516553 0.020077472363204098 -0.013799925969373791 0.036933644327849673 -0.015372613181745341 -0.013839128077544506 -0.011329702742772743 -0.023608769323372834 0.010096880756980616 0.01191365069212842 -0.018139861084512512 0.01594643031433339 0.0011882145180189935 -0.012488136895047051 -0.0075165023823379118 0.053812359830251989 -0.008181389258942148 0.026000429915738508 0.0071448013224950794 -0.020500512275469913 -0.010435790923854537 -0.030896480440853327 -0.023542460284196275 -0.0088468868961340107 0.021831059290851142 0.023873703223444089 0.010206417897915572 0.0082480986442214684 0.017943599628659188
leaf_weight=56.056847942993045 11.712919682729988 11.170078549534081 14.629584595095364 4.0741089237853947 8.3767695273272746 61.42197509505786 12.596632910310289 27.267434713896364 12.852407884085549 15.919720466714351 31.400279689580202 41.350387347396463 39.654138372745365 1344.0707695242018 96.75483097450342 8.3631448578089458 10.881482100579889 28.606888146605343 4.6046279519796363 5.2669336930848649 77.900742927216925 16.731142759323124 7.1988057112321249 4.3494112198241046 4.941117729060351 59.723490735515952 8.7377930916845781 151.03963008627761 15.44462378323078 9.8407779454719257
leaf_count=895 117 82 215 81 104 681 170 418 188 163 181 428 336 13269 4284 55 80 547 23 52 1495 96 90 102 72 772 237 1811 75 165
internal_value=0.000474561 0.000344633 0.000218355 -0.00290416 0.0011016 -0.00495646 0.00105424 -0.0104974 4.0575e-05 0.00281049 -0.00235739 -0.0102521 0.00153667 0.00117187 0.000361704 0.0183787 0.0289374 0.00161806 -0.0105027 0.0398956 -0.0150268 0.0115939 -0.00330528 0.00899003 0.0205168 0.0159306 0.00179224 0.00828259 -0.00993777 -0.00329953
internal_weight=2202.94 2191.23 2180.06 459.834 301.589 191.53 1720.22 158.245 130.108 117.256 88.6704 57.2701 1648.72 1609.07 1445.43 28.5857 20.2225 43.2365 101.359 16.1484 115.009 110.059 24.8661 17.6673 13.3179 85.1924 25.4689 163.636 71.5015 37.1082
internal_count=27284 27167 27085 6222 3382 1909 20863 2840 1228 1040 772 591 19893 19557 17576 268 213 762 4307 132 2078 1473 368 278 176 1105 333 1981 970 583
is_linear=0
shrinkage=0.03


Tree=228
num_leaves=31
num_cat=0
split_feature=37 7 29 17 33 10 16 50 13 3 50 29 47 47 23 45 23 12 50 34 21 3 3 22 18 37 3 23 16 14
split_gain=6.42431 6.36486 8.85063 8.35104 8.2561 8.0929 14.5778 16.1289 11.2235 14.5685 11.7466 19.1731 9.0139 9.35938 9.70519 10.9142 8.68483 8.65098 7.14663 9.93789 6.70526 15.0117 14.3186 7.2338 12.6587 12.0934 13.2791 13.7481 10.8545 19.8568
threshold=64.000000000000014 0.10833333333333332 0.74600000000000011 9790.5000000000018 189.68797671968693 270.00000000000006 844.50000000000011 146.50000000000003 21.335551070513279 178.50000000000003 122.00000000000001 1.1220000000000001 130.50000000000003 87.500000000000014 0.24681708299758257 7.5500000000000007 0.25362623502207277 71.500000000000014 125.50000000000001 159.65432165791103 -1.9791803497922553 188.50000000000003 152.50000000000003 5.6250000000000009 61.071428571428577 54.500000000000007 179.50000000000003 0.18133462282398452 1199.5000000000002 324.50000000000006
decision_type=2 2 2 2 2 2 2 2 2 2 2 2 2 2 2 2 2 2 2 2 2 2 2 2 2 2 2 2 2 2
left_child=1 2 3 -1 5 6 7 -3 -8 10 11 16 13 -7 -15 -16 17 -10 -12 -20 21 22 -4 24 -22 28 -27 -28 29 -26
right_child=-2 4 20 -5 -6 12 8 -9 9 -11 18 -13 -14 14 15 -17 -18 -19 19 -21 23 -23 -24 -25 25 26 27 -29 -30 -31
leaf_value=-0.023799214890603122 0.011261338472139849 0.025593469069177182 0.029785414581129759 0.025750073214796505 0.022277383116326096 0.015159725302435836 -0.024662701877916332 -0.029803448022615912 -0.012988934641434165 0.021965734350629953 -0.040047659895764233 0.043984648449892104 0.013580186265200746 0.0049946272528745041 -0.01803529730535619 0.017514906517165935 -0.03305361259204722 0.031912567202940577 -0.02126372642578872 0.0012096899001010212 0.020175028968511498 0.039880293718065542 -0.018409570582867719 -0.002448753530515668 0.0017264200450862108 -0.00053480113924856646 0.0068727423311625057 -0.044148458376056417 0.0079107292063482215 -0.023026051685738489
leaf_weight=23.758974270429466 42.957752860616893 25.200670379446823 7.4557114543858942 2.6609655651263884 17.988231226801872 33.228038025321439 24.819516679039225 4.8918452553916714 8.1206870689056867 17.201262716203928 7.1081757713109246 8.5986237488687021 82.810791260097176 66.404665899812244 44.424534682184458 8.542278469540177 6.5744959013536564 5.7574354754760853 34.02450623200275 35.615412507206202 30.818959214026108 10.682737043593077 15.147112672217188 1152.94004452019 201.4142004288733 34.894944052677602 6.2987079611048129 15.736230992013587 180.87395105324686 33.087059078738093
leaf_count=648 399 216 105 97 596 404 311 103 83 98 45 66 835 821 637 69 107 60 686 242 662 92 164 14698 2623 532 55 142 1343 211
internal_value=-9.19052e-05 -0.000324192 -0.00114333 -0.0180516 0.00292946 0.00203568 -0.00278444 0.0159192 -0.00667343 -0.00287386 -0.00708024 0.0089516 0.00567489 0.00132446 -0.00262065 -0.0120836 -0.00714064 0.00653168 -0.0131858 -0.0099159 -0.000868374 0.0122648 -0.00192369 -0.00113958 0.00185937 0.00062413 -0.0122202 -0.0298988 0.00240965 -0.00184899
internal_weight=2190.04 2147.08 1715.77 26.4199 431.311 413.323 177.913 30.0925 147.82 123.001 105.799 29.0512 235.41 152.6 119.371 52.9668 20.4526 13.8781 76.7481 69.6399 1689.35 33.2856 22.6028 1656.06 503.124 472.305 56.9299 22.0349 415.375 234.501
internal_count=27150 26751 21372 745 5379 4783 2017 319 1698 1387 1289 316 2766 1931 1527 706 250 143 973 928 20627 361 269 20266 5568 4906 729 197 4177 2834
is_linear=0
shrinkage=0.03


Tree=229
num_leaves=31
num_cat=0
split_feature=6 4 25 29 49 15 24 56 2 29 23 16 23 50 21 11 10 27 26 26 23 33 48 46 4 34 34 26 24 2
split_gain=8.05824 6.04398 12.8379 10.6625 10.475 10.375 14.139 10.2969 14.7938 11.7625 16.6905 9.87543 8.97594 8.15474 11.8325 8.01962 7.93173 9.13564 10.3053 7.88621 7.8784 7.63215 12.1529 8.1772 9.36366 7.8329 7.5279 9.69522 7.52427 7.513
threshold=1.2833333333333334 6.3334034882292798 -0.95642797789208678 0.75500000000000012 57.500000000000007 993.00000000000011 0.19712608783647032 1.0000000180025095e-35 167.50000000000003 0.92250000000000021 0.35138101335284438 423.50000000000006 0.16552511415525115 137.50000000000003 -0.070265295633763686 16.500000000000004 270.00000000000006 139.50000000000003 0.29012925520284133 -0.5 0.1437177280550774 142.00105860126828 188.00000000000003 121.50000000000001 4.9733690143732172 147.25903588154162 136.06029346585055 0.22695468355932452 0.20942982456140347 115.50000000000001
decision_type=2 2 2 2 2 2 2 2 2 2 2 2 2 2 2 2 2 2 2 2 2 2 2 2 2 2 2 2 2 2
left_child=1 2 15 -3 -4 7 -7 8 11 10 28 13 20 -6 26 -1 17 18 -13 -14 -11 22 -21 -23 25 -25 -15 -28 -9 -5
right_child=-2 3 4 29 5 6 -8 9 -10 12 -12 16 19 14 -16 -17 -18 -19 -20 21 -22 23 -24 24 -26 -27 27 -29 -30 -31
leaf_value=-0.024964928509406546 0.019890619594941952 -0.019863000752865907 0.027493909005485866 -0.0051681205138804807 -0.014761531199897465 0.0100353501655848 -0.026997852853639141 0.047489152760726232 0.024386716400731274 0.0054677955640878486 -0.016239963477904629 -0.012969488951304736 0.0156635237109253 -0.0098218879529120371 -0.017791833939950548 0.023818497685630546 0.0049291197593951735 -0.020826453657797592 0.015284403384328226 0.028442924245638743 -0.035288546168246136 -0.024908966111381561 0.0017932829295846146 -0.011333014761093168 -0.0097173457189003009 0.018077946132737884 0.046550490420030288 -0.001571941660348753 0.0047430889961471365 0.00019527178772740585
leaf_weight=21.776885840576146 17.185125845950097 26.290571040823124 14.149114626925437 296.45448053476866 71.59498200903181 14.405951357446609 23.088244976010174 16.263944431208081 20.217828712426126 7.8124315417371673 5.9787483690306535 21.837399085052311 66.125519868452102 6.2225235674995956 14.033219121745786 2.6918100663460782 191.16951912478544 25.329909769352525 22.660851324209943 22.392055509379134 7.8313693790696561 11.511744860326869 45.513780698413029 10.119175278581677 36.643848259933293 31.459275502245873 8.6720782625488919 6.0686128824017933 5.022872222820296 1120.262935726787
leaf_count=405 255 862 145 4610 1792 145 202 194 119 106 90 421 542 318 342 39 1539 256 251 305 75 157 752 143 369 329 70 113 90 12129
internal_value=3.37116e-06 -0.000162938 0.00205863 -0.00128836 0.00280964 0.00226597 -0.012878 0.00315186 2.79362e-05 0.00767769 0.0260063 -0.00137435 0.00549081 -0.00902388 0.00279809 -0.0188738 0.00177223 -0.006818 0.00143857 0.00704514 -0.0158294 0.00335402 0.0108663 -0.00238796 0.00119897 0.010822 0.0167639 0.0278977 0.0380681 -0.000929896
internal_weight=2190.79 2173.6 730.594 1443.01 706.125 691.976 37.4942 654.482 387.807 266.675 27.2656 367.589 239.409 106.591 34.9964 24.4687 260.998 69.8282 44.4983 223.765 15.6438 157.64 67.9058 89.734 78.2223 41.5785 20.9632 14.7407 21.2868 1416.72
internal_count=27165 26910 9309 17601 8865 8720 347 8373 5221 3152 374 5102 2778 2635 843 444 2467 928 672 2597 181 2055 1057 998 841 472 501 183 284 16739
is_linear=0
shrinkage=0.03


Tree=230
num_leaves=31
num_cat=0
split_feature=21 23 47 33 20 17 24 30 16 34 21 27 22 23 20 21 17 24 32 15 3 3 21 24 4 22 35 50 32 26
split_gain=7.38636 11.5279 10.4457 11.5418 9.51681 11.3816 7.70959 7.4949 7.22491 6.12301 6.00454 6.98333 15.9196 11.7811 14.0119 11.4954 11.6554 14.6436 12.8011 12.1064 13.5183 14.0073 11.0109 13.6023 10.6015 10.2645 13.5901 10.1381 9.9584 10.0722
threshold=-1.5667040502015588 0.24371464487743558 113.00000000000001 168.78191975840741 35.057692307692321 5633.0000000000009 0.20296073803904743 84.050000000000026 4750.0000000000009 135.26290699128899 -1.4621465260768429 135.00000000000003 6.4583333333333348 0.27677175612298072 34.457692307692319 -0.33449122377161572 5819.5000000000009 0.17844112769485901 0.19800000000000004 305.50000000000006 180.50000000000003 202.50000000000003 0.63945332146274803 0.21867995018679948 3.6810866356584095 4.1250000000000009 164.00050386149221 134.50000000000003 0.11650000000000001 0.29012925520284133
decision_type=2 2 2 2 2 2 2 2 2 2 2 2 2 2 2 2 2 2 2 2 2 2 2 2 2 2 2 2 2 2
left_child=1 4 3 -3 6 7 -1 -6 10 -7 -2 12 15 24 -15 25 17 -17 -19 -20 27 -22 23 28 -14 26 -12 -21 -18 -30
right_child=8 2 -4 -5 5 9 -8 -9 -10 -11 11 -13 13 14 -16 16 22 18 19 20 21 -23 -24 -25 -26 -27 -28 -29 29 -31
leaf_value=0.0062120585077924317 -0.011847040319056874 0.010722704138346081 0.025909346394102709 -0.036201325718962986 -0.01405748903753145 0.047826134320910298 -0.020423676763474632 0.021816482297400273 0.027217530491624512 0.0075986885025288737 -0.0083683223929351385 0.00067342092596307855 0.024691849826570276 0.011949116707728292 -0.024724152349167489 -0.022419511526317017 0.04628301341931302 -0.0078398877083146069 -0.014604103645004678 0.038802629218736756 -0.018756994186514764 0.035293724189481616 0.022432481040188312 -0.036073183905480942 -0.0062832501448774518 -0.011199625455211713 0.040532451167736384 0.012284430774297158 -0.010962276766383899 0.012636906956831409
leaf_weight=14.404556187801061 43.548320434056222 23.138294491451237 36.28493030089885 4.8654149700887492 16.686675503500741 7.0295533873140794 27.137906922027469 6.467886845348402 7.2275176676921538 6.6904260078445077 11.634256766177716 1242.1642175994348 9.4041317701339704 10.519534688908605 58.139760988298804 23.937186518218368 4.5757238706573835 68.310838634381071 15.951000040397046 17.810948985628784 17.906201795674864 4.6156640090048304 45.159612216753885 6.0052443705499163 238.29854619351681 98.318575657904148 7.7638198900967827 47.276410381775349 23.979958758689463 46.017231185222045
leaf_count=202 427 240 368 46 314 46 226 83 58 48 189 12123 182 253 1538 440 37 947 851 165 159 35 414 73 5018 1493 53 546 317 371
internal_value=-0.00037986 0.00619521 0.0155084 0.00160297 -0.00153913 0.00941932 -0.011259 -0.00354828 -0.000840688 0.0300584 -0.000953308 -0.000710035 -0.00298217 -0.00810181 -0.0190144 0.000715082 0.00365115 -0.00093231 0.00217268 0.00878903 0.013165 -0.00665023 0.0107399 0.00399218 -0.00501271 -0.00726806 0.0122311 0.0200184 0.00765322 0.00451166
internal_weight=2191.27 142.706 64.2886 28.0037 78.417 36.8745 41.5425 23.1546 2048.56 13.72 2041.34 1997.79 755.625 316.362 68.6593 439.263 321.546 195.808 171.871 103.56 87.6092 22.5219 125.738 80.5782 247.703 117.717 19.3981 65.0874 74.5729 69.9972
internal_count=27262 1573 654 286 919 491 428 397 25689 94 25631 25204 13081 6991 1791 6090 4355 3143 2703 1756 905 194 1212 798 5200 1735 242 711 725 688
is_linear=0
shrinkage=0.03


Tree=231
num_leaves=31
num_cat=0
split_feature=37 19 21 16 16 3 20 50 39 50 42 29 4 19 1 5 6 21 16 20 25 21 37 34 34 23 47 21 33 30
split_gain=5.11479 6.5933 6.18705 5.12231 6.70152 15.8296 8.81177 7.07105 6.84098 8.52668 7.41331 6.08244 11.6344 7.54354 6.22933 5.96085 6.16868 6.21226 11.004 10.125 13.6411 13.1554 9.80359 9.18346 9.2072 8.95807 8.57231 7.96002 19.5329 8.78948
threshold=64.000000000000014 6.8571428571428585 0.010039335735280703 4470.5000000000009 2368.5000000000005 162.50000000000003 37.411538461538477 146.50000000000003 98.050000000000011 106.00000000000001 1.0000000180025095e-35 0.75500000000000012 6.5244156814970982 5.3214285714285774 141.07142857142858 0.76666666666666672 0.8500000000000002 0.93866780261644267 1150.5000000000002 43.557692307692314 -0.91037613702198728 1.1969363805439979 31.500000000000004 110.62496812418449 175.9150457237042 0.18808962264150944 133.00000000000003 0.7501204755312324 111.0225042406294 75.500000000000014
decision_type=2 2 2 2 2 2 2 2 2 2 2 2 2 2 2 2 2 2 2 2 2 2 2 2 2 2 2 2 2 2
left_child=3 2 -2 4 11 8 7 -7 9 -6 -10 12 13 -1 -15 16 17 27 19 20 -19 25 -20 -23 -25 -21 -22 -13 29 -29
right_child=1 -3 -4 -5 5 6 -8 -9 10 -11 -12 15 -14 14 -16 -17 -18 18 22 21 26 23 -24 24 -26 -27 -28 28 -30 -31
leaf_value=-0.02101361269859495 0.020935349477295234 0.021085801264525372 -0.011418399608191434 0.020018836514531287 0.015566036227515418 0.023656130560583858 -0.0085483605787861541 -0.014398702077760494 -0.013287362010962402 -0.023361425490199726 0.014825796470326164 -0.00019837301004273905 -0.024798805995110886 0.023009075723973319 -0.020107788880087112 0.006759689228852595 0.021694406526844588 0.039709550680608684 0.018467452637287867 0.048509566238268138 0.024205487139391017 0.042063237722926514 -0.0075993186896776716 -0.018686968550473627 0.02617478397043321 0.0078675205727936504 0.00034869898183787125 -0.017640532191569348 -0.012053153730038037 0.060394295587646703
leaf_weight=6.4652893346501541 6.7113983407616642 22.623465476557612 16.170682783704251 10.340140843763946 4.8981744758784762 24.712822732981298 18.457944063004106 4.597869310528039 21.771136739291251 53.34095786861144 12.441857408266513 1455.1729305670597 23.467955229454674 14.14664967544377 2.9430678137578061 127.36509778373875 10.795128784608094 17.519642385654151 14.440299370791761 4.9993199245072892 21.324162581935525 1.8952728731092054 81.390096405521035 34.079310849774629 3.7810492776334277 29.482882615411654 34.587010987568647 1.2346918656257901 96.801550334785134 4.1036207873839885
leaf_count=344 65 190 158 106 28 230 176 40 148 713 95 17576 772 250 42 1493 99 122 148 85 207 69 759 676 24 619 317 113 1245 157
internal_value=0.000123981 0.00996653 -0.00144966 -9.02155e-05 -0.000197374 -0.00651195 0.00740907 0.0174085 -0.0137071 -0.01988 -0.00293307 0.000251518 -0.0102956 0.0045755 0.0148827 0.000512477 6.97792e-05 -7.18199e-05 0.00437412 0.0094871 0.0173071 0.00162486 -0.00352127 -0.0100256 -0.0136484 0.014961 0.00971297 -0.000769341 -0.00882306 0.0424101
internal_weight=2182.06 45.5055 22.8821 2136.56 2126.22 140.221 47.7686 29.3107 92.4521 58.2391 34.213 1986 47.023 23.555 17.0897 1938.97 1811.61 1800.81 243.499 147.669 73.4308 74.2378 95.8304 39.7556 37.8604 34.4822 55.9112 1557.31 102.14 5.33831
internal_count=27066 413 223 26653 26547 1430 446 270 984 741 243 25117 1408 636 292 23709 22216 22117 3026 2119 646 1473 907 769 700 704 524 19091 1515 270
is_linear=0
shrinkage=0.03


Tree=232
num_leaves=31
num_cat=0
split_feature=45 12 10 15 16 20 17 25 13 0 20 16 48 25 26 25 26 20 23 23 39 38 24 26 12 29 48 52 3 16
split_gain=6.21775 8.28632 5.74995 7.733 8.5711 11.9439 5.90243 5.39456 8.23912 9.33678 5.37804 8.30427 6.42396 5.30078 5.07699 5.0642 11.0352 15.1383 9.46677 15.6049 19.4934 13.1864 14.2674 11.8799 14.6481 10.8732 9.65701 9.33959 9.09098 15.9699
threshold=5.9500000000000011 109.50000000000001 197.50000000000003 449.50000000000006 1444.5000000000002 33.850000000000001 2799.5000000000005 -0.99465189230620688 28.009384642706511 170.50000000000003 26.09615384615385 1451.5000000000002 129.00000000000003 -0.58216583101416131 0.52778511650980109 -0.29012925520284083 -0.81241147629689003 38.026923076923076 0.17712418300653593 0.22281323877068557 99.600000000000009 26.100000000000005 0.21680376028202111 -0.3520614488341256 87.500000000000014 1.2100000000000002 262.00000000000006 1.0000000180025095e-35 196.50000000000003 1184.5000000000002
decision_type=2 2 2 2 2 2 2 2 2 2 2 2 2 2 2 2 2 2 2 2 2 2 2 2 2 2 2 2 2 2
left_child=2 7 -1 -4 5 -5 -7 8 9 -2 11 12 -9 14 -8 16 17 -12 27 20 -20 22 23 26 28 -22 -21 -18 -25 -30
right_child=1 -3 3 4 -6 6 13 10 -10 -11 15 -13 -14 -15 -16 -17 18 -19 19 21 25 -23 -24 24 -26 -27 -28 -29 29 -31
leaf_value=-0.022655784961889806 -0.020090210176162953 0.025173818710514464 -0.02271796746416618 -0.022209062765890152 -0.019826430847569961 -0.0058818655541162208 -0.015275752757589574 -0.00045276840151314314 0.022483656248215241 0.0077607708210528058 0.023703098964948582 -0.014455414885237319 0.032841060338311662 0.058368114893548546 0.036620740776733468 -0.00078022312176869119 0.021357037436463489 0.0011967337834295076 -0.012037504132139559 -0.014845160946450765 -0.0076243100690464799 -0.00095813778275598684 -0.019906608915985568 0.013796224238256657 -0.029341691771235318 0.024183854500628911 0.029449350254443483 -0.0047389293816649334 0.0082570255972520944 0.06032553165106342
leaf_weight=18.73298893799074 37.882837094832212 11.213825168088077 10.535430095507762 4.3423979836516144 6.8554070962127289 2.8508391813375047 2.3542583785019842 7.775387713685638 5.9469889700412741 14.394944258034228 47.266408356372267 6.7398646008223286 14.679146728012709 5.6719180350191847 2.6946083232760429 1205.0054909042083 36.496395531110466 61.007816387806088 153.7342527450528 21.718951228307564 15.484985796734689 300.31265553552657 12.906370154116301 108.10585365025327 5.4063546534162006 23.174200073815882 4.5338251441717139 17.932567594572902 10.705432891845705 10.270713536068795
leaf_count=861 602 244 1046 170 378 65 68 64 52 72 576 52 104 60 20 16109 291 565 1292 333 127 2280 116 1100 73 159 49 183 79 60
internal_value=0.000277502 0.000534183 -0.00967851 -0.00235831 0.006847 0.0175631 0.0309394 0.000392143 -0.00853518 -0.0124196 0.000648083 0.0132165 0.0217846 0.0403973 0.0138969 0.000461286 0.00226454 0.0111487 0.000916383 -7.44175e-05 -0.00725813 0.00285079 0.00940587 0.011868 0.015454 0.0115721 -0.00639564 0.0128289 0.0175413 0.0353367
internal_weight=2186.73 2132.7 54.0378 35.3049 24.7694 17.914 13.5716 2121.48 58.2248 52.2778 2063.26 29.1944 22.4545 10.7208 5.04887 2034.06 829.057 108.274 720.783 666.354 192.393 473.96 173.648 160.741 134.488 38.6592 26.2528 54.429 129.082 20.9761
internal_count=27250 24582 2668 1807 761 383 213 24338 726 674 23612 220 168 148 88 23392 7283 1141 6142 5668 1578 4090 1810 1694 1312 286 382 474 1239 139
is_linear=0
shrinkage=0.03


Tree=233
num_leaves=31
num_cat=0
split_feature=25 33 48 16 2 2 25 25 13 49 26 21 16 44 35 35 27 13 37 50 18 25 32 3 24 42 35 1 26 35
split_gain=8.05034 11.7662 6.74947 9.30853 8.00386 6.44617 6.80921 12.6933 14.9698 14.9337 12.9493 15.5078 15.4812 12.9803 11.9815 11.2624 11.9108 10.7613 9.88758 9.61559 9.59254 9.99546 9.40096 10.9381 9.37593 9.08779 11.6028 8.96415 15.9669 18.6836
threshold=-0.99465189230620688 175.0103973774076 156.50000000000003 1166.5000000000002 139.50000000000003 74.500000000000014 -0.16280825711808972 -0.68322629814330804 1.0000000180025095e-35 97.500000000000014 -0.47114434510950048 -0.55826816447357286 750.50000000000011 1.0000000180025095e-35 165.49368226849415 134.42666993288438 124.50000000000001 27.292480086835766 31.500000000000004 149.50000000000003 61.642857142857153 -0.29012925520284083 0.21600000000000003 138.50000000000003 0.20296073803904743 1.0000000180025095e-35 150.77965462433073 176.6428571428572 0.097964660725097366 162.99860604171511
decision_type=2 2 2 2 2 2 2 2 2 2 2 2 2 2 2 2 2 2 2 2 2 2 2 2 2 2 2 2 2 2
left_child=1 2 3 -1 -5 -2 7 9 15 -7 17 13 -13 -12 -10 19 22 -11 -16 24 -18 -22 -17 -24 -9 -14 -27 28 -8 -30
right_child=5 -3 -4 4 -6 6 27 8 14 10 11 12 25 -15 18 16 20 -19 -20 -21 21 -23 23 -25 -26 26 -28 -29 29 -31
leaf_value=-0.02545923145282249 -0.036002721157548635 0.014241659058826801 -0.025743443160626805 0.043321267332031205 -0.014334202791746903 -0.0035514930218827228 -0.0011648590150524797 0.032023959034077155 -0.028864511072560085 -0.029835678161224025 -0.026553167982199938 0.042503977764173431 0.01873043298448316 0.011095038826236657 -0.02478795952210441 -0.017766238653025158 -0.019018232608290272 0.021883803832142459 0.0045514985848091249 0.053930391633663657 0.019886888689953638 0.0039334644404933781 -0.015613610983671035 0.019429000656099746 -0.012082343597995631 -0.023037022688969802 0.0088316733604927034 0.006122306587100574 -0.028328905622121696 -0.0028078039237391626
leaf_weight=6.206116581335662 3.4742104249307877 11.952205535024403 31.469349320512265 4.380182241089642 2.9758768044412136 451.67989497771487 913.51848312304355 9.6521224775351637 12.882092881947754 13.27151652891189 16.729451794642955 14.339853355195372 55.107553742825985 14.606075170449914 10.778120664414017 23.207393983844668 7.4512999877333632 4.0423571774736038 83.610319792758673 8.3933602431789023 97.026669327169657 56.199008859694004 11.721417386084793 20.943003833759576 6.6101696817204347 12.271813389379529 44.695371292997152 122.09347425494343 43.315466700471006 62.444777236320078
leaf_count=143 169 74 472 85 29 4019 8705 119 561 186 175 99 509 117 108 228 47 41 1064 136 819 466 62 148 78 167 287 762 6224 952
internal_value=-0.000333126 -0.0113616 -0.018319 -0.00050658 0.0210728 -3.14821e-05 4.45356e-05 0.00188434 0.00646555 -0.000669094 0.00674567 0.00946849 0.014133 -0.00920421 -0.00284058 0.0105989 0.00832611 -0.0172249 0.000976514 0.0294579 0.0124551 0.0140991 -0.00355837 0.00676392 0.0144346 0.0101591 0.00168757 -0.00152771 -0.00244917 -0.0134277
internal_weight=2177.05 56.9837 45.0315 13.5622 7.35606 2120.07 2116.59 975.219 348.475 626.744 175.064 157.75 126.415 31.3355 107.271 241.204 216.549 17.3139 94.3884 24.6557 160.677 153.226 55.8718 32.6644 16.2623 112.075 56.9672 1141.37 1019.28 105.76
internal_count=27051 803 729 257 114 26248 26079 9436 3836 5600 1581 1354 1062 292 1733 2103 1770 227 1172 333 1332 1285 438 210 197 963 454 16643 15881 7176
is_linear=0
shrinkage=0.03


Tree=234
num_leaves=31
num_cat=0
split_feature=10 33 34 4 25 56 15 2 24 2 16 23 17 17 23 24 16 31 21 21 24 23 32 16 2 3 39 26 28 35
split_gain=6.19359 8.70044 6.43137 5.93611 12.9096 7.79304 11.1796 8.86101 8.17745 7.89675 9.50633 13.687 10.9373 13.5975 13.3984 13.2206 10.8764 10.6757 10.2201 14.5631 9.73719 11.1499 12.124 9.59911 7.91912 7.79351 7.60474 7.57482 7.5156 7.31549
threshold=7.5000000000000009 202.78111889596332 208.37556923557196 6.2667375869509181 -0.95642797789208678 1.0000000180025095e-35 852.50000000000011 91.500000000000014 0.19777533308886444 167.50000000000003 641.50000000000011 0.20247494685696932 5966.5000000000009 4467.5000000000009 0.22996794871794868 0.20722186076772933 1219.5000000000002 0.052500000000000005 0.69688822491981461 -0.3896141893915625 0.19253938832252088 0.24371464487743558 0.19500000000000003 1048.5000000000002 145.50000000000003 140.50000000000003 86.000000000000014 0.72947329433276265 0.0051300000000000009 190.55169451237578
decision_type=2 2 2 2 2 2 2 2 2 2 2 2 2 2 2 2 2 2 2 2 2 2 2 2 2 2 2 2 2 2
left_child=2 3 -1 4 -2 9 7 -7 -8 10 11 17 13 20 15 -14 -16 25 19 -15 21 -12 -23 -24 -17 -6 -21 -18 -22 -13
right_child=1 -3 -4 -5 5 6 8 -9 -10 -11 12 29 14 18 16 24 27 -19 -20 26 28 22 23 -25 -26 -27 -28 -29 -30 -31
leaf_value=-0.016538381392202324 -0.019918856444849729 0.02798218453120804 0.019346069331917581 -0.00088385682152048806 -0.006669498417143589 0.036204737270977762 0.010875004990664587 0.0079768433602459554 -0.019676705778945192 0.018465302493982157 0.038300153460137119 -0.012572343262239466 -0.033525543754473676 0.045157601405690626 0.017154407152528885 0.022438537340900448 -0.014358592804400107 -0.0080556262236430483 0.056550278343262317 0.017471656716273674 0.014172411875446232 -0.029153157232477103 -0.0059576214184822113 0.035737868330462684 -0.024602636412273813 0.044409880952988576 -0.029607483729237577 0.021010732170665427 -0.0066506123632323342 0.024368130029268409
leaf_weight=32.457389891846105 21.441592822317034 9.2005217489786428 4.336402944289147 1452.1598489799071 3.3176468787714866 9.5598180410452169 11.301478130742906 238.7867642226629 21.656264754012227 19.874532641842961 12.670413266634567 109.93414500891231 21.270253267604858 6.9074891204945787 27.639639882137999 7.6855608872137946 27.874687220901251 10.612760468386112 7.0205762360710642 4.880774948745966 19.512042996007949 6.1942101677414056 8.8752836091443914 9.6214331621304137 4.1490292102098465 9.2960506123490614 5.6246727351099253 5.7901186146773389 64.253627983154729 4.1409123465418807
leaf_count=311 406 566 274 17388 103 154 75 2715 141 122 125 2411 197 69 230 100 268 205 64 44 178 82 62 70 33 95 55 53 614 29
internal_value=0.000130712 0.000341096 -0.0119092 0.000209982 0.00247754 0.00321362 0.00702446 0.00920428 -0.00918854 0.000503492 -0.000489044 -0.00675716 0.00311049 0.00824631 -0.00481137 -0.0198919 0.0035208 0.0138238 0.0282012 0.0143209 0.00402309 0.0165427 0.00432138 0.0164517 0.00531467 0.031472 -0.00811729 -0.00784469 -0.00169021 -0.0110313
internal_weight=2198.05 2161.25 36.7938 2152.05 699.892 678.45 281.304 248.347 32.9577 397.146 377.271 137.302 239.97 145.561 94.4093 33.1048 61.3044 23.2265 24.4335 17.4129 121.127 37.3613 24.6909 18.4967 11.8346 12.6137 10.5054 33.6648 83.7657 114.075
internal_count=27239 26654 585 26088 8700 8294 3085 2869 216 5209 5087 2843 2244 1363 881 330 551 403 232 168 1131 339 214 132 133 198 99 321 792 2440
is_linear=0
shrinkage=0.03


Tree=235
num_leaves=31
num_cat=0
split_feature=16 15 3 22 20 7 36 27 46 30 4 25 29 17 17 21 21 21 15 38 26 20 27 30 37 34 38 9 22 1
split_gain=7.16716 7.05737 11.0107 9.71127 8.9515 8.54318 8.00773 8.86357 7.81813 7.51137 7.29381 15.9089 9.24982 7.71192 10.5451 10.2416 17.7086 17.5079 13.6185 12.5977 11.9317 18.5222 13.4401 11.604 11.4183 11.0726 8.86493 8.81694 8.69225 9.90479
threshold=4470.5000000000009 952.50000000000011 162.50000000000003 6.6250000000000009 36.319230769230778 0.041666666666666657 0.089542499999999914 129.50000000000003 114.50000000000001 83.750000000000014 6.2667375869509181 -0.95642797789208678 0.75500000000000012 699.50000000000011 9268.5000000000018 -0.070265295633763686 -0.10617880772227219 0.40506643409314691 512.50000000000011 29.150000000000002 0.16280825711809024 57.196153846153855 124.50000000000001 84.300000000000026 53.500000000000007 164.48528355239873 30.250000000000004 0.060000000000000005 7.3750000000000009 111.64285714285715
decision_type=2 2 2 2 2 2 2 2 2 2 2 2 2 2 2 2 2 2 2 2 2 2 2 2 2 2 2 2 2 2
left_child=1 10 3 6 8 -6 -3 -8 -4 -5 11 -1 -12 15 -15 16 18 23 19 20 21 22 -13 -17 -21 -22 27 28 29 -19
right_child=-2 2 4 9 5 -7 7 -9 -10 -11 12 13 -14 14 -16 17 -18 26 -20 24 25 -23 -24 -25 -26 -27 -28 -29 -30 -31
leaf_value=-0.020801323931564496 0.022571422787964385 0.020630090002020506 -0.013686196285709256 -0.029544372560793133 -0.025145382785512496 0.011448498931489181 -0.024955328863425 0.002212463181850415 0.029416666383131812 0.011153322034624172 -0.018030525431922392 -0.021081208483850866 -0.0003315670887770055 0.009104830152453362 -0.0039953469106808652 -0.026695646919558516 0.064243812447852156 0.019753684043738135 -0.02925461564499679 -0.017668850454092343 -0.028151440466549084 0.065453792104852873 0.018479809701056938 0.0061064576742718086 0.022343838441618726 0.016673711105320201 0.022675577326058641 0.020717834624948112 0.01433819553235556 -0.017530282275783439
leaf_weight=23.148305148817599 11.906136498786507 8.6571725248359126 4.2514142077416208 31.116964726475999 10.732785928063096 10.397124811075626 18.063130041584373 24.617739632260054 15.659099270589648 4.1476532327942541 26.113239551894367 8.1159290932118875 1342.5773986084387 310.46753407292999 66.636139041045681 40.02897644136101 3.5630112481303504 6.671439131256192 9.2249253895133716 26.51771661429666 10.119128530612217 5.8803891839925191 54.87294988008216 12.286226734053342 7.4463658924214533 8.0634633526205999 15.331478742882608 12.103645787574349 13.433322214521466 42.306235665688291
leaf_count=432 121 113 47 362 67 105 176 154 170 54 843 212 16259 2764 616 760 60 323 62 342 869 78 457 197 69 42 189 75 381 835
internal_value=0.000281368 0.000148884 -0.00666685 -0.0126855 0.00603319 -0.00743543 -0.0042 -0.00959341 0.0199987 -0.0245821 0.000577373 0.00312397 -0.000682163 0.00400251 0.00678552 0.0001888 0.00612247 -0.0053998 0.00405505 0.00681316 0.0128197 0.018473 0.0131327 -0.019022 -0.00850822 -0.00843984 0.00265417 -0.00171098 -0.00631883 -0.0121581
internal_weight=2184.46 2172.55 127.643 86.6027 41.0404 21.1299 51.338 42.6809 19.9105 35.2646 2044.91 676.217 1368.69 653.069 377.104 275.965 133.804 142.161 130.241 121.016 87.0519 68.8693 62.9889 52.3152 33.9641 18.1826 89.8461 74.5146 62.411 48.9777
internal_count=27234 27113 1248 859 389 172 443 330 217 416 25865 8763 17102 8331 3380 4951 2191 2760 2131 2069 1658 747 669 957 411 911 1803 1614 1539 1158
is_linear=0
shrinkage=0.03


Tree=236
num_leaves=31
num_cat=0
split_feature=23 20 14 4 3 32 25 23 21 49 1 28 1 48 7 22 7 33 4 23 4 50 17 21 22 17 32 15 32 10
split_gain=6.73879 9.6539 10.4472 11.3092 8.48904 7.47025 9.62203 19.0229 6.80084 6.21867 6.62246 6.17021 6.16338 5.9967 7.76899 5.99174 9.42898 8.21293 12.2158 9.54534 7.88433 9.15786 8.55644 14.8907 17.3771 17.5584 16.9097 15.8846 13.2512 12.3488
threshold=0.31851119894598162 30.350000000000009 384.50000000000006 7.7834696633313873 246.50000000000003 0.20100000000000004 0.5277851165098012 0.35571377072819038 1.8765642867569292 87.500000000000014 169.35714285714286 0.0050950000000000014 186.92857142857147 69.500000000000014 -0.35833333333333323 6.291666666666667 0.10833333333333332 174.00398057010418 8.7237606564824137 0.20304626660558867 19.218033184985533 147.50000000000003 3688.5000000000005 0.6252945300313727 4.6250000000000009 4264.5000000000009 0.20300000000000004 846.50000000000011 0.21600000000000003 112.50000000000001
decision_type=2 2 2 2 2 2 2 2 2 2 2 2 2 2 2 2 2 2 2 2 2 2 2 2 2 2 2 2 2 2
left_child=4 -2 3 5 8 -3 7 11 12 -8 -11 -7 13 14 -1 16 20 18 -18 -20 22 -22 -15 24 27 26 -26 28 -24 -27
right_child=1 2 -4 -5 -6 6 9 -9 -10 10 -12 -13 -14 15 -16 -17 17 -19 19 -21 21 -23 23 -25 25 29 -28 -29 -30 -31
leaf_value=-0.010598053127193972 -0.026794271431757947 -0.012738444886204184 0.01219096384028227 -0.017797222079438037 -0.018821200161396066 0.012606695836296143 0.012690773105133984 -0.014942647689524902 0.019513774993157568 -0.035471598097752043 0.019813003875452789 0.054062967518375839 0.018303189449444039 -0.0021713387772117252 0.025564004078121209 -0.0011324302974042937 0.012782461311762083 0.020581677947623878 -0.027269692742183715 0.0014366836943269093 -0.021414807544434894 0.019847673152232383 0.036302068642612269 0.015471991265617666 -0.01692522092617979 0.017721900873564254 0.043214838570811334 -0.017080348067506329 0.0081672084396053196 -0.0106340134147981
leaf_weight=6.9376839133910861 16.542446314357221 20.83215082960669 30.279595963191241 50.199399033095688 18.981189899146557 5.8063760506920543 6.4511751807294777 8.1094028314109874 16.384405511431396 7.366527342819607 1.8323192186653612 9.3444412974640709 16.675735540688038 314.28668368584476 17.065955797675997 1103.5730679883854 72.342062683776021 38.646420013159513 13.096661781892179 39.678322368534282 25.19425063976087 5.10824079834856 23.12578392168507 85.047118639107794 5.6863300614058998 14.468241769587619 11.463437668047844 12.775933405850081 42.295527630019933 135.86357388179749
leaf_count=54 141 360 252 844 139 54 89 82 131 194 11 84 86 4594 196 14814 823 472 139 391 239 53 184 750 49 173 79 101 336 1178
internal_value=0.00017054 -0.00580096 -0.0031521 -0.0074496 0.000636905 0.00139498 0.00909146 0.0209783 0.000830915 -0.00877453 -0.0235965 0.0399396 0.000666819 0.00050805 0.0151064 0.000319992 0.00222932 0.00866401 0.00484885 -0.00606174 0.00065841 -0.0140471 0.00136995 0.00473161 0.000965941 -0.00448621 0.0234404 0.0125525 0.0185094 -0.00780591
internal_weight=2175.46 156.764 140.221 109.942 2018.7 59.7424 38.9102 23.2602 1999.72 15.65 9.19885 15.1508 1983.33 1966.66 24.0036 1942.65 839.079 163.763 125.117 52.775 675.315 30.3025 645.013 330.726 245.679 167.482 17.1498 78.1972 65.4213 150.332
internal_count=27092 2111 1970 1718 24981 874 514 220 24842 294 205 138 24711 24625 250 24375 9561 1825 1353 530 7736 292 7444 2850 2100 1479 128 621 520 1351
is_linear=0
shrinkage=0.03


Tree=237
num_leaves=31
num_cat=0
split_feature=35 22 10 8 14 3 1 40 22 40 22 44 29 18 3 34 31 25 25 25 20 40 2 1 18 25 20 34 48 3
split_gain=6.1629 8.32932 6.55983 6.27568 5.07394 5.03783 5.88676 6.83671 5.7352 6.88552 5.6202 6.56839 6.22754 9.13204 7.37441 10.6674 6.18907 5.89247 5.72409 5.58834 6.83872 6.78119 6.68051 5.48101 5.42251 6.73216 11.714 8.54682 9.42438 7.75885
threshold=220.16699776180201 7.8750000000000009 7.5000000000000009 -0.56666666666666654 248.50000000000003 252.50000000000003 183.35714285714289 4.7000000000000002 6.291666666666667 7.7000000000000002 4.1250000000000009 1.0000000180025095e-35 1.3730000000000002 69.500000000000014 177.50000000000003 141.10904169818966 0.086500000000000007 0.93540483100319627 -0.93540483100319605 0.097964660725097311 45.115384615384627 11.100000000000001 124.50000000000001 165.50000000000003 59.642857142857153 0.91037613702198772 45.711538461538474 158.06036107130726 177.50000000000003 142.50000000000003
decision_type=2 2 2 2 2 2 2 2 2 2 2 2 2 2 2 2 2 2 2 2 2 2 2 2 2 2 2 2 2 2
left_child=2 -2 3 -1 -5 6 10 -8 9 -9 11 12 13 14 15 -4 -17 18 -15 21 22 23 -21 -13 25 27 -27 -12 -29 -28
right_child=1 -3 5 4 -6 -7 7 8 -10 -11 24 19 -14 17 -16 16 -18 -19 -20 20 -22 -23 -24 -25 -26 26 29 28 -30 -31
leaf_value=0.011814879179465172 0.02219630205646881 -0.017635535334256547 -0.016912100289788824 0.0020852783861211306 -0.025929872287059959 -0.016759388491067576 -0.0042866386166347933 0.019312586511117096 0.026929408953842885 -0.0139717101829892 -0.024815697735323401 0.040907355776974838 -0.027079036567830568 -0.013303080875079139 -0.032228194174718457 -0.0021312132581360866 0.044008703202817037 -0.017553275701758218 0.020563326463272628 0.014709475579412372 0.019141943700005628 0.00010654372067417477 -0.017727289838671011 0.011729161353377518 3.2475161885737274e-05 0.032862748490269329 0.010738260900543415 0.038381136748536514 -0.019631481942321786 -0.023867530897839596
leaf_weight=6.9664835082367054 21.914621212519709 5.1499091377481809 13.757421300979336 7.7230336081702289 20.964976873947307 14.423031835816799 21.396144468337297 11.610656417906286 21.185841016471386 9.1147616356611234 28.065849045058712 13.735789127182217 6.1567970197647801 4.5340394070371977 8.2883642076048982 4.713350694626568 4.6441368921659887 4.6027416549623004 30.498583347303793 7.977865015622231 14.775046893395482 10.514016044791786 15.000192103208972 11.36326391994953 1849.7855323455296 7.1590062689501819 9.5361049604835006 3.8712794492021185 4.3159413444809616 12.387018468696622
leaf_count=63 765 93 332 63 203 93 107 54 110 48 1551 109 49 46 96 45 47 38 287 97 195 78 152 74 21594 134 432 36 54 339
internal_value=0.000289948 0.0142587 0.000109992 -0.0124742 -0.0185718 0.000325043 0.000448597 0.00938728 0.0163052 0.00470527 0.000170242 0.00573142 -0.000393388 0.0022632 -0.00965061 -0.000554189 0.0228062 0.0117078 0.0159327 0.0120945 0.00388058 0.0204583 -0.00632163 0.0286529 -0.000269726 -0.00869722 0.00205277 -0.0171445 0.00899134 -0.00900295
internal_weight=2206.13 27.0645 2179.07 35.6545 28.688 2143.41 2128.99 63.3074 41.9113 20.7254 2065.68 150.562 77.1954 71.0386 31.4033 23.1149 9.35749 39.6354 35.0326 73.3662 37.7531 35.6131 22.9781 25.0991 1915.12 65.3352 29.0821 36.2531 8.18722 21.9231
internal_count=27384 858 26526 329 266 26197 26104 319 212 102 25785 1645 940 891 520 424 92 371 333 705 444 261 249 183 24140 2546 905 1641 90 771
is_linear=0
shrinkage=0.03


end of trees

feature_importances:
time_sin=644
time_cos=420
slp_hours=407
hr_hrv_night_z=346
twin_peak_habit_2h=338
slp_deep_frac=321
twin_cs=230
cgm_min_120=214
twin_gb=210
cgm_mean_30=206
hr_hrv_60=190
twin_peak_2h=175
slp_rem_frac=172
act_steps_120=166
act_steps_today=157
cgm_std_120=145
cgm_max_120=140
cgm_slope_30=129
twin_p_meal_2h=123
act_steps_30=122
ehr_fasting_glucose_mgdl=121
twin_beta_sleep=118
ehr_age=117
ehr_waist_cm=117
meal_mins_since=115
twin_tpk=104
ehr_bmi=104
twin_end_2h=98
act_steps_60=96
ehr_egfr=96
cgm_slope_60=95
meal_carbs_180=95
ehr_systolic_bp=94
twin_walk_effect=93
hr_mean_30=87
meal_cob=81
ehr_ldl_mgdl=76
cgm_slope_15=68
twin_k=68
ehr_years_since_diagnosis=61
hr_vs_rest=60
ehr_hba1c_pct=60
ehr_triglycerides_mgdl=54
cgm_now=51
cgm_tar_120=36
meal_carbs_60=31
ehr_tcf7l2_risk_alleles=25
ehr_diet_rice=25
cgm_accel=17
ehr_dyslipidemia=5
ehr_family_history_t2d=4
ehr_med_metformin=3
ehr_med_sulfonylurea=3
ehr_med_dpp4=3
ehr_sex_male=3
ehr_hypertension=1

parameters:
[boosting: gbdt]
[objective: binary]
[metric: binary_logloss]
[tree_learner: serial]
[device_type: cpu]
[data_sample_strategy: bagging]
[data: ]
[valid: ]
[num_iterations: 600]
[learning_rate: 0.03]
[num_leaves: 31]
[num_threads: 4]
[seed: 42]
[deterministic: 0]
[force_col_wise: 0]
[force_row_wise: 0]
[histogram_pool_size: -1]
[max_depth: -1]
[min_data_in_leaf: 40]
[min_sum_hessian_in_leaf: 0.001]
[bagging_fraction: 0.8]
[pos_bagging_fraction: 1]
[neg_bagging_fraction: 1]
[bagging_freq: 1]
[bagging_seed: 400]
[bagging_by_query: 0]
[feature_fraction: 0.8]
[feature_fraction_bynode: 1]
[feature_fraction_seed: 30056]
[extra_trees: 0]
[extra_seed: 12879]
[early_stopping_round: 0]
[early_stopping_min_delta: 0]
[first_metric_only: 0]
[max_delta_step: 0]
[lambda_l1: 0]
[lambda_l2: 1]
[linear_lambda: 0]
[min_gain_to_split: 0]
[drop_rate: 0.1]
[max_drop: 50]
[skip_drop: 0.5]
[xgboost_dart_mode: 0]
[uniform_drop: 0]
[drop_seed: 17869]
[top_rate: 0.2]
[other_rate: 0.1]
[min_data_per_group: 100]
[max_cat_threshold: 32]
[cat_l2: 10]
[cat_smooth: 10]
[max_cat_to_onehot: 4]
[top_k: 20]
[monotone_constraints: ]
[monotone_constraints_method: basic]
[monotone_penalty: 0]
[feature_contri: ]
[forcedsplits_filename: ]
[refit_decay_rate: 0.9]
[cegb_tradeoff: 1]
[cegb_penalty_split: 0]
[cegb_penalty_feature_lazy: ]
[cegb_penalty_feature_coupled: ]
[path_smooth: 0]
[interaction_constraints: ]
[verbosity: -1]
[saved_feature_importance_type: 0]
[use_quantized_grad: 0]
[num_grad_quant_bins: 4]
[quant_train_renew_leaf: 0]
[stochastic_rounding: 1]
[linear_tree: 0]
[max_bin: 255]
[max_bin_by_feature: ]
[min_data_in_bin: 3]
[bin_construct_sample_cnt: 200000]
[data_random_seed: 175]
[is_enable_sparse: 1]
[enable_bundle: 1]
[use_missing: 1]
[zero_as_missing: 0]
[feature_pre_filter: 1]
[pre_partition: 0]
[two_round: 0]
[header: 0]
[label_column: ]
[weight_column: ]
[group_column: ]
[ignore_column: ]
[categorical_feature: ]
[forcedbins_filename: ]
[precise_float_parser: 0]
[parser_config_file: ]
[objective_seed: 16083]
[num_class: 1]
[is_unbalance: 0]
[scale_pos_weight: 1]
[sigmoid: 1]
[boost_from_average: 1]
[reg_sqrt: 0]
[alpha: 0.9]
[fair_c: 1]
[poisson_max_delta_step: 0.7]
[tweedie_variance_power: 1.5]
[lambdarank_truncation_level: 30]
[lambdarank_norm: 1]
[label_gain: ]
[lambdarank_position_bias_regularization: 0]
[eval_at: ]
[multi_error_top_k: 1]
[auc_mu_weights: ]
[num_machines: 1]
[local_listen_port: 12400]
[time_out: 120]
[machine_list_filename: ]
[machines: ]
[gpu_platform_id: -1]
[gpu_device_id: -1]
[gpu_device_id_list: ]
[gpu_use_dp: 0]
[num_gpu: 1]

end of parameters

pandas_categorical:[]
